id,title_ja,title_en
0,様似町 錦町ふれあい広場,Samani-cho 錦町Community Plaza
1,赤井川カルデラ温泉,赤井 RiverカルデラHot Spring
2,鶴亀温泉,鶴亀Hot Spring
3,朝里川温泉ホテル（旧かんぽの宿 小樽）,朝里 River Hot Spring Hotel（旧かんぽの宿 Otaru）
4,剣淵PA（ハイウェイオアシス）,Kenbuchi PA（Highway Oasis）
5,道の駅 新得,Roadside Station Shintoku
6,新得PA（上下）,Shintoku PA（上下）
7,道の駅 かかしの郷きょうわ,Roadside Station Kakashi no Sato Kyowa
8,道の駅 かもめ島️（仮）,Roadside Station かもめ島（仮）
9,美瑛町 鉄西公園、花人公園,Biei-cho 鉄西Park、花人Park
10,釧路市山花公園オートキャンプ場,Kushiro City山花Park Auto Campground
11,あじ福 みなみ野店,あじ福 みなみ野店
12,山花公園無料駐車場、山花温泉リフレ️,山花Park Free Parking Area、山花Hot Springリフレ
13,滝川ふれ愛の里️、滝川キャンプサイト,Waterfall Riverふれ愛 no Sato、Waterfall River Campsite
14,キトウシの森,キトウシ Forest
15,花神楽,花神楽
16,キトウシの森きとろん,キトウシ Forestきとろん
17,オートキャンプ場 フローレ,Auto Campground フローレ
18,銀婚湯,銀婚湯
19,磐石温泉 磐石山荘,磐石Hot Spring 磐石山荘
20,大滝区共同浴場ゆのさとの湯、北湯沢湯のさと館,大Waterfall区Public Bathゆのさと Hot Bath、北Yuzawa湯のさと館
21,鷹泊自然公園、鷹泊キャンプ場,鷹泊Nature Park、鷹泊Campground
22,函館山 登山道 駐車場（麓の駐車場）,Hakodate山 Hiking Trail Parking Area（麓のParking Area）
23,函館山 つつじ山駐車場,Hakodate山 つつじ山Parking Area
24,函館山 山頂駐車場,Hakodate山 Summit Parking Area
25,フェアリー・フォンテーヌ,フェアリー・フォンテーヌ
26,虎杖浜温泉ホテル（ぬくもりの湯）,虎杖Beach Hot Spring Hotel（ぬくもり Hot Bath）
27,長万部平和祈念館️、長万部町ファミリースポーツセンター,長万部平和祈念館、長万部町Family Sports Center
28,盃野営場,Sakazuki Campsite
29,乳吞（チノミ）自然公園,乳吞（チノミ）Nature Park
30,吉野公園,Yoshino Park
31,芦別温泉,Ashibetsu Hot Spring
32,妹背牛温泉ペペル,Moseushi Hot Springペペル
33,温泉ホテル オーシャン,Hot Spring Hotel Ocean
34,道の駅 あかいがわ,Roadside Station あかいがわ
35,豊富温泉 ふれあいセンター,Toyotomi Hot Spring Community Center
36,然別峡 鹿の湯（7月1日 〜 9月30日）,Shikaribetsu峡 鹿 Hot Bath（7月1日 〜 9月30日）
37,仲洞爺キャンプ場,仲洞爺Campground
38,RVパーク雪月花廊inきもべつ,RVPark雪月花廊inきもべつ
39,自遊空間 苫小牧店,自遊空間 Tomakomai店
40,道の駅 230ルスツ、ルスツふるさと公園キャンプ場,Roadside Station 230Rusutsu、Rusutsu Hometown Park Campground
41,函館港 海岸町船だまり,Hakodate Port Coast-cho船だまり
42,道の駅 サーモンパーク千歳,Roadside Station サーモンPark Chitose
43,道の駅サーモンパーク千歳,Roadside StationサーモンPark Chitose
44,天然温泉くるみの湯,Natural Hot Springくるみ Hot Bath
45,道の駅 しんしのつ、しのつ公園,Roadside Station Shinshinotsu、Shinotsu Park
46,函館市 見晴公園 北側駐車場,Hakodate City 見晴Park North Side Parking Area
47,七重浜の湯,七重Beach Hot Bath
48,"北斗市『かなでーる』駐車場（<font color=""red"">24時以降トイレ無し</font>）",北斗市『かなでーる』Parking Area（24時以降No Restroom）
49,"北斗市『北斗市商業活性化支援センター エイド’０３（<font color=""red"">トイレ不明</font>）",北斗市『北斗市商業活性化支援Center エイド’０３（Restroom不明）
50,上磯漁港緑地,上磯Fishing Port Green Space
51,ロイズ カカオ＆チョコレートタウン,ロイズ カカオ＆チョコレートタウン
52,サロマ湖 悠林館,Saroma Lake 悠林館
53,道の駅 サロマ湖,Roadside Station Saroma Lake
54,道の駅 愛ランド湧別,Roadside Station 愛Land Yubetsu
55,びらとり温泉 ゆから,びらとりHot Spring ゆから
56,旭川 高砂温泉,旭 River 高砂Hot Spring
57,ホロケナシ駐車公園,ホロケナシPark & Parking
58,若松キャンプ場（北見市自然休養村センターキャンプ場）,若松Campground（Kitami City自然休養村Center Campground）
59,恵山 つつじ公園駐車場,恵山 つつじPark Parking Area
60,西ききょう健康グランド,西ききょうHealthグLand
61,青函フェリー 函館ターミナル,青函Ferry Terminal Hakodate Terminal
62,瀬石温泉公衆トイレ,瀬石Hot Spring Public Restroom
63,伊達温泉,Date Hot Spring
64,おふろぱーく登別,おふろぱーくNoboribetsu
65,門別温泉 とねっこの湯,門別Hot Spring とねっこ Hot Bath
66,祝津公園 東側駐車場,祝津Park East Side Parking Area
67,四季彩の丘,四季彩 Hill
68,くろ牛 (くろべこ）,くろ牛 (くろべこ）
69,野付半島,野付Peninsula
70,雷電朝日温泉,雷電朝日Hot Spring
71,千望台,千望台
72,mothers よこすと食堂,mothers よこすとDiner
73,来運の水,来運 Spring Water
74,知床食堂,Shiretoko Diner
75,羊蹄の湧き水,羊蹄の湧き水
76,ごん太の湧き水,ごん太の湧き水
77,かもめ島,かもめ島
78,黄金岬,黄金Cape
79,江差市 馬坂,江差 City 馬坂
80,千望台,千望台
81,池田ワイン城,Pond田ワインCastle
82,幌見峠有料展望駐車場（夜景スポット）,幌見Pass Paid展望Parking Area（夜景Spot）
83,RIJIN HILLS BASE,RIJIN HILLS BASE
84,鷹栖パレットヒルズキャンプ場,TakasuパレットヒルズCampground
85,美瑛自然の村キャンプ場,Biei自然の村Campground
86,ナポートパーク,ナポートPark
87,浜中町 MO-TTOかぜて,Hamanaka-cho MO-TTOかぜて
88,函館市戸井ウォーターパーク キャンプ場,Hakodate City戸井ウォーターPark Campground
89,道立津別２１世紀の森キャンプ場,Prefectural Tsubetsu２１Century Forest Campground
90,北広島市自然の森キャンプ場,Kitahiroshima City自然 Forest Campground
91,（車中泊有料）三重湖公園 キャンプ場,（Car Overnight Paid）三重Lake Park Campground
92,（車中泊有料）三重緑地公園 キャンプ場,（Car Overnight Paid）三重Green Space Park Campground
93,安平町ときわキャンプ場,Abira-choときわCampground
94,レイクサイドパーク・のとろ,レイクSide Park・のとろ
95,鶴沼公園キャンプ場,鶴Marsh Park Campground
96,穂別キャンプ場,Hobetsu Campground
97,大沼野営場,Onuma Campsite
98,久種湖畔キャンプ場,久種Lakeside Campground
99,Furusato no Oka Campsite ふるさとの丘キャンプ場,Furusato no Oka Campsite Hometown Hill Campground
100,美笛キャンプ場,美笛Campground
101,白石公園はこだてオートキャンプ場,白石ParkはこだてAuto Campground
102,十勝岳望岳台,Mt. Tokachidake望岳台
103,きくよ食堂,きくよDiner
104,すみれ,すみれ
105,オーロラファームビレッジ キャンプ場️,オーロラファームVillage Campground
106,どんぐり本店,どんぐりMain Store
107,ふらのバーガー,ふらのバーガー
108,旭山動物園,旭山Zoo
109,網走刑務所,Abashiri刑務所
110,ジンギスカン白樺,ジンギスカン白樺
111,唯我独尊,唯我独尊
112,翠明橋公園の湧水,翠明橋Park Natural Spring
113,豊浦展望台,Toyoura Observation Deck
114,北海道立北方民族博物館,Hokkaido立北方民族Museum
115,大函,大函
116,小金湯さくらの森 駐車場,小金湯Sakura Forest Parking Area
117,星置公園駐車場,星置Park Parking Area
118,稚内市大沼野鳥観察館,Wakkanai City Onuma Bird Watching館
119,釧路市湿原展望台,Kushiro City Wetlands Observation Deck
120,緑ケ丘緑地,緑ケ丘Green Space
121,常盤パーキング 札幌市南区常盤の駐車帯,常盤パーKing Sapporo City南区常盤のParking Zone
122,無料駐車場とトイレ,Free Parking AreaとRestroom
123,（トイレ不明）恵庭公園駐車場,（Restroom不明）Eniwa Park Parking Area
124,博物館網走監獄,Museum Abashiri監獄
125,君が袖湧水（桂の水）,君が袖Natural Spring（桂 Spring Water）
126,監獄食堂,監獄Diner
127,きのこ王国 大滝本店,きのこ王国 大Waterfall Main Store
128,琵琶瀬展望台,琵琶瀬Observation Deck
129,浜益海浜公園 無料駐車場,Hamayasu Seaside Park Free Parking Area
130,遺跡公園,遺跡Park
131,落部公園,落部Park
132,野田生公園,野田生Park
133,知内町農村公園（無料キャンプ場）,知内町Rural Park（Free Campground）
134,北海道駒ケ岳 六合目駐車場,Hokkaido駒ケ岳 六合目Parking Area
135,十勝牧場展望台,Tokachi Ranch Observation Deck
136,上川公園,上 River Park
137,三浦綾子記念文学館駐車場,三浦綾子記念文学館Parking Area
138,錦大沼公園 駐車場,錦Onuma Park Parking Area
139,北星公園,北星Park
140,イタンキ浜,イタンキBeach
141,富士見ヶ丘公園 駐車場,Fuji見ヶ丘Park Parking Area
142,若葉公園駐車場,若葉Park Parking Area
143,潮見公園,潮見Park
144,絵鞆岬,絵鞆Cape
145,高丘第二霊園,高丘第二霊園
146,祝津公園 展望台,祝津Park Observation Deck
147,さくらの滝 駐車場,Sakura Waterfall Parking Area
148,樽前山 7合目駐車場,樽前山 7合目Parking Area
149,野幌自然公園駐車場（登満別口）,野幌Nature Park Parking Area（登満別口）
150,レルヒ記念公園,レルヒ記念Park
151,黒松内町運動公園,黒松内町Sports Park
152,名寄北インター 駐車場,Nayoro北Interchange Parking Area
153,丸山公園,丸山Park
154,ノシャップ岬駐車場（恵山泊漁港公園）,Noshappu Cape Parking Area（恵山泊Fishing Port Park）
155,稚内市 防波堤ドーム公園,Wakkanai City 防波堤ドームPark
156,開源パーキングシェルター,開源パーKingシェルター
157,豊富サロベツインター駐車場,Toyotomi Sarobetsu Interchange Parking Area
158,小平ダム公園,Obira Dam Park
159,雨竜沼湿原ゲートパーク駐車場,Uryu Marsh WetlandsゲートPark Parking Area
160,芽室公園,Memuro Park
161,希望が丘公園,希望が丘Park
162,ひじりの西公園（※公衆トイレは夜間閉鎖）,ひじりの西Park（※Public RestroomはNight Closure）
163,国縫駐車場,国縫Parking Area
164,滝川公園,Waterfall River Park
165,新城峠駐車公園,新Castle Pass Park & Parking
166,金刀比羅さくら公園,金刀比羅Sakura Park
167,おびらしべ湖駐車公園,おびらしべLake Park & Parking
168,ちろっとの森 東側駐車場,ちろっと Forest East Side Parking Area
169,美唄市営陸上競技場 公衆トイレ,美唄City-run陸上競技場 Public Restroom
170,深川西インター,深 River西Interchange
171,柏ヶ丘公園（野球場側）,柏ヶ丘Park（野球場側）
172,寿都風太公園,寿都風太Park
173,浜中運動公園 北側駐車場,Hamanaka Sports Park North Side Parking Area
174,みとみ公園,みとみPark
175,キラキラ公園駐車場,キラキラPark Parking Area
176,岩内運動公園,岩内Sports Park
177,無料駐車場と公衆トイレ,Free Parking AreaとPublic Restroom
178,"<font color=""red"">（17-翌朝9時夜間閉鎖）</font>築港臨海公園",（17-翌朝9時Night Closure）築Port Waterfront Park
179,愛冠（アイカップ）岬駐車場,愛冠（アイカップ）Cape Parking Area
180,本目海岸,本目Coast
181,鹿部公園,鹿部Park
182,札内川ダム 無料駐車場,札内 River Dam Free Parking Area
183,旭運動公園,旭Sports Park
184,川下海浜施設,River下Seaside施設
185,美曼駐車場,美曼Parking Area
186,鹿公園駐車場,鹿Park Parking Area
187,日勝峠５合目駐車場,日勝Pass５合目Parking Area
188,無料駐車場,Free Parking Area
189,アゼチの岬,アゼチのCape
190,鹿の谷 無料駐車場とトイレ,鹿の谷 Free Parking AreaとRestroom
191,山越駅前,山越Station Front
192,茂世丑公衆トイレ,茂世丑Public Restroom
193,帯広中央公園 無料P,Obihiro Central Park Free P
194,細岡展望台 駐車場,細岡Observation Deck Parking Area
195,南幌中央公園,Nanporo Central Park
196,パシクル沼駐車場,Pasikuru Marsh Parking Area
197,ふたまた駐車公園,ふたまたPark & Parking
198,小樽 かつない臨海公園,Otaru かつないWaterfront Park
199,滝の上公園,Waterfallの上Park
200,（夜間閉鎖）北郷公園駐車場,（Night Closure）北郷Park Parking Area
201,黒岩駅前,黒岩Station Front
202,遊楽部公園,遊楽部Park
203,網走刑務所の対岸,Abashiri刑務所の対岸
204,美馬牛駅前 無料駐車場,美馬牛Station Front Free Parking Area
205,コッタロ湿原展望台,コッタロWetlands Observation Deck
206,江ノ島海岸駐車場,江ノ島Coast Parking Area
207,三笠山公園 P,Mikasa山Park P
208,美瑛 ファームズ千代田前の駐車場,Biei ファームズ千代田前のParking Area
209,野花南農村公園,野花南Rural Park
210,青空公園,青空Park
211,（トイレが非常に遠い）神楽公共駐車場,（Restroomが非常に遠い）神楽Public Parking
212,上富良野 駅前の駐車場,上Furano Station Front Parking Area
213,大雪防災ステーション 大雪湖畔駐車場,大雪防災Station 大雪Lakeside Parking Area
214,毘砂別展望台,毘砂別Observation Deck
215,栗山公園,Kuriyama Park
216,十勝川公園P,Tokachi River Park P
217,無料駐車場,Free Parking Area
218,無料駐車場,Free Parking Area
219,防災ステーション,防災Station
220,上富良野 千望峠駐車場,上Furano 千望Pass Parking Area
221,熊の湯,熊 Hot Bath
222,崖下の湯,崖下 Hot Bath
223,中岳温泉,中岳Hot Spring
224,屈斜路湖畔「コタンの湯」,Lake Kussharo畔「Kotan Hot Bath」
225,然別峡 テムジンの湯,Shikaribetsu峡 Temujin Hot Bath
226,大湯沼川天然足湯 登別の天然足湯,大湯Marsh River Natural Foot Bath Noboribetsu Natural Foot Bath
227,旭ヶ丘公園キャンプ場,旭ヶ丘Park Campground
228,トムテ文化の森キャンプ場,トムテ文化 Forest Campground
229,来止臥（キトウシ）野営場,来止臥（キトウシ）Campsite
230,みどりとロックの広場,みどりとロックのPlaza
231,西神楽公園キャンプ場,西神楽Park Campground
232,本別公園キャンプ場,Honbetsu Park Campground
233,徳舜瞥山麓キャンプ場,徳舜瞥Foot of Mountain Campground
234,旭ヶ丘総合公園 キャンプ場,旭ヶ丘General Park Campground
235,幌向川ダム多目的広場,Horomunai River Dam Multi-purpose Plaza
236,浦河町オロマップキャンプ場,浦 River-cho Oromap Campground
237,知内町ファミリースポーツ広場キャンプ場,知内町Family Sports Plaza Campground
238,夷王山キャンプ場,夷王山Campground
239,我路ファミリー公園キャンプ場,我路Family Park Campground
240,長節湖キャンプ場,長節Lake Campground
241,北追岬キャンプ場（無料キャンプ場）,北追Cape Campground（Free Campground）
242,和琴半島露天風呂,和琴Peninsula Open-air Bath
243,吹上露天の湯,Fukiage露天 Hot Bath
244,道の駅 自然体感しむかっぷ,Roadside Station 自然体感しむかっぷ
245,すすきのコインパーキング車中泊＆トイレ場所まとめ,すすきのCoin Parking Car Overnight＆Restroom場所まとめ
246,鱗晃荘内 お食事処 うろこ,鱗晃荘内 お食事処 うろこ
247,（夜間はトイレ閉鎖との報告あり）別保公園駐車場,（夜間はRestroom閉鎖との報告Available）別保Park Parking Area
248,四条ホルモン,四条ホルモン
249,つつじ公園,つつじPark
250,知床斜里 天に続く道,Shiretoko Shari 天に続く道
251,勝毎花火,勝毎花火
252,なごやか亭 釧路春採店,なごやか亭 Kushiro春採店
253,ひこま豚食堂＆ファーマーズショップ,ひこま豚Diner＆ファーマーズショップ
254,鳥せい 本店,鳥せい Main Store
255,森林セラピー基地 ノンノの森,森林セラピー基地 ノンノ Forest
256,サロベツファーム,Sarobetsuファーム
257,イオン帯広,イオンObihiro
258,御崎温泉 浜の湯,御崎Hot Spring Beach Hot Bath
259,湯本温泉野営場（無料キャンプ場）,Yumoto Hot Spring Campsite（Free Campground）
260,延寿の水,延寿 Spring Water
261,曙公園キャンプ場 駐車場,曙Park Campground Parking Area
262,亀の湯,亀 Hot Bath
263,いいゆだな 稲穂店,いいゆだな 稲穂店
264,倶知安温泉 ホテルようてい,Kutchan Hot Spring Hotelようてい
265,天人峡温泉 天人閣,Tenninkyo Hot Spring 天人閣
266,雷電温泉 みうら屋温泉旅館,雷電Hot Spring みうら屋Hot Spring Inn
267,ゆうばり温泉 ユーパロの湯（旧名：夕張温泉 夕鹿の湯）,ゆうばりHot Spring ユーパロ Hot Bath（旧名：Yubari Hot Spring 夕鹿 Hot Bath）
268,東藻琴芝桜公園,東藻琴芝桜Park
269,襟裳岬,襟裳Cape
270,音更神社と音更中学校の間にある駐車場,Otofuke ShrineとOtofuke中学校の間にあるParking Area
271,道の駅 樹海ロード日高,Roadside Station 樹海Road Hidaka
272,フラノマルシェ,フラノマルシェ
273,ポプリの里の湧水,ポプリ no Sato Natural Spring
274,田村岩太郎商店,田村岩太郎商店
275,松の湯（美瑛）,松 Hot Bath（Biei）
276,美瑛伏流水,Biei伏流水
277,赤い屋根のある丘,赤い屋根のある丘
278,クリスマスツリーの木,クリスマスツリーの木
279,ケンとメリーの木,ケンとメリーの木
280,セブンスターの木,セブンスターの木
281,親子の木,親子の木
282,洋食とCafe じゅんぺい,洋食とCafe じゅんぺい
283,新栄の丘展望公園,新栄 Hill Scenic Park
284,千代田の丘見晴らし台,千代田 Hill見晴らし台
285,やき鳥 たつみ,やき鳥 たつみ
286,勝栄鮨,勝栄鮨
287,Japanese Ramen Noodle Lab Q,Japanese Ramen Noodle Lab Q
288,石崎地主海神社,石崎地主海Shrine
289,きじひき高原 展望台,きじひきHighland Observation Deck
290,あじさい 本店,あじさい Main Store
291,滋養軒,滋養軒
292,ラッキーピエロ ベイエリア本店,ラッキーピエロ ベイArea Main Store
293,ハセガワストアの焼き鳥弁当,ハセガワストアの焼き鳥弁当
294,Masala Curris,Masala Curris
295,(有料) 津軽海峡フェリー 第二駐車場（宿泊用）,(Paid) 津軽海峡Ferry Terminal 第二Parking Area（宿泊用）
296,五稜郭,五稜郭
297,城岱牧場(函館裏夜景),Castle岱Ranch(Hakodate裏夜景)
298,元祖 小いけ＆小いけ 本店,元祖 小いけ＆小いけ Main Store
299,天然湧水 銀の雫,Natural Natural Spring 銀の雫
300,ファームレストラン ウエムラ・ビヨンド,ファームRestaurant ウエムラ・ビヨンド
301,白金の青い池,白金の青いPond
302,グリーンピア大沼 キャンプ場,GreenピアOnuma Campground
303,（夏季有料）石狩浜海水浴場 (あそびーち石狩),（夏季Paid）Ishikari Beach Swimming Beach (あそびーちIshikari)
304,（※トイレはコンビニ利用）川湯第2駐車場,（※Restroomはコンビニ利用） River湯#2Parking Area
305,かなやま湖畔キャンプ場,かなやまLakeside Campground
306,美唄RVパーク,美唄RVPark
307,RVパーク 石狩FIELD,RVPark Ishikari FIELD
308,しんとつかわキャンプフィールド,しんとつかわキャンプフィールド
309,RVパーク ピリカ,RVPark ピリカ
310,うたのぼり健康回復村 ふれあいの森キャンプ場（※携帯圏外）,うたのぼりHealth回復-mura Community Forest Campground（※携帯圏外）
311,峠の湯びほろ（有料で車中泊も可能）,Pass Hot Bathびほろ（PaidでCar Overnightも可能）
312,なよろ温泉サンピラー（RVパーク なよろ温泉サンピラー）,なよろHot Springサンピラー（RVPark なよろHot Springサンピラー）
313,（駐車場500円）大湯沼,（Parking Area500円）大湯Marsh
314,みなと湯,Port湯
315,ナイタイ高原牧場,ナイタイHighland Ranch
316,富郷の名水,富郷のFamous Spring
317,富士ホテル,Fuji Hotel
318,くったり温泉レイク・イン,くったりHot Springレイク・イン
319,カルルス温泉 湯元オロフレ荘,Karurusu Hot Spring 湯元オロフレ荘
320,湯元尾岱沼温泉 シーサイドホテル,湯元尾岱Marsh Hot Spring シーSide Hotel
321,ホテル神居岩,Hotel神居岩
322,ホテル エーデルヴェルメ,Hotel エーデルヴェルメ
323,温泉ホテル つつじ荘,Hot Spring Hotel つつじ荘
324,ビラオの湯,ビラオ Hot Bath
325,サロマ湖 鶴雅リゾートワッカの湯,Saroma Lake 鶴雅Resortワッカ Hot Bath
326,癒恵の宿 一羽のすずめ（旧：湯治温泉 寿苑）,癒恵の宿 一羽のすずめ（旧：湯治Hot Spring 寿苑）
327,ハイランドふらの,ハイLandふらの
328,ニセコグランドホテル,NisekoグLand Hotel
329,登別温泉 第一滝本館,Noboribetsu Hot Spring No.1Waterfall本館
330,（移転）帯広豚丼 ぶた丼のとん田,（移転）Obihiro豚丼 ぶた丼のとん田
331,マルトマ食堂,マルトマDiner
332,味の大王 室蘭本店,味の大王 Muroran Main Store
333,植苗の湧水,植苗のNatural Spring
334,（トイレなし）丘珠空港駐車場,（No Restroom）丘珠空Port Parking Area
335,大雪山忠別湧水,Daisetsuzan忠別Natural Spring
336,御園水飲み場,御園水飲み場
337,道東道高架下,道東道高架下
338,とままえ夕陽ヶ丘オートキャンプ場,Tomamae夕陽ヶ丘Auto Campground
339,THE DANSHAKU LOUNGE,THE DANSHAKU LOUNGE
340,道の駅摩周温泉近くの湧水,Roadside Station摩周Hot Spring近くのNatural Spring
341,湧水の里 真狩豆腐工房,Natural Spring no Sato Makkari豆腐工房
342,サッポロビール博物館 スターホール、サッポロビール園,サッポロビールMuseum スターホール、サッポロビール園
343,真狩川河川公園駐車場,Makkari River River River Park Parking Area
344,利尻北麓野営場,利尻北麓Campsite
345,トムラウシ山 短縮登山口 駐車場,Tomuraushi山 短縮登Yamaguchi Parking Area
346,登別川上公園,Noboribetsu River上Park
347,羅臼神社 権現水,Rausu Shrine 権現水
348,近藤湧水,近藤Natural Spring
349,羊ヶ丘展望台,羊ヶ丘Observation Deck
350,滝川西公園駐車場,Waterfall River西Park Parking Area
351,望郷の岬公園,望郷のCape Park
352,薬膳カリィ本舗アジャンタ総本家,薬膳カリィ本舗アジャンタ総本家
353,つべつ川岸公園,つべつ River岸Park
354,"<font color=""red"">（トイレ夜間閉鎖）</font>野付半島ネイチャーセンター",（Restroom Night Closure）野付PeninsulaネイチャーCenter
355,（夜間閉鎖）オホーツク公園,（Night Closure）Okhotsk Park
356,カリフォルニアベイビー,カリフォルニアベイビー
357,岩内仙峡駐車場,岩内仙峡Parking Area
358,浦幌森林公園入り口横のパーキング,Urahoro Forest Park入り口横のパーKing
359,幌糠駐車帯,幌糠Parking Zone
360,青葉公園駐車場,青葉Park Parking Area
361,琵琶駐車公園,琵琶Park & Parking
362,朝里ダム駐車公園,朝里Dam Park & Parking
363,計呂地交通公園,計呂地交通Park
364,サロベツ原野駐車公園,Sarobetsu原野Park & Parking
365,鶴野パーキング,鶴野パーKing
366,青葉公園駐車場（陸上競技場側）,青葉Park Parking Area（陸上競技場側）
367,相泊温泉 あいどまりおんせん（無料）,相泊Hot Spring あいどまりおんせん（Free）
368,寿都浜中野営場（北海道寿都町）,寿都Hamanaka Campsite（Hokkaido寿都町）
369,うにまるキャンプ場〜NONA BASE〜,うにまるCampground〜NONA BASE〜
370,賽の河原公園キャンプ場,賽の River原Park Campground
371,北海道むかわ町穂別 農村公園駐車場,Hokkaido Mukawa-cho Hobetsu Rural Park Parking Area
372,勇払マリーナ駐車場,勇払Marina Parking Area
373,つり堀Kazu（旧石山釣り堀）の湧水,つり堀Kazu（旧石山釣り堀）のNatural Spring
374,元気の出る水,元気の出る水
375,横津の名水,横津のFamous Spring
376,十勝ヒルズ ウォータープレース,Tokachiヒルズ ウォータープレース
377,（夜間閉鎖、追い出される）川下公園,（Night Closure、追い出される） River下Park
378,北竜町ひまわりの里,Hokuryu-choひまわり no Sato
379,若松湧水,若松Natural Spring
380,"豊浦海浜公園、有料キャンプ場（※<font color=""red"">キャンプ場開設期間中は車中泊禁止️</font>）",Toyoura Seaside Park、Paid Campground（※Campground開設期間中はCar Overnight禁止）
381,オシラリカ湧水,オシラリカNatural Spring
382,北海道庁旧本庁舎,Hokkaido庁旧本庁舎
383,（夜間閉鎖）カムイ岬駐車場,（Night Closure）カムイCape Parking Area
384,十勝 すろう庵,Tokachi すろう庵
385,北の大地の水族館（山の水族館）,北の大地 Spring Water族館（山 Spring Water族館）
386,美郷不動尊の水,美郷不動尊 Spring Water
387,オホーツクグリーンパーク,Okhotsk Green Park
388,せせらぎ公園,Stream Park
389,（トイレ遠い）富良野 無料駐車場,（Restroom遠い）Furano Free Parking Area
390,標茶町農業者トレーニングセンター 摩周湖の伏流水,Shibecha-cho農業者トレーニングCenter Lake Mashuの伏流水
391,タイエー,タイエー
392,白老牛肉まつり会場,Shiraoi牛肉まつり会場
393,白い恋人パーク,白い恋人Park
394,岩見沢SA,Iwamizawa SA
395,砂川SA,砂 River SA
396,納沙布岬,納沙布Cape
397,峠のあげいも（道の駅 望羊中山）,Passのあげいも（Roadside Station 望羊中山）
398,岩松の名水,岩松のFamous Spring
399,羊蹄山の湧水,Mt. Yotei Natural Spring
400,美沢PA,美沢PA
401,旧 道の駅 足寄湖（道の駅登録廃止）,旧 Roadside Station Ashoro Lake（Roadside Station登録廃止）
402,無料駐車場とトイレ,Free Parking AreaとRestroom
403,上士幌農協前バス停前 24Hトイレ,上Shihoro農協前バス停前 24HRestroom
404,道の駅 なかがわ,Roadside Station なかがわ
405,里の森 森のゆ,里 Forest 森のゆ
406,苫小牧温泉ほのか,Tomakomai Hot Springほのか
407,登別地獄谷,Noboribetsu地獄谷
408,恵山 火口原駐車場,恵山 火口原Parking Area
409,礼文島・桃台猫台（桃岩猫岩）展望台,礼文島・桃台猫台（桃岩猫岩）Observation Deck
410,宗谷岬駐車場,宗谷Cape Parking Area
411,（夜間閉鎖）トイレ,（Night Closure）Restroom
412,銀河公園,銀 River Park
413,雄冬駐車場,雄冬Parking Area
414,かえで公園駐車場,かえでPark Parking Area
415,白ひげの滝,白ひげのWaterfall
416,北海道釧路町 村田公園,Hokkaido Kushiro-cho 村田Park
417,北海道釧路市 千代ノ浦マリンパーク,Hokkaido Kushiro City 千代ノ浦マリンPark
418,中村のとりめし,中村のとりめし
419,池田ワイン城,Pond田ワインCastle
420,大雪遊水公園,大雪遊水Park
421,常呂漁協の駐車場,常呂漁協のParking Area
422,中標津公園駐車場 中標津しるべっと広場脇の駐車場,中Shibetsu Park Parking Area 中ShibetsuしるべっとPlaza脇のParking Area
423,名寄公園,Nayoro Park
424,大通公園,大通Park
425,YUKARA AUTO CAMP（RVパークおおぬま）,YUKARA AUTO CAMP（RVParkおおぬま）
426,カムイチャシ駐車公園、大岸シーサイドキャンプ場,カムイチャシPark & Parking、大岸シーSide Campground
427,ラッキーピエロ 江差入口前,ラッキーピエロ 江差入口前
428,ぶた福,ぶた福
429,湯元花の湯,湯元花 Hot Bath
430,臼別温泉 無人露天風呂 湯とぴあ臼別,臼別Hot Spring 無人Open-air Bath 湯とぴあ臼別
431,浜松海岸駐車場,Beach松Coast Parking Area
432,愛冠（アイカップ）岬,愛冠（アイカップ）Cape
433,無人キャンプ場（無料キャンプ場）,無人Campground（Free Campground）
434,森の天然水（道の駅摩周温泉の水）,森のNatural水（Roadside Station摩周Hot Spring Spring Water）
435,道の駅 ノンキーランドひがしもこと,Roadside Station ノンキーLandひがしもこと
436,ウトロ漁協婦人部食堂,Utoro漁協婦人部Diner
437,小樽市観光駐車場,Otaru City Sightseeing Parking Area
438,ジュエリーアイス,ジュエリーアイス
439,柳町公園,柳町Park
440,宗谷岬,宗谷Cape
441,道の駅 ルート229 元和台,Roadside Station ルート229 元和台
442,花咲岬駐車場,花咲Cape Parking Area
443,"<font color=""red"">（トイレ無し）</font>倶多楽湖 駐車場",（No Restroom）倶多楽Lake Parking Area
444,常南ビーチ駐車場（トイレ夜間閉鎖）,常南Beach Parking Area（Restroom Night Closure）
445,渡島砂原・砂埼灯台,渡島砂原・砂埼灯台
446,湧情水,湧情水
447,釧路大規模運動公園,Kushiro大規模Sports Park
448,札幌市時計台,Sapporo City時計台
449,ラッキーピエロ 森町赤井川,ラッキーピエロ 森町赤井 River
450,佐藤水産サーモンファクトリー店,佐藤水産サーモンファクトリー店
451,ニューモンブラン,ニューモンブラン
452,白糠除雪ステーション,Shiranuka除雪Station
453,駅そば音威子府,駅Soba Otoineppu
454,道の駅 北前船 松前,Roadside Station 北前船 松前
455,夕日が丘パーキング,夕日が丘パーKing
456,ニッカウヰスキー 余市蒸溜所,ニッカウヰスキー Yoichi蒸溜所
457,北海道標茶町 塘路駅前広場,Hokkaido Shibecha-cho 塘路Station Front Plaza
458,末広公園,末広Park
459,北海道釧路市 米町公園,Hokkaido Kushiro City 米町Park
460,雪庭,雪庭
461,銀河・流星の滝,銀 River・流星のWaterfall
462,道の駅 オーロラタウン93りくべつ,Roadside Station オーロラタウン93りくべつ
463,ピリカの泉,ピリカの泉
464,北海道釧路市 新釧路川緑地駐車場,Hokkaido Kushiro City 新Kushiro River Green Space Parking Area
465,清水谷の水,Shimizu谷 Spring Water
466,角屋のやきそば,角屋のやきSoba
467,長万部三八飯店,長万部三八飯店
468,ファミリーすしガーデンハウス,FamilyすしGardenハウス
469,賀老の滝,賀老のWaterfall
470,恵山,恵山
471,つべつ西洋軒,つべつ西洋軒
472,越川橋梁,越 River橋梁
473,津別峠 雲海がすごい,Tsubetsu Pass 雲海がすごい
474,「プレミアホテル-CABIN-旭川」内 天然温泉大浴場「かぐらの湯」 （旭川）,「プレミアHotel-CABIN-旭 River」内 Natural Hot Spring大Bathhouse「かぐら Hot Bath」 （旭 River）
475,立ち喰いそば屋 天勇,立ち喰いSoba屋 天勇
476,ローソン名寄昭和通り店,ローソンNayoro Showa Street店
477,まりんはうす古平駐車場,まりんはうす古平Parking Area
478,ひまわり,ひまわり
479,ほろしん温泉ほたる館の裏の無料キャンプ場,ほろしんHot Springほたる館の裏のFree Campground
480,日暮山,日暮山
481,ニセコアンヌプリ,Nisekoアンヌプリ
482,標津町 川北温泉（ヒグマ出没注意）,Shibetsu-cho River北Hot Spring（ヒグマ出没注意）
483,白樺台中央公園,白樺台Central Park
484,鶴見台駐車場,鶴見台Parking Area
485,北海道釧路市 鶴ケ岱公園駐車場,Hokkaido Kushiro City 鶴ケ岱Park Parking Area
486,北海道釧路市 鳥取7号公園,Hokkaido Kushiro City Tottori7号Park
487,貝塚公園,貝塚Park
488,北海道釧路市 治水記念公園,Hokkaido Kushiro City 治水記念Park
489,北海道池田町 千代田えん堤公園,Hokkaido Pond田-cho 千代田えん堤Park
490,茅野公園駐車場,茅野Park Parking Area
491,別海鉄道記念公園駐車場,Betsukai鉄道記念Park Parking Area
492,北海道釧路市 春採公園,Hokkaido Kushiro City 春採Park
493,はんの木公園,はんの木Park
494,北海道釧路市 緑ヶ岡公園,Hokkaido Kushiro City 緑ヶ岡Park
495,"<font color=""red"">（早朝にラジオ体操あり）</font>小樽公園",（早朝にラジオ体操Available）Otaru Park
496,野付駐車場,野付Parking Area
497,輪厚PA,輪厚PA
498,浮島公園 駐車場,浮島Park Parking Area
499,国富パーキング,国富パーKing
500,文学碑公園駐車場,文学碑Park Parking Area
501,北湯沢公園駐車場,北Yuzawa Park Parking Area
502,八雲PA,八雲PA
503,有珠山SA,有珠山SA
504,タウシュベツ川橋梁,タウシュベツ River橋梁
505,しべちゃ風牧場 摩周湖からの伏流水,しべちゃ風Ranch Lake Mashuからの伏流水
506,バーベキューパーク ブロイラー,バーベキューPark ブロイラー
507,サロベツ湿原,Sarobetsu Wetlands
508,十勝平原SA,Tokachi平原SA
509,雲海ゴンドラ乗り場,雲海ゴンドラ乗り場
510,コタン駐車場,Kotan Parking Area
511,函館港 謎の駐車スペース（無料）,Hakodate Port 謎の駐車スペース（Free）
512,道の駅 あいおいの「クマヤキ」,Roadside Station あいおいの「クマヤキ」
513,モラップキャンプ場,モラップCampground
514,（トイレ無し）マル秘 車中泊スポット,（No Restroom）マル秘 Car Overnight Spot
515,かみゆうべつチューリップ公園,KamiyubetsuチューリップPark
516,オンネトー,オンネトー
517,オシンコシンの滝,オシンコシンのWaterfall
518,オコタンペ湖,オKotanペLake
519,インクラの滝,インクラのWaterfall
520,東瓜幕八幡神社横の駐車場（東瓜幕パーキング）,東瓜幕八幡Shrine横のParking Area（東瓜幕パーKing）
521,KITAKARO L,KITAKARO L
522,JRタワー展望室T38,JRタワー展望室T38
523,オスパー（宿泊可能な健康ランド）,Osupaー（宿泊可能なHealth Land）
524,湯の花 定山渓殿,湯の花 Jozankei殿
525,なごみの湯,なごみ Hot Bath
526,湯の花 朝里殿,湯の花 朝里殿
527,湯の花 手宮殿,湯の花 手宮殿
528,あしべ屯田,あしべ屯田
529,番屋の湯,番屋 Hot Bath
530,美し乃湯温泉,美し乃湯Hot Spring
531,ながぬま温泉,ながぬまHot Spring
532,ホテル パラダイスヒルズ 天然温泉くりやま,Hotel パラダイスヒルズ Natural Hot Springくりやま
533,杜のSPA神楽,杜のSPA神楽
534,鶴の湯温泉（安平町）,鶴 Hot Bath Hot Spring（Abira-cho）
535,えべおつ温泉,えべおつHot Spring
536,ゆのみの湯,ゆのみ Hot Bath
537,いわみざわ公園,いわみざわPark
538,湯らん銭 旭川店,湯らん銭 旭 River店
539,湯けむりパーク湯らん銭（苫小牧）,湯けむりPark湯らん銭（Tomakomai）
540,南郷の湯,南郷 Hot Bath
541,スーパー銭湯「湯屋サーモン」,スーパーPublic Bath「湯屋サーモン」
542,大喜湯 昭和店,大喜湯 Showa店
543,湯の花 江別殿,湯の花 Ebetsu殿
544,北のたまゆら桑園,北のたまゆら桑園
545,湯元岩見沢温泉 なごみ,湯元Iwamizawa Hot Spring なごみ
546,新琴似温泉壱乃湯,新琴似Hot Spring壱乃湯
547,苗穂駅前温泉 蔵ノ湯,苗穂Station Front Hot Spring 蔵ノ湯
548,ふみぞの湯,ふみぞ Hot Bath
549,天然温泉 やよい乃湯,Natural Hot Spring やよい乃湯
550,こうしんの湯,こうしん Hot Bath
551,森林公園温泉きよら,Forest Park Hot Springきよら
552,湯らん銭 伊達店,湯らん銭 Date店
553,宮の森 楽々温泉,宮 Forest 楽々Hot Spring
554,ココルクの湯,ココルク Hot Bath
555,新冠温泉 レ・コードの湯,Niikappu Hot Spring レ・コード Hot Bath
556,天然温泉 深川イルムの湯,Natural Hot Spring 深 Riverイルム Hot Bath
557,北のたまゆら厚別,北のたまゆら厚別
558,恵庭温泉 ラ・フォーレ,Eniwa Hot Spring ラ・フォーレ
559,千歳乃湯えん,Chitose乃湯えん
560,札幌あいの里温泉なごみ,Sapporoあい no Sato Hot Springなごみ
561,ナイベツ川湧水（名水ふれあい公園）,ナイベツ River Natural Spring（Famous Spring Community Park）
562,函館乃木温泉なごみ,Hakodate乃木Hot Springなごみ
563,すすきの天然温泉 湯香郷,すすきのNatural Hot Spring 湯香郷
564,樽前SA,樽前SA
565,金山PA,金山PA
566,豊平川雁来河川健康公園,豊平 River雁来 River River Health Park
567,天塩町バス待合所,Teshio-choバス待合所
568,宮の森公園 パークゴルフ場,宮 Forest Park Parkゴルフ場
569,小向農村公園,小向Rural Park
570,虹別オートキャンプ場,虹別Auto Campground
571,"<font color=""red""></font>ポロピナイ湖畔駐車場",ポロピナイLakeside Parking Area
572,"<font color=""red"">（夜間トイレなし）</font>環境省温根内ビジターセンター駐車場",（夜間No Restroom）環境省温根内ビジターCenter Parking Area
573,ニセコ自然水,Niseko自然水
574,まあぶ公園キャンプ場,まあぶPark Campground
575,嶺雲橋,嶺雲橋
576,旭川高砂台 万葉の湯,旭 River高砂台 Manyo Hot Bath
577,ふとみ銘泉 万葉の湯（宿泊可能な健康ランド）,ふとみ銘泉 Manyo Hot Bath（宿泊可能なHealth Land）
578,亀甲蔵井戸（田中酒造の仕込み水）,亀甲蔵井戸（田中酒造の仕込み水）
579,道の駅 みそぎの郷 きこない,Roadside Station みそぎ no Sato きこない
580,サウナコタンサッポロ,サウナKotanサッポロ
581,湯処 花ゆづき,湯処 花ゆづき
582,ていね温泉 ほのか,ていねHot Spring ほのか
583,（宿泊可能な健康ランド）湯の郷絢ほのか,（宿泊可能なHealth Land）湯 no Sato絢ほのか
584,木林の湯,木林 Hot Bath
585,（宿泊可能な健康ランド）モエレ天然温泉たまゆらの杜,（宿泊可能なHealth Land）モエレNatural Hot Springたまゆら Grove
586,湯処ほのか,湯処ほのか
587,小金湯温泉 湯元 小金湯,小金湯Hot Spring 湯元 小金湯
588,岩見沢温泉ほのか,Iwamizawa Hot Springほのか
589,羅臼オートキャンプ場,Rausu Auto Campground
590,"宗谷岬公園駐車場 宗谷岬展望台 駐車場（※<font color=""red"">トイレが夜間閉鎖</font>）",宗谷Cape Park Parking Area 宗谷Cape Observation Deck Parking Area（※RestroomがNight Closure）
591,"船着き広場駐車場（<font color=""red"">トイレ無し</font>）",船着きPlaza Parking Area（No Restroom）
592,ファーム富田,ファーム富田
593,えにわ温泉 ほのか,えにわHot Spring ほのか
594,由仁温泉ユンニの湯,Yuni Hot Springユンニ Hot Bath
595,北のたまゆら東苗穂,北のたまゆら東苗穂
596,梅ヶ台の水,梅ヶ台 Spring Water
597,小樽運河,Otaru運 River
598,野幌PA,野幌PA
599,北菓楼砂川ハイウェイオアシス館店,北菓楼砂 River Highway Oasis館店
600,東藻琴芝桜公園の銀嶺水,東藻琴芝桜Parkの銀嶺水
601,恵山,恵山
602,ニセコ・神仙沼駐車場,Niseko・神仙Marsh Parking Area
603,泉屋,泉屋
604,定山渓,Jozankei
605,馬追の名水,馬追のFamous Spring
606,天狗山（北海道三大夜景）,天狗山（Hokkaido三大夜景）
607,パノラマロード江花 北２１号線道路,パノラマRoad江花 北２１号線道路
608,藻岩山の夜景（北海道三大夜景）,藻岩山の夜景（Hokkaido三大夜景）
609,積丹町サクラマス・サンクチュアリーセンター,積丹町サクラマス・サンクチュアリーCenter
610,菜々兵衛,菜々兵衛
611,MEN-EIJI HIRAGISHI BASE (麺eiji 平岸ベース),MEN-EIJI HIRAGISHI BASE (麺eiji 平岸Base)
612,ミルトコッペ,ミルトコッペ
613,メディスンマン,メディスンマン
614,有楽町,有楽-cho
615,めしやきらく,めしやきらく
616,三笠緑地,Mikasa Green Space
617,格安レンタサイクル「えきチャリ」,Budgetレンタサイクル「えきチャリ」
618,（非推奨）定山渓二見公園,（非推奨）Jozankei二見Park
619,豊浦町噴火湾展望公園,Toyoura-cho噴火湾Scenic Park
620,ベベルイの湧き水,ベベルイの湧き水
621,原始の泉,原始の泉
622,揚子江,揚子江
623,石狩ふれあいの杜公園,Ishikari Community Grove Park
624,道の駅 マオイの丘公園,Roadside Station マオイ Hill Park
625,東七条緑地（駐車場閉鎖の可能性あり）,東七条Green Space（Parking Area閉鎖の可能性Available）
626,幌無意漁港,幌無意Fishing Port
627,弁慶岬,弁慶Cape
628,茶志内PA,茶志内PA
629,ポロピナイ食堂,ポロピナイDiner
630,開陽台展望台,開陽台Observation Deck
631,トイレ無し 後志利別川河口駐車場,No Restroom 後志利別 River River口Parking Area
632,うろこ亭,うろこ亭
633,新得そばの館,Shintoku Sobaの館
634,アンビウォーター（島松の水）,アンビウォーター（島松 Spring Water）
635,知床峠,Shiretoko Pass
636,知床五湖,Shiretoko五Lake
637,高橋まんじゅう屋,高橋まんじゅう屋
638,銀泉台の湧水,銀泉台のNatural Spring
639,大雪山（赤岳、銀泉台）,Daisetsuzan（赤岳、銀泉台）
640,大雪山（黒岳）,Daisetsuzan（黒岳）
641,シゲちゃんランド,シゲちゃんLand
642,大沼国定公園,Onuma国定Park
643,カレーショップ インデアン まちなか店,カレーショップ インデアン まちなか店
644,ジンギスカン白樺＆六花亭 富良野店,ジンギスカン白樺＆六花亭 Furano店
645,帯広競馬場 ばんえい競馬,Obihiro競馬場 ばんえい競馬
646,摩周湖の伏流水,Lake Mashuの伏流水
647,層雲峡（流星・銀河の滝）,Sounkyo（流星・銀 River Waterfall）
648,双子のサクラ,双子のサクラ
649,川湯温泉駅の水,River湯Hot Spring駅 Spring Water
650,千歳（青葉公園）,Chitose（青葉Park）
651,神威岬,神威Cape
652,毛無山展望所（小樽の夜景）,毛無山展望所（Otaruの夜景）
653,トマム雲海テラス,トマム雲海Terrace
654,千望峠,千望Pass
655,三国峠,三国Pass
656,地球岬,地球Cape
657,なぎさ,なぎさ
658,島武意海岸,島武意Coast
659,名寄市営となみが丘霊園,Nayoro City-runとなみが丘霊園
660,菅野温泉,菅野Hot Spring
661,柿崎商店,柿崎商店
662,朝日堂,朝日堂
663,北斗市匠の森公園,北斗市匠 Forest Park
664,神の子池,神の子Pond
665,シラフラ 滝瀬海岸,シラフラ Waterfall瀬Coast
666,道道664号沿いの森の中,道道664号沿い Forestの中
667,チミケップ湖キャンプ場 駐車場,チミケップLake Campground Parking Area
668,丸駒温泉旅館,丸駒Hot Spring Inn
669,湯元凌雲閣,湯元凌雲閣
670,新生公園 周辺のコインパーキング,新生Park Nearby Coin Parking
671,夫婦山霊水,夫婦山霊水
672,常呂神社龍神の水,常呂Shrine Ryujin Spring Water
673,まるます,まるます
674,夷王山旧レスハウス駐車場,夷王山旧レスハウスParking Area
675,雨竜沼湿原,Uryu Marsh Wetlands
676,（有料キャンプ場）美幌みどりの村森林公園キャンプ場,（Paid Campground）Bihoroみどりの村Forest Park Campground
677,帯広地方卸売市場,Obihiro地方卸売Market
678,十勝岳（白銀荘周辺）,Mt. Tokachidake（Shirogane-so周辺）
679,十勝岳（安政火口）,Mt. Tokachidake（安政火口）
680,なると 本店,なると Main Store
681,道の駅 マリーンアイランド岡島,Roadside Station マリーンIsland岡島
682,紋別コムケ国際キャンプ場,Monbetsuコムケ国際Campground
683,尾岱沼ふれあいキャンプ場️（車中泊有料）,尾岱Marsh Community Campground（Car Overnight Paid）
684,道の駅 なとわ・えさん,Roadside Station なとわ・えさん
685,道の駅 みついし,Roadside Station みついし
686,道の駅 ピンネシリ,Roadside Station ピンネシリ
687,道の駅 さるふつ公園,Roadside Station Sarufutsu Park
688,クッチャロ湖畔キャンプ場️,Kutcharo Lakeside Campground
689,道の駅 てっくいランド大成,Roadside Station てっくいLand大成
690,けんぶち絵本の里 家族旅行村 キャンプ場️、桜岡公園,Kenbuchi Storybook Village Family Vacation Village Campground、Sakura Hill Park
691,アポイ山麓ファミリーパークキャンプ場（車中泊も有料）,Apoi Foot of Mountain Family Park Campground（Car Overnight Paid）
692,道の駅 しほろ温泉,Roadside Station Shihoro Hot Spring
693,エルム高原 家族旅行村キャンプ場,Elm Highland Family Vacation Village Campground
694,然別湖畔公園駐車場️,Shikaribetsu Lakeside Park Parking Area
695,長万部公園キャンプ場（車中泊有料）,長万部Park Campground（Car Overnight Paid）
696,札幌トラックステーション,SapporoトラックStation
697,道の駅 サラブレッドロード新冠,Roadside Station サラブレッドRoad Niikappu
698,無料駐車場とトイレ,Free Parking AreaとRestroom
699,厚岸漁業協同組合 直売店「エーウロコ」,Akkeshi漁業協同組合 直売店「エーウロコ」
700,やきとり一平 輪西店,やきとり一平 輪西店
701,清瀧不動尊の御神水,清瀧不動尊の御神水
702,祝津公園展望台,祝津Park Observation Deck
703,測量山展望台,測量山Observation Deck
704,味の大王総本店,味の大王総Main Store
705,ホタルの北限,ホタルの北限
706,支笏湖（支笏湖温泉）,Lake Shikotsu（Lake Shikotsu Hot Spring）
707,不動尊の霊水,不動尊の霊水
708,緑の島,緑の島
709,豊平峡ダム 駐車場,Hoheikyo Dam Parking Area
710,稚内市大沼球場,Wakkanai City Onuma球場
711,つるいキャンプ場,つるいCampground
712,森森ヘルシー広場,森森ヘルシーPlaza
713,野幌総合運動公園,野幌総合Sports Park
714,ナウマン公園 道の駅忠類の裏,ナウマンPark Roadside Station Churuiの裏
715,厚岸水鳥観察館,Akkeshi水鳥観察館
716,白老 桜ヶ丘公園の野球場隣駐車場,Shiraoi 桜ヶ丘Parkの野球場隣Parking Area
717,ダム公園,Dam Park
718,笹流ダム前庭広場,笹流Dam前庭Plaza
719,鶴岡公園,Tsuruoka Park
720,木古内町 ふるさとの森公園,木古内-cho Hometown Forest Park
721,木古内町立 佐女川農村公園,木古内町立 佐女 River Rural Park
722,昭和公園 南側駐車場,Showa Park South Side Parking Area
723,ポロト湖 インフォメーションセンター,ポロトLake インフォメーションCenter
724,有島記念公園,有島記念Park
725,卯原内サンゴ草群落地,卯原内サンゴ草群落地
726,朝日ケ丘総合都市公園,朝日ケ丘総合都市Park
727,あやめ公園,あやめPark
728,函館市民の森 無料駐車場,Hakodate City民 Forest Free Parking Area
729,中島公園,中島Park
730,八郎沼公園,八郎Marsh Park
731,あかまつ公園,あかまつPark
732,道の駅 よってけ！島牧,Roadside Station よってけ！島牧
733,だるま本店,だるまMain Store
734,稚内回転寿司 花いちもんめ,Wakkanai回転寿司 花いちもんめ
735,藻岩山の湧水,藻岩山のNatural Spring
736,すみれ 中の島本店,すみれ 中の島Main Store
737,麺屋 彩未,麺屋 彩未
738,ハセガワストア 藤城店,ハセガワストア 藤Castle店
739,回転寿し トリトン 三輪店,回転寿し トリトン 三輪店
740,根室花まる 根室本店,根室花まる 根室Main Store
741,逆川公園駐車場,逆 River Park Parking Area
742,松前公園（北海道）,松前Park（Hokkaido）
743,静内二十間道路桜並木（北海道）,静内二十間道路桜並木（Hokkaido）
744,彩香の里ラベンダー園,彩香 no Satoラベンダー園
745,快活CLUB 釧路木場店,Kaikatsu CLUB Kushiro木場店
746,快活CLUB 札幌清田店,Kaikatsu CLUB Sapporo清田店
747,快活CLUB 札幌環状通東店,Kaikatsu CLUB Sapporo環状通東店
748,快活CLUB 札幌西岡店,Kaikatsu CLUB Sapporo西岡店
749,快活CLUB 旭川大町店,Kaikatsu CLUB 旭 River大町店
750,どりあん,どりあん
751,道の駅 みなとま&#12316;れ寿都,Roadside Station Portま&#12316;れ寿都
752,愛山湧水,愛山Natural Spring
753,美留和の水,美留和 Spring Water
754,樽前の湧水,樽前のNatural Spring
755,瀬戸瀬薬師山の湧水,瀬戸瀬薬師山のNatural Spring
756,道の駅 香りの里たきのうえ,Roadside Station 香り no Satoたきのうえ
757,不老の冷泉,不老の冷泉
758,定山渓駐車帯,Jozankei Parking Zone
759,積丹岳の伏流水,積丹岳の伏流水
760,暑寒山麓の伏流水,Shokan Foot of Mountainの伏流水
761,母恋めし,母恋めし
762,大雪山 旭岳,Daisetsuzan 旭岳
763,道道江別恵庭線駐車帯,道道Ebetsu Eniwa線Parking Zone
764,桂沢湖 無料P,桂沢Lake Free P
765,別海町新酪農村展望台,Betsukai-cho新酪Rural Observation Deck
766,祝津公園,祝津Park
767,ニングルテラス,ニングルTerrace
768,黒鷲岬公衆トイレ駐車場,黒鷲Cape Public Restroom Parking Area
769,北海道立宗谷ふれあい公園,Hokkaido立宗谷Community Park
770,緑ヶ丘公園駐車場,緑ヶ丘Park Parking Area
771,神楽岡公園,神楽岡Park
772,白老親水公園,Shiraoi Waterfront Park
773,函館山（北海道三大夜景）,Hakodate山（Hokkaido三大夜景）
774,車中泊スポット,Car Overnight Spot
775,美深町 菊丘公園,Bifuka-cho 菊丘Park
776,長命水,長命水
777,釧路湿原国立公園細岡展望台,Kushiro Wetlands国立Park細岡Observation Deck
778,日本一の水,日本一 Spring Water
779,大雪湖レイクサイト,大雪Lakeレイクサイト
780,道の駅 上ノ国もんじゅ,Roadside Station 上ノ国もんじゅ
781,占冠PA,Shimukappu PA
782,キウスPA,キウスPA
783,無料駐車場とトイレ,Free Parking AreaとRestroom
784,ピカタの森アイス工房,ピカタ Forestアイス工房
785,豊滝除雪ステーション,豊Waterfall除雪Station
786,道の駅 つどーるプラザ・さわら,Roadside Station つどーるPlaza・さわら
787,愛の泉,愛の泉
788,奥美利河温泉 山の家,奥美利 River Hot Spring 山の家
789,森町地域活性化広場,森町地域活性化Plaza
790,幌延町公園P,Horonobe-cho Park P
791,幌延野球場の駐車場,Horonobe野球場のParking Area
792,美瑛「ジェットコースターの路」,Biei「ジェットコースターの路」
793,塩ホルモン きくちゃん,塩ホルモン きくちゃん
794,五稜郭公園,五稜郭Park
795,公衆トイレと駐車スペース,Public Restroomと駐車スペース
796,宗谷ふれあい公園キャンプ場,宗谷Community Park Campground
797,知床自然センター,Shiretoko自然Center
798,ココカピウ,ココカピウ
799,寿司のまつくら,寿司のまつくら
800,北のどんぶり屋 滝波食堂,北のどんぶり屋 Waterfall波Diner
801,釧ちゃん食堂,釧ちゃんDiner
802,港寿し,Port寿し
803,ドラゴンウォーター,ドラゴンウォーター
804,かに屋 めし屋 大八,かに屋 めし屋 大八
805,なんぽろリバーサイド公園（河川敷）,なんぽろリバーSide Park（ River River敷）
806,イカリカイ駐車場（無料キャンプ場）,イカリカイParking Area（Free Campground）
807,ムラカミヤ,ムラカミヤ
808,お食事処 みさき,お食事処 みさき
809,下沼湧水,下Marsh Natural Spring
810,五味温泉炭酸水,五味Hot Spring炭酸水
811,豊富温泉 ふれあいセンターのレストラン,Toyotomi Hot Spring Community Center Restaurant
812,標茶温泉 オーロラファームビレッジ,Shibecha Hot Spring オーロラファームVillage
813,ユートピア和楽園 知内温泉旅館,ユートピア和楽園 知内Hot Spring Inn
814,二股ラヂウム温泉旅館,二股ラヂウムHot Spring Inn
815,フロンティアフラヌイ温泉,フロンティアフラヌイHot Spring
816,ヌプントムラウシ温泉,ヌプンTomuraushi Hot Spring
817,帯広温泉 アサヒ湯,Obihiro Hot Spring アサヒ湯
818,和琴温泉 三香温泉,和琴Hot Spring 三香Hot Spring
819,浜頓別町公衆浴場滝の湯,Beach頓別町公衆Bathhouse Waterfall Hot Bath
820,といの水,とい Spring Water
821,能登の水,能登 Spring Water
822,登別駅 車中泊スポット,Noboribetsu駅 Car Overnight Spot
823,留萌駅立喰そば,Rumoi駅立喰Soba
824,休暇村支笏湖,休暇村Lake Shikotsu
825,摩周の霧水,摩周の霧水
826,無料駐車場と公衆トイレ,Free Parking AreaとPublic Restroom
827,ピジョン館,ピジョン館
828,西かぐら ほたる名水,西かぐら ほたるFamous Spring
829,上南部水神宮,上南部水神宮
830,生姜ラーメン みづの,生姜Ramen みづの
831,蜂屋 五条創業店,蜂屋 五条創業店
832,旭川らぅめん青葉 本店,旭 Riverらぅめん青葉 Main Store
833,高砂酒造の仕込み水,高砂酒造の仕込み水
834,嵐山展望台,嵐山Observation Deck
835,柴田商店（阿部商店 のいかめし駅弁）,柴田商店（阿部商店 のいかめし駅弁）
836,阿寒湖,Akan Lake
837,くまげら,くまげら
838,山岡家 苫小牧船見店,山岡家 Tomakomai船見店
839,伏見台公園駐車場,伏見台Park Parking Area
840,由仁PA,Yuni PA
841,ふくだメロン,ふくだメロン
842,ピッツェリア・ダ・マッシモ,ピッツェリア・ダ・マッシモ
843,黒松内銘水,黒松内銘水
844,ヤクモ飲料の水,ヤクモ飲料 Spring Water
845,富良野チーズ工房のピザ,Furanoチーズ工房のピザ
846,北勝水産 直売店,北勝水産 直売店
847,ぜるぶの丘,ぜるぶ Hill
848,昭和新山熊牧場,Showa新山熊Ranch
849,甘露水,甘露水
850,共和町老古美の駐車帯,共和町老古美のParking Zone
851,和琴温泉和琴公衆浴場,和琴Hot Spring和琴公衆Bathhouse
852,水無海浜温泉,水無Seaside Hot Spring
853,ふるさとの湯,Hometown Hot Bath
854,長流枝PA,長流枝PA
855,ふれあいプラザ浴場,Community Plaza Bathhouse
856,花沢温泉,花沢Hot Spring
857,六花亭本店,六花亭Main Store
858,（入場料500円）五郎の石の家,（入場料500円）五郎の石の家
859,無料駐車場とトイレ,Free Parking AreaとRestroom
860,無料駐車場と公衆トイレ,Free Parking AreaとPublic Restroom
861,無料駐車場と公衆トイレ,Free Parking AreaとPublic Restroom
862,無料駐車場と公衆トイレ,Free Parking AreaとPublic Restroom
863,ホロホロの恵,ホロホロの恵
864,無料駐車場とトイレ,Free Parking AreaとRestroom
865,無料駐車場とトイレ,Free Parking AreaとRestroom
866,しびの岬公園駐車場,しびのCape Park Parking Area
867,汐吹パーキングエリア,汐吹パーKing Area
868,重内神社前無料駐車場,重内Shrine前Free Parking Area
869,公園駐車場,Park Parking Area
870,かもめ島駐車場,かもめ島Parking Area
871,喜茂別公園駐車場,Kimobetsu Park Parking Area
872,仁頃はっか公園駐車場,仁頃はっかPark Parking Area
873,カムイコタン 神居古潭,カムイKotan 神居古潭
874,道の駅鹿追,Roadside Station Shikaoi
875,美唄 中央公園駐車場,美唄 Central Park Parking Area
876,層雲峡 銀河の滝・流星の滝 駐車場,Sounkyo 銀 River Waterfall・流星のWaterfall Parking Area
877,狩勝高原園地（秋冬トイレ閉鎖）,Karikachi Highland Recreation Area（秋冬Restroom閉鎖）
878,マクンベツ湿原,マクンベツWetlands
879,花川南公園,花 River南Park
880,小公園,小Park
881,蘭越町せせらぎ公園,蘭越町Stream Park
882,サロマ湖 ワッカネイチャーセンター,Saroma Lake ワッカネイチャーCenter
883,丸瀬布森林公園いこいの森,丸瀬布Forest Parkいこい Forest
884,太陽の丘えんがる公園,太陽 HillえんがるPark
885,ノシャップ公園,Noshappu Park
886,さっぽろ湖第一展望台,さっぽろLake No.1Observation Deck
887,夕張無料駐車場,Yubari Free Parking Area
888,能取岬,能取Cape
889,戸外炉峠駐車公園,戸外炉Pass Park & Parking
890,青葉公園,青葉Park
891,開発局駐車場,開発局Parking Area
892,二股駐車公園,二股Park & Parking
893,佐呂間町永代橋の駐車場,Saroma-cho永代橋のParking Area
894,美利河ダム駐車場,美利 River Dam Parking Area
895,訓子府大橋駐車場,Kunneppu大橋Parking Area
896,はやぶさ公園駐車場,はやぶさPark Parking Area
897,道央栗沢工業団地公園,道央栗沢工業団地Park
898,能取駐車場,能取Parking Area
899,豊岡見晴し台駐車公園,豊岡見晴し台Park & Parking
900,サラブレッド銀座駐車公園,サラブレッド銀座Park & Parking
901,せたな町太田の駐車場,せたな町太田のParking Area
902,三愛の丘展望公園,三愛 Hill Scenic Park
903,白老漁港駐車場,Shiraoi Fishing Port Parking Area
904,オロフレ峠 展望駐車場 オロフレ岳登山口駐車場,オロフレPass 展望Parking Area オロフレ岳登Yamaguchi Parking Area
905,美沢駐車公園,美沢Park & Parking
906,ラルマナイの滝駐車公園,ラルマナイのWaterfall Park & Parking
907,十勝岳爆発記念碑駐車公園,Mt. Tokachidake爆発記念碑Park & Parking
908,セタカムイ道路防災祈念広場,セタカムイ道路防災祈念Plaza
909,西長沼ポケットパーク,西NaganumaポケットPark
910,白鳥湾展望台,白鳥湾Observation Deck
911,麺屋 高橋,麺屋 高橋
912,無料駐車場とトイレ,Free Parking AreaとRestroom
913,三段滝公園駐車場 無料駐車場とトイレ,三段Waterfall Park Parking Area Free Parking AreaとRestroom
914,久保田牧場チーズ研究所ミルクパーラー,久保田Ranchチーズ研究所ミルクパーラー
915,ニセコ高橋牧場 MANDRIANO、ニセコ高橋牧場レストランPRATIVO,Niseko高橋Ranch MANDRIANO、Niseko高橋Ranch Restaurant PRATIVO
916,そば処 らいうん,Soba処 らいうん
917,まん作,まん作
918,いずみ食堂,いずみDiner
919,イエロー （soup curry yellow）,イエロー （soup curry yellow）
920,Soup Curry & Dining Suage+,Soup Curry & Dining Suage+
921,ルー &スープカレーBONANZA,ルー &スープカレーBONANZA
922,ガラク,ガラク
923,成吉思汗 大黒屋 5丁目支店,成吉思汗 大黒屋 5丁目支店
924,松尾ジンギスカン 本店,松尾ジンギスカン Main Store
925,味どころ三三五五,味どころ三三五五
926,中国料理 布袋 本店,中国料理 布袋 Main Store
927,道の駅 あいおい,Roadside Station あいおい
928,"<font color=""red""></font>中川町森林公園キャンプ場",中 River-cho Forest Park Campground
929,（夜間閉鎖、出入り不可）ゆめの森公園,（Night Closure、出入り不可）ゆめ Forest Park
930,ノベルサ 地下1Fにきれいなトイレ,ノベルサ 地下1FにきれいなRestroom
931,ゴールデンビーチるもい,ゴールデンBeachるもい
932,コタン共同浴場,Kotan Public Bath
933,山口緑地,Yamaguchi Green Space
934,帯広豚丼ぱんちょう,Obihiro豚丼ぱんちょう
935,母子里クリスタルパーク,母子里クリスタルPark
936,道の駅るもい ニシン親子弁当（むさし家）,Roadside Stationるもい ニシン親子弁当（むさし家）
937,富良野 高橋農園,Furano 高橋農園
938,道の駅くろまつない のピザ,Roadside Stationくろまつない のピザ
939,レストラン シェルブルー,Restaurant シェルブルー
940,苫小牧 海の駅ぷらっとみなと市場（海鮮 みなと食堂）,Tomakomai Sea 駅ぷらっとPort Market（海鮮 Port Diner）
941,トイレ,Restroom
942,中札内の道路脇,中札内の道路脇
943,元祖大沼だんご 沼の家,元祖Onumaだんご Marshの家
944,（有料キャンプ場）曽我森林公園（東啓園）,（Paid Campground）曽我Forest Park（東啓園）
945,小舟,小舟
946,レストランみやもと,Restaurantみやもと
947,Bay Lounge Coffee,Bay Lounge Coffee
948,道の駅 しりうち,Roadside Station しりうち
949,新宝来軒,新宝来軒
950,厚岸味覚ターミナル コンキリエ（旧：厚岸グルメパーク）,Akkeshi味覚Terminal コンキリエ（旧：AkkeshiグルメPark）
951,セセキ温泉,セセキHot Spring
952,オロフレ峠,オロフレPass
953,短角王国 守人,短角王国 守人
954,樺太食堂,樺太Diner
955,漁師の店,漁師の店
956,らーめん佳,らーめん佳
957,ランプの宿 森つべつ,ランプの宿 森つべつ
958,（駐車場500円）硫黄山（アトサヌプリ）,（Parking Area500円）硫黄山（アトサヌプリ）
959,ウポポイ（民族共生象徴空間）,ウポポイ（民族共生象徴空間）
960,シハチ鮮魚店北24条店,シハチ鮮魚店北24条店
961,大雪高原山荘,大雪Highland山荘
962,蘭越町交流促進センター 雪秩父,蘭越町Community促進Center 雪秩父
963,函館高温源泉 湯の箱 こみち（旧函館健康センター 湯都里),Hakodate高温源泉 湯の箱 こみち（旧Hakodate Health Center 湯都里)
964,竹山高原温泉,竹山Highland Hot Spring
965,月美の宿 紅葉音,月美の宿 紅葉音
966,蘭越町交流促進センター 幽泉閣,蘭越町Community促進Center 幽泉閣
967,京極温泉,Kyogoku Hot Spring
968,札内ガーデン温泉,札内Garden Hot Spring
969,幌加温泉・湯元鹿の谷,幌加Hot Spring・湯元鹿の谷
970,川下公園 リラックスプラザ,River下Park リラックスPlaza
971,端野温泉 のんたの湯,端野Hot Spring のんた Hot Bath
972,ホテル日の出岬,Hotel Sunrise Cape
973,グリーンパークつるい,Green Parkつるい
974,当麻ヘルシーシャトー,Toumaヘルシーシャトー
975,かもえない竜神温泉,かもえない竜神Hot Spring
976,シララ姫の湯 ニャー助のホテルん（旧 温泉旅館北都）,シララ姫 Hot Bath ニャー助のHotelん（旧 Hot Spring Inn北都）
977,糠平温泉 中村屋,Nukabira Hot Spring 中村屋
978,むろらん温泉ゆらら,むろらんHot Springゆらら
979,ヤムワッカナイ温泉 港のゆ,ヤムワッカナイHot Spring Portのゆ
980,ピパの湯 ゆ〜りん館,ピパ Hot Bath ゆ〜りん館
981,えんべつ旭温泉,えんべつ旭Hot Spring
982,東前温泉しんわの湯,東前Hot Springしんわ Hot Bath
983,ホテル マルエー温泉,Hotel マルエーHot Spring
984,くつろぎ湯処 紋太の湯,くつろぎ湯処 紋太 Hot Bath
985,利尻ふれあい温泉,利尻Community Hot Spring
986,寿都温泉 ゆべつのゆ,寿都Hot Spring ゆべつのゆ
987,ホテル摩周,Hotel摩周
988,田中旅館,田中旅館
989,オーベルジュましけ,オーベルジュましけ
990,駒ヶ峯温泉ちゃっぷ林館,駒ヶ峯Hot Springちゃっぷ林館
991,まっかり温泉,まっかりHot Spring
992,礼文島温泉うすゆきの湯,礼文島Hot Springうすゆき Hot Bath
993,おけと勝山温泉 ゆうゆ,おけと勝山Hot Spring ゆうゆ
994,ニセコ駅前温泉綺羅乃湯,Niseko Station Front Hot Spring綺羅乃湯
995,てしお温泉夕映,てしおHot Spring夕映
996,層雲峡 黒岳の湯,Sounkyo 黒岳 Hot Bath
997,天然温泉豊浦しおさい,Natural Hot Spring Toyouraしおさい
998,盃温泉 潮香荘,Sakazuki Hot Spring 潮香荘
999,健康ハウス木野温泉,Healthハウス木野Hot Spring
1000,稚内温泉童夢,Wakkanai Hot Spring童夢
1001,標津川温泉ぷるけの館ホテル川畑,Shibetsu River Hot Springぷるけの館Hotel River畑
1002,黒松内温泉ぶなの森,黒松内Hot Springぶな Forest
1003,天然温泉 サンサンの湯,Natural Hot Spring サンサン Hot Bath
1004,ますやパン 「麦音」,ますやパン 「麦音」
1005,函館公園,Hakodate Park
1006,ホテル士別 inn 翠月,Hotel Shibetsu inn 翠月
1007,湯の沢温泉 森の四季,湯の沢Hot Spring 森の四季
1008,花の湯温泉,花 Hot Bath Hot Spring
1009,温泉ホテル八雲遊楽亭,Hot Spring Hotel八雲遊楽亭
1010,古平町温泉保養センター しおかぜ,古平町Hot Spring Recreation Center しおかぜ
1011,こぶしの湯あつま,こぶし Hot Bathあつま
1012,樹海温泉 ほべつ,樹海Hot Spring ほべつ
1013,ホテルニュー幸林,Hotelニュー幸林
1014,別海町交流センター 郊楽苑,Betsukai-cho Community Center 郊楽苑
1015,大盛湯,大盛湯
1016,喜楽湯（札幌）,喜楽湯（Sapporo）
1017,鶴の湯,鶴 Hot Bath
1018,桜成浴場センター,桜成Bathhouse Center
1019,ときわ湯（網走）,ときわ湯（Abashiri）
1020,神仏湯温泉 銭湯,神仏湯Hot Spring Public Bath
1021,冨士乃湯,冨士乃湯
1022,大照湯,大照湯
1023,上砂川岳温泉パンケの湯,上砂 River岳Hot Springパンケ Hot Bath
1024,北美原温泉,北美原Hot Spring
1025,登別温泉 夢元さぎり湯,Noboribetsu Hot Spring 夢元さぎり湯
1026,鹿追町トリムセンター,Shikaoi-choトリムCenter
1027,岩尾温泉 あったま～る,岩尾Hot Spring あったま～る
1028,安平町ぬくもりの湯（ぬくもりセンター）,Abira-choぬくもり Hot Bath（ぬくもりCenter）
1029,大喜湯 春採店,大喜湯 春採店
1030,新得町営浴場 駅前温泉,Shintoku Town-run Bathhouse Station Front Hot Spring
1031,喜楽湯（厚岸）,喜楽湯（Akkeshi）
1032,余市川温泉 宇宙の湯,Yoichi River Hot Spring 宇宙 Hot Bath
1033,緑湯（稚内）,緑湯（Wakkanai）
1034,川沿湯,River沿湯
1035,自由ヶ丘温泉,自由ヶ丘Hot Spring
1036,北のたまゆら江別,北のたまゆらEbetsu
1037,たぬきの里 家族風呂温泉,たぬき no Sato 家族風呂Hot Spring
1038,公衆浴場くすのき,公衆Bathhouseくすのき
1039,花園温泉,花園Hot Spring
1040,オベリベリ温泉 水光園,オベリベリHot Spring 水光園
1041,かなやま湖保養センター,かなやまLake Recreation Center
1042,ほろしん温泉ほたる館,ほろしんHot Springほたる館
1043,よいち観光温泉,よいちSightseeing Hot Spring
1044,長万部温泉ホテル️,長万部Hot Spring Hotel
1045,南かやべ保養センター ホテル 函館ひろめ荘,南かやべRecreation Center Hotel Hakodateひろめ荘
1046,七飯町健康センター「アップル温泉」,七飯町Health Center「アップルHot Spring」
1047,ニセコ黄金温泉,Niseko黄金Hot Spring
1048,ウトロ温泉 夕陽台の湯,Utoro Hot Spring 夕陽台 Hot Bath
1049,福祉の里温泉,福祉 no Sato Hot Spring
1050,川湯公衆浴場 湯吉,River湯公衆Bathhouse 湯吉
1051,天然温泉 ホテル鳳乃舞音更,Natural Hot Spring Hotel鳳乃舞Otofuke
1052,ワイス温泉,ワイスHot Spring
1053,滝の湯センター 夢風泉,Waterfall Hot Bath Center 夢風泉
1054,今金町交流促進センター あったからんど,今金町Community促進Center あったからんど
1055,霧多布温泉 ゆうゆ,霧多布Hot Spring ゆうゆ
1056,虎杖浜温泉 アヨロ,虎杖Beach Hot Spring アヨロ
1057,あすなろ交流館ぷらっと,Asunaro Community館ぷらっと
1058,北見湯元 のつけ乃湯,Kitami湯元 のつけ乃湯
1059,めまんべつ温泉美肌の湯,めまんべつHot Spring美肌 Hot Bath
1060,クローバーハウス西春別温泉,クローバーハウス西春別Hot Spring
1061,天然鉱石風呂 しらぬかの湯,Natural鉱石風呂 しらぬか Hot Bath
1062,津別町 公衆浴場,Tsubetsu-cho 公衆Bathhouse
1063,清水町役場 町営公衆浴場,Shimizu-cho役場 Town-run公衆Bathhouse
1064,緑の湯,緑 Hot Bath
1065,昭和温泉（函館）,Showa Hot Spring（Hakodate）
1066,谷地頭温泉,谷地頭Hot Spring
1067,神威脇温泉,神威脇Hot Spring
1068,幌延町老人福祉センター,Horonobe-cho老人福祉Center
1069,北斗市健康センター せせらぎ温泉,北斗市Health Center Stream Hot Spring
1070,とまべつ憩いの湯ちゃっぷ,とまべつ憩い Hot Bathちゃっぷ
1071,厚沢部町 上里ふれあい交流センター,厚沢部-cho 上里Community Community Center
1072,はこだて恵山ホテル恵風 とどぽっくる,はこだて恵山Hotel恵風 とどぽっくる
1073,吉岡温泉 ゆとらぎ館,吉岡Hot Spring ゆとらぎ館
1074,訓子府町温泉保養センター,Kunneppu-cho Hot Spring Recreation Center
1075,ふれあい湯遊館,Community湯遊館
1076,湯ノ岱温泉 上ノ国町国民温泉保養センター,湯ノ岱Hot Spring 上ノ国町国民Hot Spring Recreation Center
1077,こもれび温泉,こもれびHot Spring
1078,（有料キャンプ場）紅櫻アウトドアガーデン,（Paid Campground）紅櫻アウトドアGarden
1079,繁次郎温泉,繁次郎Hot Spring
1080,留寿都(ルスツ)温泉,Rusutsu(Rusutsu)Hot Spring
1081,大樹町大樹公衆浴場,Taiki-cho Taiki公衆Bathhouse
1082,白金温泉 美瑛町国民保養センター,白金Hot Spring Biei-cho国民Recreation Center
1083,えべつRVパーク,えべつRVPark
1084,新千歳空港温泉,新Chitose空Port Hot Spring
1085,釧路河岸駐車場（釧路河畔駐車場）,Kushiro River岸Parking Area（Kushiro River畔Parking Area）
1086,厚別、スーパーの駐車場,厚別、スーパーのParking Area
1087,朱鞠内湖畔キャンプ場,朱鞠内Lakeside Campground
1088,北見市 おんねゆ温泉️ つつじ公園 キャンプ場,Kitami City おんねゆHot Spring つつじPark Campground
1089,厚岸町 筑紫恋キャンプ場️,Akkeshi-cho 筑紫恋Campground
1090,浜中町 きりたっぷ岬キャンプ場,Hamanaka-cho きりたっぷCape Campground
1091,道の駅 だて歴史の杜,Roadside Station だて歴史 Grove
1092,道と川の駅 花ロードえにわ（道の駅）（RVパーク利用者専用温水シャワー）,道と Riverの駅 花Roadえにわ（Roadside Station）（RVPark利用者専用温水シャワー）
1093,明治公園,明治Park
1094,厚真町 浜厚真海浜公園️,Atsuma-cho Beach Atsuma Seaside Park
1095,道の駅 うらほろ、うらほろ森林公園、有料キャンプ場️,Roadside Station うらほろ、うらほろForest Park、Paid Campground
1096,道の駅 ウトナイ湖,Roadside Station ウトナイLake
1097,道の駅 うとろ・シリエトク,Roadside Station うとろ・シリエトク
1098,道の駅 おんねゆ温泉️,Roadside Station おんねゆHot Spring
1099,滝の湯ふれあいの里,Waterfall Hot Bath Community no Sato
1100,道の駅 びえい「丘のくら」,Roadside Station びえい「丘のくら」
1101,道の駅 知床・らうす,Roadside Station Shiretoko・らうす
1102,オシンコシンの滝駐車場,オシンコシンのWaterfall Parking Area
1103,知床峠駐車場,Shiretoko Pass Parking Area
1104,岩見沢市 北村中央公園 ふれあい広場,Iwamizawa City Kitamura Central Park Community Plaza
1105,道の駅 みたら室蘭,Roadside Station Mitara Muroran
1106,道の駅 むかわ四季の館️,Roadside Station Mukawa Four Seasons Lodge
1107,道の駅 厚岸グルメパーク,Roadside Station AkkeshiグルメPark
1108,道の駅 ひがしかわ道草館,Roadside Station ひがしかわ道草館
1109,道の駅 ライスランドふかがわ,Roadside Station ライスLandふかがわ
1110,道の駅 くろまつない,Roadside Station くろまつない
1111,道の駅 メルヘンの丘めまんべつ,Roadside Station メルヘン Hillめまんべつ
1112,道の駅 しゃり,Roadside Station しゃり
1113,森林公園びふかアイランド,Forest Park Bifuka Island
1114,道の駅 森と湖の里ほろかない,Roadside Station Forest & Lake no Sato Horokanai
1115,増毛町 暑寒海浜キャンプ場,Mashike-cho Shokan Seaside Campground
1116,層雲峡駐車場,Sounkyo Parking Area
1117,羅臼温泉️野営場,Rausu Hot Spring Campsite
1118,女満別湖畔公園キャンプ場,Memanbetsu Lakeside Park Campground
1119,標津町 しべつ「海の公園」オートキャンプ場️,Shibetsu-cho Shibetsu「Sea Park」Auto Campground
1120,豊頃町 茂岩山自然公園,Toyokoro-cho Mt. Moiwa Nature Park
1121,登別市 カルルス温泉️駐車場,Noboribetsu City Karurusu Hot Spring Parking Area
1122,斜里町 国設知床野営場（ウトロのキャンプ場）,Shari-cho National Shiretoko Campsite（Utoro Campground）
1123,とうまスポーツランド駐車場,Touma Sports Land Parking Area
1124,はぼろサンセットビーチ（無料キャンプ場）,HaboroサンセットBeach（Free Campground）
1125,道の駅 びえい「白金ビルケ」,Roadside Station びえい「白金ビルケ」
1126,岩尾内湖白樺キャンプ場,岩尾内Lake白樺Campground
1127,ウスタイベ千畳岩キャンプ場,ウスタイベ千畳岩Campground
1128,士別市 つくも水郷公園キャンプ場,Shibetsu City つくもRiver Town Park Campground
1129,金比羅公園キャンプ場,金比羅Park Campground
1130,道の駅 南ふらの,Roadside Station 南ふらの
1131,幌延町 ふるさとの森 森林公園,Horonobe-cho Hometown Forest Forest Park
1132,道の駅 なかさつない,Roadside Station なかさつない
1133,道の駅 たきかわ,Roadside Station たきかわ
1134,道の駅 かみしほろ,Roadside Station かみShihoro
1135,道の駅 コスモール大樹,Roadside Station コスモールTaiki
1136,道の駅 おうむ,Roadside Station おうむ
1137,道の駅 あさひかわ,Roadside Station あさひかわ
1138,道の駅 石狩 あいろーど厚田,Roadside Station Ishikari あいろーど厚田
1139,富良野市 山部自然公園 太陽の里,Furano City 山部Nature Park 太陽 no Sato
1140,上芦別公園,上Ashibetsu Park
1141,みなくるビーチ、遠別川河川公園キャンプ場️（キャンプは有料）,みなくるBeach、遠別 River River River Park Campground（キャンプはPaid）
1142,道の駅 るもい（留萌市 船場公園）,Roadside Station るもい（Rumoi City 船場Park）
1143,旭川市 神楽岡公園、神楽岡公園少年キャンプ村,旭 River City 神楽岡Park、神楽岡Park少年キャンプ-mura
1144,旭川市 西神楽公園キャンプ場,旭 River City 西神楽Park Campground
1145,道の駅 えんべつ富士見,Roadside Station えんべつFuji見
1146,道の駅 てしお,Roadside Station てしお
1147,道の駅 絵本の里けんぶち,Roadside Station Storybook Village Kenbuchi
1148,道の駅 ロマン街道しょさんべつ、みさき台公園無料キャンプ場️,Roadside Station Roman Highway Shosanbetsu、Misakidai Park Free Campground
1149,道の駅 おこっぺ,Roadside Station Okoppe
1150,西興部村 にしおこっぺ森林公園 キャンプ場️,Nishiokoppe-mura Nishiokoppe Forest Park Campground
1151,道の駅 羊のまち 侍・しべつ（第2駐車場：あすなろ公共駐車場）,Roadside Station Sheep Town Samurai・Shibetsu（#2Parking Area：Asunaro Public Parking）
1152,道の駅 三笠,Roadside Station Mikasa
1153,道の駅 鐘のなるまち・ちっぷべつ,Roadside Station Bell Town・Chippubetsu
1154,道の駅 ガーデンスパ十勝川温泉️,Roadside Station Garden Spa Tokachi River Hot Spring
1155,小樽温泉️ オスパ（車中泊公認）,Otaru Hot Spring Osupa（Car Overnight Certified）
1156,道の駅 しかおい,Roadside Station Shikaoi
1157,道の駅 オホーツク紋別,Roadside Station Okhotsk Monbetsu
1158,道の駅 にしおこっぺ花夢,Roadside Station Nishiokoppe花夢
1159,道の駅 スタープラザ芦別,Roadside Station スターPlaza Ashibetsu
1160,道の駅 ハウスヤルビ奈井江,Roadside Station ハウスヤルビ奈井江
1161,道の駅 うりまく,Roadside Station うりまく
1162,道の駅 うたしないチロルの湯,Roadside Station Utashinai Tyrol Hot Bath
1163,道の駅 北オホーツクはまとんべつ️,Roadside Station North Okhotsk Hamatombetsu
1164,道の駅 忠類,Roadside Station Churui
1165,雄武町 日の出岬キャンプ場️（格安キャンプ場）,Omu-cho Sunrise Cape Campground（Budget Campground）
1166,天塩町 鏡沼海浜公園キャンプ場️,Teshio-cho Mirror Marsh Seaside Park Campground
1167,道の駅 ほっと️はぼろ,Roadside Station Hotto Haboro
1168,道の駅 サンフラワー北竜,Roadside Station Sunflower Hokuryu
1169,糠平源泉郷️、ひがし大雪自然館、足湯公園,Nukabira Hot Spring Village、East Daisetsu Nature Center、Foot Bath Park
1170,豊富温泉 無料駐車場、湯の杜ぽっけ,Toyotomi Hot Spring Free Parking Area、Hot Spring Grove Pokke
1171,道の駅 風Wとままえ,Roadside Station Wind WTomamae
1172,晩成温泉️・晩成温泉キャンプ場（車中泊有料）,Bansei Hot Spring・Bansei Hot Spring Campground（Car Overnight Paid）
1173,狩勝高原キャンプ場,Karikachi Highland Campground
1174,石狩市 浜益駐車公園、浜益温泉️ 石狩市浜益保養センター️,Ishikari City Hamayasu Park & Parking、Hamayasu Hot Spring Ishikari City Hamayasu Recreation Center
1175,吹上温泉 白銀荘駐車場（車中泊500円）、吹上ふれあいキャンプ場️,Fukiage Hot Spring Shirogane-so Parking Area（Car Overnight500円）、Fukiage Community Campground
1176,美国漁港海岸緑地広場,美国Fishing Port Coast Green Space Plaza
1177,羊蹄山自然公園、真狩キャンプ場,Mt. Yotei Nature Park、Makkari Campground
1178,北斗市 きじひき高原キャンプ場,北斗 City きじひきHighland Campground
1179,道の駅 いわない,Roadside Station いわない
1180,道の駅 ふるびら たらこミュージアム,Roadside Station ふるびら たらこミュージアム
1181,道の駅 オスコイ！かもえない,Roadside Station オスコイ！かもえない
1182,道の駅 とうや湖,Roadside Station とうやLake
1183,道の駅 縄文ロマン 南かやべ,Roadside Station 縄文ロマン 南かやべ
1184,南茅部河川公園キャンプ場（無料キャンプ場）,Minamiayabe River River Park Campground（Free Campground）
1185,道の駅 なないろ・ななえ,Roadside Station なないろ・ななえ
1186,道の駅 そうべつ情報館i,Roadside Station そうべつ情報館i
1187,道の駅 スペースアップルよいち,Roadside Station スペースアップルよいち
1188,道の駅 あぷた,Roadside Station あぷた
1189,道の駅 ニセコビュープラザ,Roadside Station NisekoビューPlaza
1190,道の駅 とようら,Roadside Station とようら
1191,道の駅 YOU・遊・もり,Roadside Station YOU・遊・もり
1192,道の駅 しかべ間歇泉公園,Roadside Station Shikabe Geyser Park
1193,盃温泉️無料駐車場,Sakazuki Hot Spring Free Parking Area
1194,道の駅 まるせっぷ,Roadside Station まるせっぷ
1195,だんパラ公園、室蘭キャンプ＆パークだんパラ,だんパラPark、Muroranキャンプ＆Parkだんパラ
1196,稚内市ポートサービスセンター,Wakkanai CityポートサービスCenter
1197,船長の家（北見市）,船長の家（Kitami City）
1198,カムイワッカ湯の滝,カムイワッカ湯のWaterfall
1199,厚沢部キャンプ場レクの森（無料キャンプ場）,厚沢部Campgroundレク Forest（Free Campground）
1200,半月湖野営場（無料キャンプ場）,半月Lake Campsite（Free Campground）
1201,有珠山噴火記念公園駐車場,有珠山噴火記念Park Parking Area
1202,洞爺湖 無料駐車場,Lake Toya Free Parking Area
1203,北欧の風 道の駅 とうべつ,北欧の風 Roadside Station とうべつ
1204,道の駅 あっさぶ（無料キャンプ場隣接）,Roadside Station あっさぶ（Free Campground隣接）
1205,道の駅 らんこし・ふるさとの丘,Roadside Station らんこし・Hometown Hill
1206,洞爺湖 噴水広場,Lake Toya 噴水Plaza
1207,浮見堂駐車場,浮見堂Parking Area
1208,三ノ原アカダモトイレ,三ノ原アカダモRestroom
1209,洞爺湖園地（西側）,Lake Toya Recreation Area（West Side）
1210,洞爺湖園地（東側）,Lake Toya Recreation Area（East Side）
1211,道の駅 ２７５（にーななごー）つきがた、皆楽公園キャンプ場,Roadside Station ２７５（にーななごー）つきがた、皆楽Park Campground
1212,道の駅 真狩フラワーセンター,Roadside Station MakkariフラワーCenter
1213,函館 立待岬 駐車場,Hakodate 立待Cape Parking Area
1214,道の駅 名水の郷きょうごく、ふきだし公園湧水口駐車場,Roadside Station Famous Spring no Sato Kyogoku、ふきだしPark Natural Spring口Parking Area
1215,本別公園 静山キャンプ村,Honbetsu Park 静山キャンプ-mura
1216,キムアネップ岬キャンプ場（無料キャンプ場）,キムアネップCape Campground（Free Campground）
1217,道の駅 摩周温泉,Roadside Station 摩周Hot Spring
1218,道の駅 ステラほんべつ,Roadside Station ステラほんべつ
1219,釧路町森林公園,Kushiro-cho Forest Park
1220,道の駅 あしょろ銀河ホール,Roadside Station あしょろ銀 Riverホール
1221,道の駅 ピア21しほろ,Roadside Station ピア21Shihoro
1222,道の駅 遠軽 森のオホーツク,Roadside Station Engaru 森のOkhotsk
1223,道の駅 望羊中山,Roadside Station 望羊中山
1224,本別公園 南側駐車場（交通公園）,Honbetsu Park South Side Parking Area（交通Park）
1225,道の駅 しらたき,Roadside Station しらたき
1226,道の駅 ぐるっとパノラマ美幌峠,Roadside Station ぐるっとパノラマBihoro Pass
1227,砂川ハイウェイオアシス、北海道子どもの国 駐車場（砂川ハイウェイオアシス 下道用駐車場）,砂 River Highway Oasis、Hokkaido子どもの国 Parking Area（砂 River Highway Oasis 下道用Parking Area）
1228,茶内パーキングエリア 酪農展望台,茶内パーKing Area 酪農Observation Deck
1229,くしろ記念公園（鳥取10号公園）西側駐車場,くしろ記念Park（Tottori10号Park）West Side Parking Area
1230,北海道釧路市 昭和中央公園,Hokkaido Kushiro City Showa Central Park
1231,厚岸望洋台,Akkeshi望洋台
1232,道の駅 パパスランドさっつる,Roadside Station パパスLand Satsuru
1233,水郷公園 駐車場（弟子屈町）,River Town Park Parking Area（Teshikaga-cho）
1234,道の駅 阿寒丹頂の里,Roadside Station Akan Tancho no Sato
1235,白滝高原キャンプ場（有料、車中泊公認）,Shirataki Highland Campground（Paid、Car Overnight Certified）
1236,緑駅 駅前無料駐車場,緑駅 Station Front Free Parking Area
1237,日の出公園オートキャンプ場,Sunrise Park Auto Campground
1238,稚内森林公園キャンプ場（無料キャンプ場）,Wakkanai Forest Park Campground（Free Campground）
1239,江丹別若者の郷グリーンパークキャンプ場,江丹別若者 no Sato Green Park Campground
1240,道の駅 わっかない,Roadside Station わっかない
1241,道の駅 もち米の里なよろ,Roadside Station もち米 no Satoなよろ
1242,道の駅 おびら鰊番屋,Roadside Station おびら鰊番屋
1243,然別峡キャンプ場,Shikaribetsu峡Campground
1244,羽幌フェリーターミナル,Haboro Ferry Terminal Terminal
1245,嵐山展望台駐車場,嵐山Observation Deck Parking Area
1246,旭川市21世紀の森キャンプ場（2020年から有料化）,旭 River City21st Century Forest Campground（2020年からPaid化）
1247,つつじが丘霊園,つつじが丘霊園
1248,トムラウシ野営場（有料キャンプ場）,Tomuraushi Campsite（Paid Campground）
1249,サホロ湖 サホロダム駐車場 無料駐車場とトイレ,サホロLake サホロDam Parking Area Free Parking AreaとRestroom
1250,桜公園パーキング,桜ParkパーKing
1251,塩狩パーク,塩狩Park
1252,田島公園キャンプ場（無料キャンプ場）,田島Park Campground（Free Campground）
1253,サホロ湖キャンプ場 無料キャンプ場,サホロLake Campground Free Campground
1254,道の駅 とうま,Roadside Station Touma
1255,中島公園（恵庭市）,中島Park（Eniwa City）
1256,いこいの森公園（浦臼町）,いこい Forest Park（浦臼町）
1257,宮の台展望台駐車場,宮の台Observation Deck Parking Area
1258,ほろかない湖公園キャンプ場,Horokanai Lake Park Campground
1259,十勝ダムキャンプ場（無料キャンプ場）,Tokachi Dam Campground（Free Campground）
1260,三笠山キャンプ場,Mikasa山Campground
1261,旭山公園駐車場,旭山Park Parking Area
1262,砂川オアシスパーク,砂 RiverオアシスPark
1263,忠和公園 東側駐車場（トイレかなり遠い）,忠和Park East Side Parking Area（Restroomかなり遠い）
1264,美瑛 美馬牛小学校前の駐車場,Biei 美馬牛小学校前のParking Area
1265,トムラウシ温泉駐車場,Tomuraushi Hot Spring Parking Area
1266,鈴蘭公園 北東駐車場,鈴蘭Park 北東Parking Area
1267,鈴蘭公園 南西駐車場,鈴蘭Park 南西Parking Area
1268,当丸展望台,当丸Observation Deck
1269,平和の滝 駐車場,平和のWaterfall Parking Area
1270,日高町営富川球場（丘のトイレ）,Hidaka Town-run富 River球場（丘のRestroom）
1271,浜厚真野原公園駐車場,Beach Atsuma野原Park Parking Area
1272,BREWERY1876（旧：札幌開拓使麦酒 賣捌所）,BREWERY1876（旧：Sapporo開拓使麦酒 賣捌所）
1273,食事処 白帆,食事処 白帆
1274,養老牛温泉 だいいち,養老牛Hot Spring だいいち
1275,なよろ健康の森,なよろHealth Forest
1276,（トイレ夜間閉鎖）紅葉山南公園,（Restroom Night Closure）紅葉山南Park
1277,道の駅 フォーレスト276大滝,Roadside Station フォーレスト276大Waterfall
1278,一路食堂,一路Diner
1279,発寒西陵公園駐車場,発寒西陵Park Parking Area
1280,（シャワーのあるお店）セイコーマート苫小牧沼ノ端TS店,（シャワーのあるお店）セイコーマートTomakomai Marshノ端TS店
1281,（閉店）レースイの湯,（閉店）レースイ Hot Bath
1282,さっぽろジンギスカン 本店,さっぽろジンギスカン Main Store
1283,夕張駅前の駐車スペース,Yubari Station Frontの駐車スペース
1284,道の駅 あびらD51ステーション,Roadside Station あびらD51Station
1285,朝日公園キャンプ場,朝日Park Campground
1286,道の駅 夕張メロード,Roadside Station YubariメRoad
1287,本別湯,Honbetsu湯
1288,上浦幌PA,上Urahoro PA
1289,ニセコ薬師温泉,Niseko薬師Hot Spring
1290,泉の湯,泉 Hot Bath
1291,洞爺サンパレス,洞爺サンパレス
1292,札幌小金湯さくらRVパーク,Sapporo小金湯Sakura RVPark
1293,RVパーク知床清里町ウエネウサルみどり,RVPark Shiretoko Kiyosato-choウエネウサルみどり
1294,トラピスト大修道院,トラピスト大修道院
1295,五島軒本店 レストラン雪河亭(せっかてい),五島軒Main Store Restaurant雪 River亭(せっかてい)
1296,温根湯温泉 大江本家,温根湯Hot Spring 大江本家
1297,北広島温泉 美肌の湯 楓楓,Kitahiroshima Hot Spring 美肌 Hot Bath 楓楓
1298,湧駒荘,湧駒荘
1299,天然温泉「はこだて大森の湯」,Natural Hot Spring「はこだて大森 Hot Bath」
1300,糠平館 観光ホテル,Nukabira館 Sightseeing Hotel
1301,トムラウシ温泉 東大雪荘,Tomuraushi Hot Spring 東大雪荘
1302,ホテルグローバルビュー釧路（旧：ホテルパコ釧路）,HotelグローバルビューKushiro（旧：HotelパコKushiro）
1303,岬の湯 しゃこたん,Cape Hot Bath しゃこたん
1304,秘境知床の宿 地の涯,秘境Shiretokoの宿 地の涯
1305,ニセコ五色温泉旅館,Niseko Goshiki Hot Spring Inn
1306,（宿泊可能な健康ランド）つきさむ温泉,（宿泊可能なHealth Land）つきさむHot Spring
1307,豊平峡温泉,Hoheikyo Hot Spring
1308,ホテル網走湖荘,Hotel Abashiri Lake荘
1309,天然温泉 万華の湯（富良野）,Natural Hot Spring 万華 Hot Bath（Furano）
1310,旭川 カムイの杜公園キャンプ場,旭 River カムイ Grove Park Campground
1311,豊浦噴火湾PA,Toyoura噴火湾PA
1312,甘露泉水,甘露泉水
1313,音江PA,音江PA
1314,静狩PA,静狩PA
1315,道の駅 さらべつ,Roadside Station さらべつ
1316,道の駅 シェルプラザ・港,Roadside Station シェルPlaza・Port
1317,道の駅 横綱の里ふくしま,Roadside Station 横綱 no Satoふくしま
1318,道の駅 江差,Roadside Station 江差
1319,萩野PA,萩野PA
1320,比布大雪PA,Pippu大雪PA
1321,富浦PA,富浦PA
1322,本輪西PA 下りのみ,本輪西PA 下りのみ
1323,（有料キャンプ場）高岡オートキャンプ場,（Paid Campground）高岡Auto Campground
1324,岩内オートキャンプ場マリンビュー（展望台あり）,岩内Auto Campgroundマリンビュー（Observation Deck Available）
1325,開陽台展望台,開陽台Observation Deck
1326,銀泉台,銀泉台
1327,賀老高原キャンプ場,賀老Highland Campground
1328,裏摩周展望台駐車場,裏摩周Observation Deck Parking Area
1329,美幌峠,Bihoro Pass
1330,神の子池 駐車場,神の子Pond Parking Area
1331,知床峠駐車場,Shiretoko Pass Parking Area
1332,琵琶瀬展望台,琵琶瀬Observation Deck
1333,然別湖,Shikaribetsu Lake
1334,津別峠 展望施設,Tsubetsu Pass 展望施設
1335,（有料キャンプ場）札内川園地・キャンプ場,（Paid Campground）札内 River Recreation Area・Campground
1336,旭岳登山口駐車場,旭岳登Yamaguchi Parking Area
1337,日勝峠展望台,日勝Pass Observation Deck
1338,摩周湖第三展望台,Lake Mashu第三Observation Deck
1339,摩周湖第一展望台,Lake Mashu No.1Observation Deck
1340,大雪アンガス牧場,大雪アンガスRanch
1341,多和平展望台（キャンプ有料）,多和平Observation Deck（キャンプPaid）
1342,初山別天文台脇駐車場,初山別天文台脇Parking Area
1343,函岳山頂駐車場,函岳Summit Parking Area
1344,ハイランド小清水725,ハイLand Koshimizu725
1345,ニセコ神仙沼駐車場,Niseko神仙Marsh Parking Area
1346,オンネトー展望台,オンネトーObservation Deck
1347,りくべつ宇宙地球科学館（銀河の森天文台）,りくべつ宇宙地球科学館（銀 River Forest天文台）
1348,アポイ樹木園,Apoi樹木園
1349,大沼公園 南駐車場,Onuma Park 南Parking Area
1350,はこだてグリーンプラザ 公衆トイレ 周辺のコインパーキング,はこだてGreen Plaza Public Restroom Nearby Coin Parking
1351,啄木小公園,啄木小Park
1352,函館駅周辺のトイレとコインパーキング,Hakodate駅Nearby RestroomとCoin Parking
1353,根崎公園,根崎Park
1354,函館 空港緑地 志海苔ふれあい広場,Hakodate 空Port Green Space 志海苔Community Plaza
1355,（傾斜あり）四稜郭駐車場,（傾斜Available）四稜郭Parking Area
1356,西大沼チェーン脱着場,西Onumaチェーン脱着場
1357,長万部町役場 駐車場,長万部町役場 Parking Area
1358,札幌市 里塚霊園（墓地）,Sapporo City 里塚霊園（墓地）
1359,前田森林公園,前田Forest Park
1360,ニセコ大橋駐車帯,Niseko大橋Parking Zone
1361,倶知安町 半月湖畔自然公園,Kutchan-cho 半月Lakeside Nature Park
1362,倶知安町 旭ヶ丘総合公園 わんぱく広場,Kutchan-cho 旭ヶ丘General Park わんぱくPlaza
1363,室蘭市 輪西駅前広場,Muroran City 輪西Station Front Plaza
1364,ポロトミンタラ（白老駅北観光商業ゾーン）,ポロトミンタラ（Shiraoi駅北Sightseeing商業ゾーン）
1365,苫小牧市 緑ヶ丘公園 北側駐車場,Tomakomai City 緑ヶ丘Park North Side Parking Area
1366,緑ケ丘公園展望台,緑ケ丘Park Observation Deck
1367,道の駅 つるぬま,Roadside Station Tsurunuma
1368,水無海浜公園駐車場,水無Seaside Park Parking Area
1369,朝里川公園,朝里 River Park
1370,道の駅 びふか,Roadside Station Bifuka
1371,柏木地区レクリエーション施設,柏木地区レクリエーション施設
1372,なんぽろ親水公園、なんぽろ温泉️ハート&ハート️,なんぽろWaterfront Park、なんぽろHot Springハート&ハート
1373,余市漁港 親水公園、余市マリーナ,Yoichi Fishing Port Waterfront Park、Yoichi Marina
1374,余市運動公園,Yoichi Sports Park
1375,星観緑地,星観Green Space
1376,手宮公園,手宮Park
1377,色内埠頭公園,色内埠頭Park
1378,ハマナス交流広場キャンプ場,ハマナスCommunity Plaza Campground
1379,札幌市 川沿公園,Sapporo City River沿Park
1380,石山緑地 北側駐車場,石山Green Space North Side Parking Area
1381,藻南公園 柏丘駐車場,藻南Park 柏丘Parking Area
1382,平岸霊園（墓地）,平岸霊園（墓地）
1383,昭和公園 北側駐車場,Showa Park North Side Parking Area
1384,湧別町 五鹿山公園 キャンプ場,Yubetsu-cho 五鹿山Park Campground
1385,常呂町 ところ遺跡の館,常呂-cho ところ遺跡の館
1386,佐呂間町 サロマ湖展望台,Saroma-cho Saroma Lake Observation Deck
1387,道の駅 流氷街道網走,Roadside Station 流氷街道Abashiri
1388,女満別運動公園野球場,Memanbetsu Sports Park野球場
1389,香りゃんせ公園,香りゃんせPark
1390,美幌町 柏ケ丘公園,Bihoro-cho 柏ケ丘Park
1391,女満別湖畔公園野営場,Memanbetsu Lakeside Park Campsite
1392,女満別公園,Memanbetsu Park
1393,屈斜路湖 和琴半島️ 公共駐車場,Lake Kussharo 和琴Peninsula Public Parking
1394,弟子屈町 900草原️,Teshikaga-cho 900草原
1395,斜里町 来運公園,Shari-cho 来運Park
1396,屈斜路湖 砂湯駐車場,Lake Kussharo 砂湯Parking Area
1397,斜里町 町民公園 げんきの森,Shari-cho 町民Park げんき Forest
1398,斜里町 みどり工房しゃり、そよかぜキャンプ場,Shari-cho みどり工房しゃり、そよかぜCampground
1399,道の駅 おだいとう,Roadside Station おだいとう
1400,奥行駐車場,奥行Parking Area
1401,別海町営 パークゴルフ場,Betsukai Town-run Parkゴルフ場
1402,別海町 町民体育館,Betsukai-cho 町民体育館
1403,別海町ふれあいキャンプ広場,Betsukai-cho CommunityキャンプPlaza
1404,道の駅 スワン44ねむろ,Roadside Station スワン44ねむろ
1405,厚岸町 尾幌公衆トイレ駐車場,Akkeshi-cho 尾幌Public Restroom Parking Area
1406,茂足寄除雪センター,茂Ashoro除雪Center
1407,歌才ブナ林駐車公園,歌才ブナ林Park & Parking
1408,苫小牧 ふるさと海岸駐車場,Tomakomai Hometown Coast Parking Area
1409,音威子府村 中島公園,Otoineppu-mura 中島Park
1410,深川市運動公園,深 River City Sports Park
1411,道の駅 おといねっぷ,Roadside Station おといねっぷ
1412,天塩川リバーサイドパークキャンプ場,Teshio RiverリバーSide Park Campground
1413,奈井江町 にわ山森林自然公園,奈井江-cho にわ山森林Nature Park
1414,登別渓谷駐車公園,Noboribetsu Valley / Gorge Park & Parking
1415,下宇莫別町営墓地,下宇莫別Town-run墓地
1416,上山道駐車場,上山道Parking Area
1417,落合ダム親水広場,落合Dam Waterfront Plaza
1418,石北峠,石北Pass
1419,網走運動公園,Abashiri Sports Park
1420,道の駅 はなやか（葉菜野花）小清水,Roadside Station はなやか（葉菜野花）Koshimizu
1421,あやめが原,あやめが原
1422,子野日公園,子野日Park
1423,北見市 東陵公園,Kitami City 東陵Park
1424,霧多布岬展望台駐車場,霧多布Cape Observation Deck Parking Area
1425,スマイルタウン灯台公園,スマイルタウン灯台Park
1426,羅臼町 クジラの見える丘公園,Rausu-cho クジラの見える丘Park
1427,羅臼町総合運動公園,Rausu-cho総合Sports Park
1428,桜ざか駐車公園,桜ざかPark & Parking
1429,憩ヶ森公園,憩ヶ森Park
1430,広尾町営 丸山球場,Hiroo Town-run 丸山球場
1431,本別海公園,Honbetsu海Park
1432,広尾町コミュニティーグリーンパーク,Hiroo-choコミュニティーGreen Park
1433,上杵臼パーキングエリア,上杵臼パーKing Area
1434,襟裳岬駐車場,襟裳Cape Parking Area
1435,様似ダム公園キャンプ場,Samani Dam Park Campground
1436,翠明橋公園,翠明橋Park
1437,北星山森林公園,北星山Forest Park
1438,帯広市 幸福交通公園️,Obihiro City 幸福交通Park
1439,南丘森林公園,南丘Forest Park
1440,十勝が丘公園駐車場,Tokachiが丘Park Parking Area
1441,上富良野町 島津駐車場、見晴台公園,上Furano-cho 島津Parking Area、見晴台Park
1442,しべつ海の公園 北側駐車場,Shibetsu Sea Park North Side Parking Area
1443,とかち清水よりみち情報館、十勝清水情報館、十勝清水防災ステーション,とかちShimizuよりみち情報館、Tokachi Shimizu情報館、Tokachi Shimizu防災Station
1444,清水公園,Shimizu Park
1445,フラワーヒルズコミュニティ広場,フラワーヒルズコミュニティPlaza
1446,紋別市 紋別公園,Monbetsu City Monbetsu Park
1447,美瑛町 聖台ダム公園,Biei-cho 聖台Dam Park
1448,然別湖北岸キャンプ場,Shikaribetsu Lake北岸Campground
1449,花咲スポーツ公園,花咲Sports Park
1450,秩父別PA,Chikubetsu PA
1451,紋別市 港湾緑地キャンプスペース（格安キャンプ場️）,Monbetsu City Port湾Green Spaceキャンプスペース（Budget Campground）
1452,扇が原（扇ヶ原）展望台,扇が原（扇ヶ原）Observation Deck
1453,江部乙公園,江部乙Park
1454,旭ケ丘公園,旭ケ丘Park
1455,札幌藻岩山スキー場、藻岩山登山口 駐車場,Sapporo藻岩山スキー場、藻岩山登Yamaguchi Parking Area
1456,江別市森林キャンプ場,Ebetsu City森林Campground
1457,猿払パーキングシェルター,猿払パーKingシェルター
1458,江別市 野幌屯田町公園,Ebetsu City 野幌屯田町Park
1459,もみじ台緑地,もみじ台Green Space
1460,吉田川公園,吉田 River Park
1461,西岡公園駐車場,西岡Park Parking Area
1462,屯田公園駐車場,屯田Park Parking Area
1463,富丘西公園,富丘西Park
1464,手稲稲積公園,手稲稲積Park
1465,新内（ニイナイ）パーキング,新内（ニイナイ）パーKing
1466,壮瞥公園,Sobetsu Park
1467,新琴似グリーン公園駐車場,新琴似Green Park Parking Area
1468,屯田西公園駐車場,屯田西Park Parking Area
1469,水中展望船ニューしゃこたん号 駐車場,水中展望船ニューしゃこたん号 Parking Area
1470,野幌森林公園 トド山口,野幌Forest Park トドYamaguchi
1471,野幌森林公園自然ふれあい交流館（大沢口）,野幌Forest Park自然Community Community館（大沢口）
1472,つつじヶ丘公園駐車場,つつじヶ丘Park Parking Area
1473,西河町 公衆トイレ,西 River-cho Public Restroom
1474,奥沢キャンプ場,奥沢Campground
1475,神恵内村 ヘルカ石パーキングエリア,神恵内-mura ヘルカ石パーKing Area
1476,道営野塚野営場,道営野塚Campsite
1477,積丹町 積丹岬 島武意海岸 (しまむいかいがん) 駐車場,積丹-cho 積丹Cape 島武意Coast (しまむいかいがん) Parking Area
1478,オタモイ海岸 公衆トイレ,オタモイCoast Public Restroom
1479,平磯公園,平磯Park
1480,道の駅 田園の里うりゅう,Roadside Station 田園 no Satoうりゅう
1481,東大沼野営場,東Onuma Campsite
1482,森町 オニウシ公園、森町民体育館,森-cho オニウシPark、森町民体育館
1483,川汲公園（無料キャンプ場）,River汲Park（Free Campground）
1484,恵山岬灯台公園,恵山Cape灯台Park
1485,泊村 兜千畳敷岩 駐車場、カブト・シーサイド トイレ,泊-mura 兜千畳敷岩 Parking Area、カブト・シーSide Restroom
1486,八雲町 ひらの公園、八雲墓地,八雲-cho ひらのPark、八雲墓地
1487,アルトリ岬キャンプ場,アルトリCape Campground
1488,北斗市 湯の沢水辺公園,北斗 City 湯の沢水辺Park
1489,狩勝峠展望台 駐車場,Karikachi Pass Observation Deck Parking Area
1490,長万部駅 車中泊スポット,長万部駅 Car Overnight Spot
1491,北斗市 上磯ダム公園キャンプ場,北斗 City 上磯Dam Park Campground
1492,八雲町・さらんべ公園,八雲-cho・さらんべPark
1493,道の駅 かみゆうべつ温泉️チューリップの湯,Roadside Station Kamiyubetsu Hot Springチューリップ Hot Bath
1494,道の駅 しらぬか恋問館,Roadside Station しらぬか恋問館
1495,朝日ヶ丘公園、朝日ケ丘総合公園 駐車場,朝日ヶ丘Park、朝日ケ丘General Park Parking Area
1496,ハートヒルパーク れいちゃんカーブ,ハートヒルPark れいちゃんカーブ
1497,鳥沼公園駐車場,鳥Marsh Park Parking Area
1498,なかふらの 北星山ラベンダー園（中富良野 北星スキー場駐車場）,なかふらの 北星山ラベンダー園（中Furano 北星スキー場Parking Area）
1499,安平町ときわ公園,Abira-choときわPark
1500,ニセコ五色温泉野営場,Niseko Goshiki Hot Spring Campsite
1501,中富良野森林公園（旧：中富良野森林公園 無料キャンプ場️）,中Furano Forest Park（旧：中Furano Forest Park Free Campground）
1502,中富良野 町営駐車場（ファーム富田）,中Furano Town-run Parking Area（ファーム富田）
1503,十勝岳温泉 駐車場（凌雲閣向かいの駐車場）,Mt. Tokachidake Hot Spring Parking Area（凌雲閣向かいのParking Area）
1504,吹上温泉の駐車場,Fukiage Hot Spring Parking Area
1505,十勝岳望岳台,Mt. Tokachidake望岳台
1506,新栄の丘展望公園,新栄 Hill Scenic Park
1507,美瑛 北西の丘展望公園,Biei 北西 Hill Scenic Park
1508,道の駅おとふけ なつぞらのふる里（2022年4月に移転）,Roadside Stationおとふけ なつぞらのふる里（2022年4月に移転）
1509,とままえ夕陽ヶ丘未来港公園（有料キャンプ場）,Tomamae夕陽ヶ丘未来Port Park（Paid Campground）
1510,呼人浦キャンプ場（無料キャンプ場）,呼人浦Campground（Free Campground）
1511,苫前海浜公園駐車場、とままえ夕陽ケ丘ホワイトビーチ,Tomamae Seaside Park Parking Area、Tomamae夕陽ケ丘ホワイトBeach
1512,天塩町運動公園（冬季利用不可）,Teshio-cho Sports Park（冬季利用不可）
1513,むかわ町 たんぽぽ公園,Mukawa-cho たんぽぽPark
1514,神居岩総合公園（無料キャンプ場）,神居岩General Park（Free Campground）
1515,羽幌町スポーツ公園,Haboro-cho Sports Park
1516,暑寒公園,Shokan Park
1517,増毛駅跡駐車場,Mashike駅跡Parking Area
1518,留萌市 黄金岬キャンプ場、黄金岬駐車場,Rumoi City 黄金Cape Campground、黄金Cape Parking Area
1519,深川農村公園（大國神社）,深 River Rural Park（大國Shrine）
1520,桜山公園（深川市）,桜山Park（深 River City）
1521,ひまわり観光センター（北竜町）,ひまわりSightseeing Center（Hokuryu-cho）
1522,発寒川緑地,発寒 River Green Space
1523,手稲平和霊園（墓地）,手稲平和霊園（墓地）
1524,函館駅の駅弁『鰊みがき弁当』,Hakodate駅の駅弁『鰊みがき弁当』
1525,有珠の沢の湧水,有珠の沢のNatural Spring
1526,三毛別ヒグマ事件復元地,三毛別ヒグマ事件復元地
1527,北きつね牧場,北きつねRanch
1528,雌阿寒温泉 駐車場,雌Akan Hot Spring Parking Area
1529,サウスヒルズ,サウスヒルズ
1530,北海道こどもの国キャンプ場,Hokkaidoこどもの国Campground
1531,羊蹄のふきだし湧水,羊蹄のふきだしNatural Spring
1532,キロロ温泉,キロロHot Spring
1533,大雪旭岳源水,大雪旭岳源水
1534,仁宇布の冷水,仁宇布の冷水
1535,知床,Shiretoko
1536,茂岩温泉,茂岩Hot Spring
1537,豊滝「龍神の水」,豊Waterfall「Ryujin Spring Water」
1538,オロフレ山系の湧水,オロフレ山系のNatural Spring
1539,「札内川」のおいしい水,「札内 River」のおいしい水
1540,室蘭 地球岬駐車場,Muroran 地球Cape Parking Area
1541,男山の仕込み水,男山の仕込み水
1542,幸井の水,幸井 Spring Water
1543,幣舞橋の夕日,幣舞橋の夕日
1544,"<font color=""red""></font>春光台公園駐車場",春光台Park Parking Area
1545,甘露法水,甘露法水
1546,幸福の黄色いハンカチ想い出ひろば,幸福の黄色いハンカチ想い出ひろば
1547,食堂 高田屋,Diner 高田屋
1548,鳥松,鳥松
1549,はまとんべつ温泉ウイング,Hamatombetsu Hot Springウイング
1550,ＲVパーク陣中 FACTORY GARDEN,ＲVPark陣中 FACTORY GARDEN
1551,花岡公園キャンプ場,Hanaoka Park Campground
1552,雄和PA,雄和PA
1553,道の駅 しろいし️,Roadside Station しろいし
1554,道の駅 鳥海,Roadside Station 鳥海
1555,道の駅 あつみ,Roadside Station あつみ
1556,道の駅 石川,Roadside Station 石 River
1557,道の駅 さくらんぼ東根,Roadside Station Sakuraんぼ東根
1558,道の駅 おおくま＆大熊PA,Roadside Station おおくま＆大熊PA
1559,焼走り（ヤケハシリ）駐車場、焼走り野営場,Yakedashiri（ヤケハシリ）Parking Area、Yakedashiri Campsite
1560,道の駅 くずまき高原,Roadside Station くずまきHighland
1561,道の駅 なみおか,Roadside Station なみおか
1562,タイムズ青森中央古川通り,タイムズAomori Central古 River Street
1563,道の駅 浅虫温泉,Roadside Station 浅虫Hot Spring
1564,道の駅 にしめ️ はまなすの里,Roadside Station Nishime Hamanasu no Sato
1565,ホルモン幸楽 花輪本店,ホルモン幸楽 花輪Main Store
1566,"（<font color=""red"">※車中泊不可との報告あり</font>）弘前水辺公園駐車場（みずべの学習広場）",（※Car Overnight不可との報告Available）Hirosaki水辺Park Parking Area（みずべの学習Plaza）
1567,種山高原星座の森,種山Highland星座 Forest
1568,道の駅 清水の里・鳥海郷,Roadside Station Shimizu no Sato・鳥海郷
1569,ますと乃湯,ますと乃湯
1570,片岸公園（岩手県釜石市片岸町）,片岸Park（岩手県釜石市片岸町）
1571,丈六公園（福島県浪江町）,丈六Park（Fukushima県浪江町）
1572,道の駅 はなまき西南,Roadside Station はなまき西南
1573,蟹田港駐車場,蟹田Port Parking Area
1574,神々の水汲み場,神々 Spring Water汲み場
1575,喜多方市 御清水公園、喜多方市役所駐車場,喜多方 City 御Shimizu Park、喜多方市役所Parking Area
1576,いとう食堂,いとうDiner
1577,あきた味坐,あきた味坐
1578,龍泉洞,龍泉洞
1579,慧日寺資料館の中庭,慧日Temple資料館の中庭
1580,裏磐梯高原（桧原湖付近）,裏磐梯Highland（桧原Lake付近）
1581,裏磐梯高原（中津川渓谷）,裏磐梯Highland（中津 River Valley / Gorge）
1582,定義とうふ店,定義とうふ店
1583,カッパ沼,カッパMarsh
1584,岡崎海岸夕陽展望所,岡崎Coast夕陽展望所
1585,十和田湖子の口,Towada Lake子の口
1586,男鹿国定公園 秋田,Oga国定Park Akita
1587,湯野浜海岸 山形,湯野Beach Coast Yamagata
1588,道の駅ねむの丘 秋田,Roadside Stationねむ Hill Akita
1589,日和山公園 山形,日和山Park Yamagata
1590,入道崎 秋田,入道崎 Akita
1591,千畳敷駐車場,千畳敷Parking Area
1592,眺海の森,眺Sea 森
1593,北上展勝地 駐車場,北上展勝地 Parking Area
1594,猪苗代湖 天神浜オートキャンプ場,猪苗代Lake 天神Beach Auto Campground
1595,かつせい,かつせい
1596,タヌキの湯,タヌキ Hot Bath
1597,飯坂野球場 駐車場,飯坂野球場 Parking Area
1598,大畑海水浴場,大畑Swimming Beach
1599,長根山運動公園,長根山Sports Park
1600,吾妻PA,吾妻PA
1601,鳴子峡,鳴子峡
1602,茶たての清水,茶たてのShimizu
1603,浜田森林総合公園,Beach田森林General Park
1604,霞ヶ城（二本松城） 無料駐車場（上の方）,霞ヶCastle（二本松Castle） Free Parking Area（上の方）
1605,野辺地潮騒公園,野辺地潮騒Park
1606,天童公園 山頂駐車場,天童Park Summit Parking Area
1607,湯野浜海水浴場,湯野Beach Swimming Beach
1608,前川ダム,前 River Dam
1609,サンスポーツランド岩城,サンSports Land岩Castle
1610,御座の石公衆トイレ,御座の石Public Restroom
1611,田沢大堤親水公園,田沢大堤Waterfront Park
1612,蔵王みはらしの丘,Zaoみはらし Hill
1613,白布峠園地,白布Pass Recreation Area
1614,雀舘公園,雀舘Park
1615,押切川公園 北側駐車場,押切 River Park North Side Parking Area
1616,西山河川広場,西山 River River Plaza
1617,新庄市 東山公園,新庄 City 東山Park
1618,新甲子高原遊歩道 駐車場,新甲子Highland遊歩道 Parking Area
1619,秋田市一つ森公園,Akita City一つ森Park
1620,大森山公園 第3駐車場,大森山Park #3Parking Area
1621,大森山公園 南側の駐車場,大森山Park South Side Parking Area
1622,抱き返り渓谷駐車場,抱き返りValley / Gorge Parking Area
1623,成沢城跡公園,成沢Castle跡Park
1624,青森田代十和田線やすらぎの駐車帯,Aomori田代Towada線やすらぎのParking Zone
1625,仙北市 落合野球場,仙北 City 落合野球場
1626,安比高原 ローソンと公衆トイレ,安比Highland ローソンとPublic Restroom
1627,御所湖広域公園,御所Lake広域Park
1628,東北町南総合運動公園,東北町南総合Sports Park
1629,下田公園,下田Park
1630,青山児童公園,青山児童Park
1631,飯詰ダム,飯詰Dam
1632,青函トンネル入口広場,青函トンネル入口Plaza
1633,天童公園 中腹駐車場,天童Park 中腹Parking Area
1634,薬研 無料駐車場とトイレ,薬研 Free Parking AreaとRestroom
1635,西蔵王公園,西Zao Park
1636,さゆり公園駐車場,さゆりPark Parking Area
1637,種差海岸無料駐車場,種差Coast Free Parking Area
1638,酒田北港緑地公園駐車場,Sakata北Port Green Space Park Parking Area
1639,田沢湖春山第一駐車場,Lake Tazawa春山No.1Parking Area
1640,寒風山回転展望台 駐車場,寒風山回転Observation Deck Parking Area
1641,青葉山公園駐車場,青葉山Park Parking Area
1642,鶴岡公園中央駐車場,Tsuruoka Park Central Parking Area
1643,館鼻漁港、館鼻岸壁朝市の駐車場,館鼻Fishing Port、館鼻岸壁朝市のParking Area
1644,分水嶺公園,分水嶺Park
1645,無料駐車場とトイレ,Free Parking AreaとRestroom
1646,道川漁港,道 River Fishing Port
1647,天神浜 駐車場,天神Beach Parking Area
1648,銅像茶屋駐車場（雪中行軍遭難記念像）,銅像茶屋Parking Area（雪中行軍遭難記念像）
1649,合子沢記念公園,合子沢記念Park
1650,蟹田一本松地区公園,蟹田一本松地区Park
1651,会津レクリエーション公園,AizuレクリエーションPark
1652,定義 無料駐車場,定義 Free Parking Area
1653,七ヶ宿ダム駐車場,七ヶ宿Dam Parking Area
1654,北上川河川歴史公園,北上 River River River歴史Park
1655,作並 無料駐車場,作並 Free Parking Area
1656,桧原湖第二駐車場,桧原Lake第二Parking Area
1657,米沢直江堤公園,米沢直江堤Park
1658,義経海浜公園駐車場,義経Seaside Park Parking Area
1659,２１世紀の森公園駐車場,２１Century Forest Park Parking Area
1660,秋山浜 無料キャンプ場,秋山Beach Free Campground
1661,舟津公園 無料キャンプ場,舟津Park Free Campground
1662,背あぶり山 無料キャンプ場,背あぶり山 Free Campground
1663,八戸北インター自然公園,Hachinohe北Interchange Nature Park
1664,くろくまの滝駐車場,くろくまのWaterfall Parking Area
1665,仏ヶ浦駐車場,仏ヶ浦Parking Area
1666,飯野堰堤公園 駐車場,飯野堰堤Park Parking Area
1667,山田の桜(一本杉公園) 駐車場,山田の桜(一本杉Park) Parking Area
1668,浅虫温泉森林公園公衆トイレ,浅虫Hot Spring Forest Park Public Restroom
1669,細野公衆トイレ,細野Public Restroom
1670,つばくろ駐車場,つばくろParking Area
1671,仙岩情報ステーション,仙岩情報Station
1672,梨木公園P,梨木Park P
1673,せせらぎ公園,Stream Park
1674,大川ダム公園,大 River Dam Park
1675,瀬見温泉 無料P,瀬見Hot Spring Free P
1676,大倉ダム湖畔公園 北側駐車場,大倉Dam Lakeside Park North Side Parking Area
1677,遠刈田温泉 町営駐車場,遠刈田Hot Spring Town-run Parking Area
1678,中津川渓谷レストハウス,中津 River Valley / Gorgeレストハウス
1679,モシモシピット,モシモシピット
1680,裏磐梯休暇村無料駐車場,裏磐梯休暇村Free Parking Area
1681,小浜パーキング,小BeachパーKing
1682,白神岳登山口駐車場,白神岳登Yamaguchi Parking Area
1683,入畑ダム展望広場,入畑Dam展望Plaza
1684,玉川ダム展望台,玉 River Dam Observation Deck
1685,十和田湖 子ノ口駐車場,Towada Lake 子ノ口Parking Area
1686,無料駐車場,Free Parking Area
1687,無料駐車場,Free Parking Area
1688,王池駐車場,王Pond Parking Area
1689,"（<font color=""red"">※トイレ無し</font>）矢引PA",（※No Restroom）矢引PA
1690,川原毛大湯滝,River原毛大湯Waterfall
1691,奥奥八九郎温泉,奥奥八九郎Hot Spring
1692,大池公園キャンプ場駐車場,大Pond Park Campground Parking Area
1693,遊仙公園（小泊ダム）キャンプ場,遊仙Park（小泊Dam）Campground
1694,下湯ダム運動公園キャンプ場,下湯Dam Sports Park Campground
1695,玉川ダムキャンプ場,玉 River Dam Campground
1696,奥入瀬渓流館 駐車場,Oirase渓流館 Parking Area
1697,石ヶ戸駐車場,石ヶ戸Parking Area
1698,海峡荘,海峡荘
1699,錦秋湖SA,錦秋Lake SA
1700,抱返り渓谷,抱返りValley / Gorge
1701,登起波分店登,登起波分店登
1702,ろくさん食堂,ろくさんDiner
1703,天然温泉極楽湯福島いわき店,Natural Hot Spring Gokurakuyu Fukushima Iwaki店
1704,大曲健康ランド,大曲Health Land
1705,湯ノ倉温泉 湯栄館,湯ノ倉Hot Spring 湯栄館
1706,新屋温泉,新屋Hot Spring
1707,松川温泉 松楓荘,松 River Hot Spring 松楓荘
1708,みなと食堂（八戸）,Port Diner（Hachinohe）
1709,道の駅 からむし織の里しょうわ,Roadside Station からむし織 no Satoしょうわ
1710,伊達屋 ラーメン,Date屋 Ramen
1711,道の駅 紫波,Roadside Station 紫波
1712,鳥海山大平駐車場,鳥海山大平Parking Area
1713,御鼻部展望台駐車場 無料駐車場,御鼻部Observation Deck Parking Area Free Parking Area
1714,八幡平 御在所P,八幡平 御在所P
1715,後生掛（大沼）キャンプ場,後生掛（Onuma）Campground
1716,酸ヶ湯キャンプ場,酸ヶ湯Campground
1717,道の駅 裏磐梯,Roadside Station 裏磐梯
1718,休暇村乳頭温泉郷キャンプ場,休暇村乳頭Hot Spring郷Campground
1719,相馬市総合福祉センターはまなすの湯,相馬市総合福祉Center Hamanasu Hot Bath
1720,八幡平,八幡平
1721,八甲田連峰、ロープウェー,Hakkoda連峰、ロープウェー
1722,（水汲みスポット）道沿いの食堂などがある広場,（水汲みSpot）道沿いのDinerなどがあるPlaza
1723,赤湯温泉公衆浴場 烏帽子の湯,赤湯Hot Spring公衆Bathhouse 烏帽子 Hot Bath
1724,山形県総合運動公園 総合体育館 浴室,Yamagata県総合Sports Park 総合体育館 浴室
1725,秋田駒ヶ岳登山口駐車場,Akita駒ヶ岳登Yamaguchi Parking Area
1726,高畠駅前駐車場（西口）,高畠Station Front Parking Area（西口）
1727,小野川温泉 旅館組合無料駐車場,小野 River Hot Spring 旅館組合Free Parking Area
1728,RVパーク ユーランド ホテル八橋,RVPark ユーLand Hotel八橋
1729,RVパークまほろば,RVParkまほろば
1730,潟尻園地公衆トイレ,潟尻Recreation Area Public Restroom
1731,湯瀬PA,湯瀬PA
1732,RVパーク碁点温泉・最上川三難所（クアハウス碁点）,RVPark碁点Hot Spring・最上 River三難所（クアハウス碁点）
1733,遠刈田温泉 神の湯の横の無料駐車場,遠刈田Hot Spring 神 Hot Bathの横のFree Parking Area
1734,茂庭広瀬公園,茂庭広瀬Park
1735,ほそやのサンド,ほそやのサンド
1736,湯野川温泉 寺島旅館,湯野 River Hot Spring Temple島旅館
1737,最上町簡易宿泊施設りんどう おらだすの宿りんどう,最上町簡易宿泊施設りんどう おらだすの宿りんどう
1738,恐山冷水前の駐車帯,恐山冷水前のParking Zone
1739,栗駒仙人水,栗駒仙人水
1740,栗駒神水,栗駒神水
1741,花の湯,花 Hot Bath
1742,夏虫のお湯っこ,夏虫のお湯っこ
1743,（有料キャンプ場）早掛レイクサイドヒルキャンプ場,（Paid Campground）早掛レイクSideヒルCampground
1744,一本松公園駐車場（山形県朝日町）,一本松Park Parking Area（Yamagata県朝日町）
1745,松川浦大橋西側下の駐車場,松 River浦大橋West Side下のParking Area
1746,松川浦大橋東側下の駐車場,松 River浦大橋East Side下のParking Area
1747,道の駅 ろくのへ,Roadside Station ろくのへ
1748,青少年野外活動基地 親子キャンプ場（無料キャンプ場）,青少年野外活動基地 親子Campground（Free Campground）
1749,龍飛崎シーサイドパークキャンプ場,龍飛崎シーSide Park Campground
1750,沼袋名水公園,Marsh袋Famous Spring Park
1751,大開平駐車場,大開平Parking Area
1752,（桜まつり期間中）角館駐車場,（桜まつり期間中）角館Parking Area
1753,無料駐車場とトイレ,Free Parking AreaとRestroom
1754,杜せきのした中央公園トイレ（駐車場）,杜せきのしたCentral Park Restroom（Parking Area）
1755,道の駅 みやもり,Roadside Station みやもり
1756,海岸公園センター 駐車場,Coast Park Center Parking Area
1757,原釜尾浜防災緑地 駐車場,原釜尾Beach防災Green Space Parking Area
1758,烏崎駐車場,烏崎Parking Area
1759,舟津浜駐車場,舟津Beach Parking Area
1760,庄内空港 緑地公園駐車場,Shonai空Port Green Space Park Parking Area
1761,ヒバの埋没林 駐車場,ヒバの埋没林 Parking Area
1762,鳥見山公園駐車場,鳥見山Park Parking Area
1763,さくらんぼ東根駅東口無料駐車場,Sakuraんぼ東根駅東口Free Parking Area
1764,高野崎キャンプ場,高野崎Campground
1765,岩手県 ツブ沼キャンプ場駐車場（無料キャンプ場）,岩手県 ツブMarsh Campground Parking Area（Free Campground）
1766,石伏公園,石伏Park
1767,[標高1600ｍ] 刈田駐車場（山形蔵王）,[標高1600ｍ] 刈田Parking Area（Yamagata Zao）
1768,只見川農村公園,只見 River Rural Park
1769,（トイレは一回100円）山形県 月山八合目駐車場,（Restroomは一回100円）Yamagata県 月山八合目Parking Area
1770,岩手県 ツブ沼登山口駐車場,岩手県 ツブMarsh登Yamaguchi Parking Area
1771,与兵衛沼公園北駐車場,与兵衛Marsh Park北Parking Area
1772,カッパ淵 無料大駐車場,カッパ淵 Free大Parking Area
1773,磯草転回場駐車場,磯草転回場Parking Area
1774,龍舞崎第一駐車場,龍舞崎No.1Parking Area
1775,河南中央公園駐車場,River南Central Park Parking Area
1776,あゆみ野近隣公園駐車場,あゆみ野近隣Park Parking Area
1777,湊浜海浜緑地駐車場,湊Beach Seaside Green Space Parking Area
1778,大川さくら総合公園 防災公園駐車場,大 River Sakura General Park 防災Park Parking Area
1779,松崎尾崎防災公園駐車場,松崎尾崎防災Park Parking Area
1780,北釜防災公園,北釜防災Park
1781,花の道けせんぬまパーキング,花の道けせんぬまパーKing
1782,気仙沼魚浜公園,気仙Marsh魚Beach Park
1783,手樽海浜公園駐車場,手樽Seaside Park Parking Area
1784,西行戻しの松公園駐車場,西行戻しの松Park Parking Area
1785,松島町営三十刈駐車場,Matsushima Town-run三十刈Parking Area
1786,気仙沼漁港 海の道公衆トイレ,気仙Marsh Fishing Port Sea 道Public Restroom
1787,長浜緑地広場駐車場(わたのは海水浴場),長Beach Green Space Plaza Parking Area(わたのはSwimming Beach)
1788,貞山公園駐車場,貞山Park Parking Area
1789,"（<b><font color=""#ff0000"">※トイレ無し</font></b>）ブルーインパルス観覧駐車場",（※No Restroom）ブルーインパルス観覧Parking Area
1790,気仙沼大島ウェルカムターミナル,気仙Marsh大島ウェルカムTerminal
1791,前沢SA,前沢SA
1792,青森市 野木和公園（青照苑裏）,Aomori City 野木和Park（青照苑裏）
1793,とんやの郷,とんや no Sato
1794,シーフードレストラン メヒコ 福島店,シーフードRestaurant メヒコ Fukushima店
1795,五百目の名水,五百目のFamous Spring
1796,子和清水,子和Shimizu
1797,三春滝桜 駐車場,三春Waterfall桜 Parking Area
1798,道の駅 たろう,Roadside Station たろう
1799,白石川サッカー公園,白石 RiverサッカーPark
1800,弓張平公園,弓張平Park
1801,十六羅漢岩駐車場,十六羅漢岩Parking Area
1802,鼠ヶ関マリンパーク（※夏季有料）,鼠ヶ関マリンPark（※夏季Paid）
1803,十二湖海浜公園,十二Lake Seaside Park
1804,久慈市総合防災公園,久慈市総合防災Park
1805,勿来の関公園,勿来の関Park
1806,真人公園,真人Park
1807,田子倉レイクビュー駐車場,田子倉レイクビューParking Area
1808,やすらぎ駐車帯,やすらぎParking Zone
1809,道の駅 津山もくもくらんど,Roadside Station 津山もくもくらんど
1810,鳥の海公園,鳥の海Park
1811,八幡平ビジターセンター,八幡平ビジターCenter
1812,とら食堂,とらDiner
1813,こう路,こう路
1814,菅生PA,菅生PA
1815,紫波SA,紫波SA
1816,四十八坂展望台駐車場,四十八坂Observation Deck Parking Area
1817,ふれあい公園 駐車場,Community Park Parking Area
1818,仙台湯処 サンピアの湯,Sendai湯処 サンピア Hot Bath
1819,日和山駐車場,日和山Parking Area
1820,青森魚菜センター,Aomori魚菜Center
1821,道の駅 みなとオアシスみやこ,Roadside Station Portオアシスみやこ
1822,道の駅 奥会津かねやま,Roadside Station 奥Aizuかねやま
1823,道の駅 月山,Roadside Station 月山
1824,道の駅 いいで,Roadside Station いいで
1825,世界谷地（セカイヤチ）湿原 駐車場,世界谷地（セカイヤチ）Wetlands Parking Area
1826,大萱沢渓流公園,大萱沢渓流Park
1827,田沢湖春山第二駐車場,Lake Tazawa春山第二Parking Area
1828,おしか御番所公園,おしか御番所Park
1829,日和山公園駐車場,日和山Park Parking Area
1830,弘前岳鰺ケ沢線 やすらぎの駐車帯,Hirosaki岳鰺ケ沢線 やすらぎのParking Zone
1831,長尾中華そば 西バイパス本店,長尾Chinese Soba 西バイパスMain Store
1832,三内丸山遺跡,三内丸山遺跡
1833,味の札幌 大西,味のSapporo 大西
1834,（夜間駐車禁止の看板あり）鰺ヶ沢 無料駐車場,（夜間駐車禁止の看板Available）鰺ヶ沢 Free Parking Area
1835,若葉温泉,若葉Hot Spring
1836,松ノ木パーク,松ノ木Park
1837,能代湖畔公園,能代Lakeside Park
1838,月山湧水群,月山Natural Spring群
1839,薄磯交流多目的広場,薄磯Community Multi-purpose Plaza
1840,原釜海水浴場駐車場,原釜Swimming Beach Parking Area
1841,千貫石森林公園トイレ,千貫石Forest Park Restroom
1842,トイレ夜間閉鎖 松尾八幡平ビジターセンター,Restroom Night Closure 松尾八幡平ビジターCenter
1843,菖蒲公園,菖蒲Park
1844,弁天名水,弁天Famous Spring
1845,トレンタ 大曲本店,トレンタ 大曲Main Store
1846,蒸ノ湯休憩所 無料駐車場,蒸ノ湯休憩所 Free Parking Area
1847,道の駅 協和,Roadside Station 協和
1848,船越公園,船越Park
1849,道の駅 遠野風の丘,Roadside Station 遠野風 Hill
1850,中山チェーン脱着所 岩手県八幡平市 チェーン着脱所,中山チェーン脱着所 岩手県八幡平 City チェーン着脱所
1851,（車中泊不可）弘前運動公園駐車場,（Car Overnight不可）Hirosaki Sports Park Parking Area
1852,弘前市リンゴ公園駐車場,Hirosaki CityリンゴPark Parking Area
1853,種差海岸インフォメーションセンター,種差CoastインフォメーションCenter
1854,西蔵王展望広場（山形市）,西Zao展望Plaza（Yamagata City）
1855,二代目高橋商店,二代目高橋商店
1856,光ケ丘公園,光ケ丘Park
1857,八ツ沼駐車場（山形県朝日町）,八ツMarsh Parking Area（Yamagata県朝日町）
1858,山田の桜(一本杉公園),山田の桜(一本杉Park)
1859,花やしき公園(ミニ花見山),花やしきPark(ミニ花見山)
1860,道の駅 会津柳津,Roadside Station Aizu柳津
1861,強清水湧水,強Shimizu Natural Spring
1862,茶たての清水 無料駐車場,茶たてのShimizu Free Parking Area
1863,階段国道,階段国道
1864,道の駅 安達,Roadside Station 安達
1865,セデッテかしま第二駐車場,セデッテかしま第二Parking Area
1866,中みそラーメン,中みそRamen
1867,道の駅 はしかみ,Roadside Station はしかみ
1868,神割崎駐車場,神割崎Parking Area
1869,"（<font color=""red"">トイレ夜間閉鎖</font>）大正ろまん館",（Restroom Night Closure）大正ろまん館
1870,道の駅 川俣,Roadside Station River俣
1871,いわき湯本温泉 さはこの湯 公衆浴場,Iwaki Yumoto Hot Spring さはこ Hot Bath 公衆Bathhouse
1872,八食センター,八食Center
1873,柳家 総本店,柳家 総Main Store
1874,福家そばや,福家Sobaや
1875,葦毛崎展望台 駐車場,葦毛崎Observation Deck Parking Area
1876,鳥海山鉾立駐車場,鳥海山鉾立Parking Area
1877,駅近安24H 池月ム一ンライトパーキング,駅近安24H Pond月ム一ンライトパーKing
1878,安比高原 ぶなの駅,安比Highland ぶなの駅
1879,安積PA,安積PA
1880,道の駅 やまだ おいすた,Roadside Station やまだ おいすた
1881,竜飛岬,竜飛Cape
1882,蔵王PA（東北自動車道）,Zao PA（東北自動車道）
1883,村の駅よもっと,村の駅よもっと
1884,花見山臨時駐車場(阿武隈川河川敷),花見山臨時Parking Area(阿武隈 River River River敷)
1885,ふれあい公園 駐車場,Community Park Parking Area
1886,うみどり公園 駐車場（北側エリア）,うみどりPark Parking Area（North Side Area）
1887,うみどり公園 駐車場（南側エリア）,うみどりPark Parking Area（South Side Area）
1888,さくら公園 駐車場,Sakura Park Parking Area
1889,いちのへ花の丘公園 駐車場,いちのへ花 Hill Park Parking Area
1890,無料駐車場（北緯40度ライン駐車場）,Free Parking Area（北緯40度ラインParking Area）
1891,（トイレ無し）一戸公園駐車場,（No Restroom）一戸Park Parking Area
1892,塩ヶ森水辺園地,塩ヶ森水辺Recreation Area
1893,道の駅 猪苗代（※コインシャワーは廃止）,Roadside Station 猪苗代（※コインシャワーは廃止）
1894,（※トイレ故障の可能性あり）仏ヶ浦展望台,（※Restroom故障の可能性Available）仏ヶ浦Observation Deck
1895,"（<font color=""red"">夜間トイレ閉鎖</font>）御所野縄文公園",（夜間Restroom閉鎖）御所野縄文Park
1896,（トイレ閉鎖）八望台駐車場,（Restroom閉鎖）八望台Parking Area
1897,夜の森つつみ公園トイレ／駐車場,夜 ForestつつみPark Restroom／Parking Area
1898,錦秋湖大滝 駐車場,錦秋Lake大Waterfall Parking Area
1899,ふれあい公園野球広場 駐車場,Community Park野球Plaza Parking Area
1900,道の駅 硯上の里おがつ,Roadside Station 硯上 no Satoおがつ
1901,仙台のコインパーキング,Sendai Coin Parking
1902,野木和公園 北側P,野木和Park North Side P
1903,鵜ノ尾岬 夕陽の広場,鵜ノ尾Cape 夕陽のPlaza
1904,戸賀湾展望公園,戸賀湾Scenic Park
1905,道の駅 さんりく,Roadside Station さんりく
1906,ゆとりの駐車場,ゆとりのParking Area
1907,八方台登山口駐車場,八方台登Yamaguchi Parking Area
1908,通岡峠駐車場,通岡Pass Parking Area
1909,[標高872ｍ]きらら室根山天文台駐車場,[標高872ｍ]きらら室根山天文台Parking Area
1910,道の駅 釜石仙人峠,Roadside Station 釜石仙人Pass
1911,道の駅 種山ヶ原,Roadside Station 種山ヶ原
1912,むらおこし拠点館フラット,むらおこし拠点館フラット
1913,道の駅 区界高原,Roadside Station 区界Highland
1914,しじみラーメン和歌山（※青森県）,しじみRamen Wakayama（※Aomori県）
1915,岩手県民の森駐車場,岩手県民 Forest Parking Area
1916,荒浜防災公園,荒Beach防災Park
1917,小角食堂,小角Diner
1918,無料駐車場,Free Parking Area
1919,蔵王 無料駐車場（コマクサ平駐車場）,Zao Free Parking Area（コマクサ平Parking Area）
1920,蔵王エコーライン待機所 無料駐車場,Zaoエコーライン待機所 Free Parking Area
1921,松島日帰り天然温泉・お食事処 芭蕉の湯,Matsushima日帰りNatural Hot Spring・お食事処 芭蕉 Hot Bath
1922,ゆっぽとみや大清水,ゆっぽとみや大Shimizu
1923,多賀城跡駐車場,多賀Castle跡Parking Area
1924,いわき市 南部清掃センター 想いの家,Iwaki City 南部清掃Center 想いの家
1925,やまぶし温泉ゆぽか,やまぶしHot Springゆぽか
1926,うねめ温泉,うねめHot Spring
1927,南相馬市健康福祉センター ゆらっと,南相馬市Health福祉Center ゆらっと
1928,極楽湯 青森店,Gokurakuyu Aomori店
1929,あったまりランド深堀,あったまりLand深堀
1930,鶴岡市 湯野浜下区公衆浴場,Tsuruoka City 湯野Beach下区公衆Bathhouse
1931,仙台市太白区 三神峯公園駐車場,Sendai City太白-ku 三神峯Park Parking Area
1932,遠野 車中泊スポット,遠野 Car Overnight Spot
1933,道の駅 いなかだて,Roadside Station いなかだて
1934,道の駅 かみこあに,Roadside Station かみこあに
1935,野平高原キャンプ場,野平Highland Campground
1936,道の駅 ふくしま東和,Roadside Station ふくしま東和
1937,道の駅 たまかわ,Roadside Station たまかわ
1938,道の駅 つちゆ,Roadside Station つちゆ
1939,震災遺構 仙台市荒浜地区 住宅基礎 観光バス駐車場,震災遺構 Sendai City荒Beach地-ku 住宅基礎 SightseeingバスParking Area
1940,道の駅 いいたて村の道の駅 までい館,Roadside Station いいたて村のRoadside Station までい館
1941,道の駅 おおさと,Roadside Station おおさと
1942,道の駅 高田松原,Roadside Station 高田松原
1943,道の駅 おおさき,Roadside Station おおさき
1944,道の駅 あに マタギの里,Roadside Station あに マタギ no Sato
1945,道の駅 なかせん,Roadside Station なかせん
1946,横手公園 芝生駐車場,横手Park 芝生Parking Area
1947,八幡平見返峠駐車場（※トイレ夜間閉鎖の可能性あり注意）,八幡平見返Pass Parking Area（※Restroom Night Closureの可能性Available注意）
1948,菖蒲田浜海水浴場駐車場,菖蒲田Beach Swimming Beach Parking Area
1949,石巻天然温泉 元気の湯,石巻Natural Hot Spring 元気 Hot Bath
1950,八戸 まべち公園,Hachinohe まべちPark
1951,道の駅 たのはた,Roadside Station たのはた
1952,ホエールタウンおしか,ホエールタウンおしか
1953,後生掛駐車場公共トイレ、後生掛温泉近くの無料駐車場,後生掛Parking Area公共Restroom、後生掛Hot Spring近くのFree Parking Area
1954,しゅしゅえっと まるしぇ,しゅしゅえっと まるしぇ
1955,道の駅 たいらだて,Roadside Station たいらだて
1956,天然温泉もみの木,Natural Hot Springもみの木
1957,主婦の店さいち,主婦の店さいち
1958,三陸リアス亭,三陸リアス亭
1959,吹上温泉 峯雲閣,Fukiage Hot Spring 峯雲閣
1960,天元台・西吾妻山スカイバレ-,天元台・西吾妻山スカイバレ-
1961,たかはし中華そば店,たかはしChinese Soba店
1962,道の駅 十文字,Roadside Station 十文字
1963,さんない温泉 三内ヘルスセンター,さんないHot Spring 三内ヘルスCenter
1964,松島,Matsushima
1965,龍上海 赤湯本店,龍上海 赤Yumoto店
1966,坂内食堂 喜多方ラーメン,坂内Diner 喜多方Ramen
1967,神武食堂,神武Diner
1968,道の駅 かわさき,Roadside Station かわさき
1969,大内宿,大内宿
1970,角館 桜並木駐車場,角館 桜並木Parking Area
1971,道の駅 尾瀬街道みしま宿,Roadside Station 尾瀬街道みしま宿
1972,（トイレなし）桁倉沼の南,（No Restroom）桁倉Marshの南
1973,中尊寺,中尊Temple
1974,もりや商店,もりや商店
1975,あさの食堂,あさのDiner
1976,大曲花火大会 無料駐車場,大曲花火大会 Free Parking Area
1977,大曲花火 有料駐車場,大曲花火 Paid Parking Area
1978,大曲花火 有料駐車場,大曲花火 Paid Parking Area
1979,国見温泉 石塚旅館,国見Hot Spring 石塚旅館
1980,二戸PA,二戸PA
1981,畑PA,畑PA
1982,秋田ふるさと村,Akita Hometown-mura
1983,エリアなかいち駐車場,AreaなかいちParking Area
1984,釜臥山展望台,釜臥山Observation Deck
1985,お食事処おさない,お食事処おさない
1986,ぴょんぴょん舎 稲荷町本店,ぴょんぴょん舎 稲荷町Main Store
1987,白龍 カワトク分店,白龍 カワトク分店
1988,らあめん サンド,らあめん サンド
1989,中華そば 弥太郎,Chinese Soba 弥太郎
1990,橋野鉄鉱山・高炉跡,橋野鉄鉱山・高炉跡
1991,トイレ,Restroom
1992,公園駐車場,Park Parking Area
1993,平川河川敷公園,平 River River River敷Park
1994,高山小公園,高山小Park
1995,無料駐車場,Free Parking Area
1996,無料駐車場,Free Parking Area
1997,無料駐車場,Free Parking Area
1998,無料駐車場,Free Parking Area
1999,無料駐車場,Free Parking Area
2000,無料駐車場,Free Parking Area
2001,無料駐車場,Free Parking Area
2002,無料駐車場,Free Parking Area
2003,牛の首農村公園,牛の首Rural Park
2004,国道101号ゆとりの駐車帯 無料駐車場,国道101号ゆとりのParking Zone Free Parking Area
2005,笹子名水,笹子Famous Spring
2006,力水,力水
2007,桂葉清水,桂葉Shimizu
2008,側清水,側Shimizu
2009,恐山冷水,恐山冷水
2010,この辺に仮設トイレと地下連絡通路,この辺に仮設Restroomと地下連絡通路
2011,秋田比内や 大館本店,Akita比内や 大館Main Store
2012,一茶庵 支店,一茶庵 支店
2013,四倉PA,四倉PA
2014,金成PA（上下コインシャワー）,金成PA（上下コインシャワー）
2015,道の駅 かづの,Roadside Station かづの
2016,鳥の海PA,鳥の海PA
2017,無料駐車場,Free Parking Area
2018,無料駐車場,Free Parking Area
2019,花見山公園,花見山Park
2020,釈迦内PA,釈迦内PA
2021,六郷湧水群,六郷Natural Spring群
2022,ラーメン伊藤,Ramen伊藤
2023,春日町公園 公衆トイレ,春日町Park Public Restroom
2024,北三番丁公園 公衆トイレ,北三番丁Park Public Restroom
2025,榴岡公園公衆トイレ,榴岡Park Public Restroom
2026,ワンタンメンの満月 酒田本店,ワンタンメンの満月 Sakata Main Store
2027,道の駅 おが（男鹿市複合観光施設オガーレ）,Roadside Station おが（Oga City複合Sightseeing施設オガーレ）
2028,道の駅 うご 端縫いの郷,Roadside Station うご 端縫い no Sato
2029,須川駐車場、須川野営場（須川ビジターセンター駐車場）,Sukawa Parking Area、Sukawa Campsite（SukawaビジターCenter Parking Area）
2030,道の駅 おながわ,Roadside Station Onagawa
2031,道の駅 庄内みかわ,Roadside Station Shonai Mikawa
2032,道の駅 おおの、おおのキャンパス,Roadside Station おおの、おおのキャンパス
2033,道の駅 津軽白神 ビーチにしめや,Roadside Station 津軽白神 Beach Nishimeや
2034,道の駅 おおゆ,Roadside Station おおゆ
2035,道の駅 てんのう,Roadside Station てんのう
2036,道の駅 象潟ねむの丘,Roadside Station Kisakataねむ Hill
2037,道の駅 東由利,Roadside Station 東由利
2038,道の駅 上品の郷,Roadside Station 上品 no Sato
2039,道の駅 おがわら湖,Roadside Station おがわらLake
2040,道の駅 おおうち,Roadside Station おおうち
2041,道の駅 とうわ,Roadside Station とうわ
2042,寒河江SA（下道用の無料駐車場あり）,寒 River江SA（下道用のFree Parking Area Available）
2043,七兵衛そば そば食べ放題,七兵衛Soba Soba食べ放題
2044,差塩PA,差塩PA
2045,岩手県営運動公園,岩手県営Sports Park
2046,町場地区園地,町場地区Recreation Area
2047,まこと食堂 喜多方ラーメン,まことDiner 喜多方Ramen
2048,湯野川温泉 駐車場,湯野 River Hot Spring Parking Area
2049,大川ダム駐車場,大 River Dam Parking Area
2050,潟前山森林公園,潟前山Forest Park
2051,山中七ヶ宿街道、長老湖,山中七ヶ宿街道、長老Lake
2052,山寺,山Temple
2053,一寸亭 本店,一寸亭 Main Store
2054,水車生そば,水車生Soba
2055,山形蔵王,Yamagata Zao
2056,船岡城址公園駐車場,船岡Castle址Park Parking Area
2057,春日PA,春日PA
2058,本吉PA,本吉PA
2059,三陸道 矢本PA,三陸道 矢本PA
2060,"浪板PA<font color=""#ff0000"">（※トイレ無し！）</font>",浪板PA（※No Restroom！）
2061,芦野公園,芦野Park
2062,千秋公園（秋田）,千秋Park（Akita）
2063,真人公園（秋田）,真人Park（Akita）
2064,北上展勝地,北上展勝地
2065,角館 桧木内川堤のソメイヨシノ,角館 桧木内 River堤のソメイヨシノ
2066,白石川堤一目千本桜（宮城）,白石 River堤一目千本桜（宮Castle）
2067,鶴岡公園（山形）,Tsuruoka Park（Yamagata）
2068,鶴ヶ城公園（福島）,鶴ヶCastle Park（Fukushima）
2069,船岡城址公園（宮城）,船岡Castle址Park（宮Castle）
2070,三春滝桜（福島）,三春Waterfall桜（Fukushima）
2071,高松公園（岩手）,Takamatsu Park（岩手）
2072,角館のシダレザクラ（秋田）,角館のシダレザクラ（Akita）
2073,霞ヶ城公園（福島）,霞ヶCastle Park（Fukushima）
2074,烏帽子山公園（山形）,烏帽子山Park（Yamagata）
2075,白石川堤一目千本桜 臨時駐車場,白石 River堤一目千本桜 臨時Parking Area
2076,無料ドッグラン,Freeドッグラン
2077,快活CLUBいわき平店,Kaikatsu CLUBIwaki平店
2078,快活CLUB郡山桑野店,Kaikatsu CLUBKoriyama桑野店
2079,快活CLUB東仙台店,Kaikatsu CLUB東Sendai店
2080,快活CLUB盛岡バイパス店,Kaikatsu CLUBMoriokaバイパス店
2081,快活CLUB青森観光通り店,Kaikatsu CLUBAomori Sightseeing Street店
2082,赤石PA,赤石PA
2083,西目PA,西目PA
2084,キッチン さかなやさん,キッチン さかなやさん
2085,磐梯吾妻スカイライン,磐梯吾妻スカイライン
2086,松島 円通院,Matsushima 円通院
2087,蔦沼,蔦Marsh
2088,弘前公園（弘前城）（青森）,Hirosaki Park（Hirosaki Castle）（Aomori）
2089,津軽藩ねぷた村,津軽藩ねぷた-mura
2090,岩木山麓桜並木（自称：世界一の桜並木）,岩木Foot of Mountain桜並木（自称：世界一の桜並木）
2091,弘前桜祭り 富士見橋臨時駐車場,Hirosaki桜祭り Fuji見橋臨時Parking Area
2092,弘前桜祭り 岩木橋臨時駐車場,Hirosaki桜祭り 岩木橋臨時Parking Area
2093,道の駅七ヶ宿,Roadside Station七ヶ宿
2094,長者原SA,長者原SA
2095,安達太良SA,安達太良SA
2096,岩手山SA,岩手山SA
2097,中尊寺PA,中尊Temple PA
2098,ふれあいプラザ休憩所,Community Plaza休憩所
2099,公衆トイレ,Public Restroom
2100,錦秋湖の峠山パークランド・オアシス館前の公園駐車場,錦秋Lake Pass山Park Land・オアシス館前のPark Parking Area
2101,北緯40度公園,北緯40度Park
2102,加瀬沼公園,加瀬Marsh Park
2103,中華料理・福家,Chinese料理・福家
2104,奥入瀬,Oirase
2105,活イカ備蓄センター内食堂,活イカ備蓄Center内Diner
2106,厳美渓,厳美渓
2107,道の駅 ばんだい,Roadside Station ばんだい
2108,栗駒山,栗駒山
2109,須川秘水 ぶなの恵み,Sukawa秘水 ぶなの恵み
2110,矢巾PA,矢巾PA
2111,花巻PA,Hanamaki PA
2112,滝沢PA,Waterfall沢PA
2113,前森山PA,前森山PA
2114,北上金ヶ崎PA,北上金ヶ崎PA
2115,恐山菩提寺の境内にある温泉,恐山菩提Templeの境内にあるHot Spring
2116,相の沢キャンプ場,相の沢Campground
2117,海峡いさりび公園,海峡いさりびPark
2118,とびしま,とびしま
2119,新杵屋,新杵屋
2120,味太助本店,味太助Main Store
2121,道の駅はちもり,Roadside Stationはちもり
2122,蔵王PA,Zao PA
2123,富田の清水,富田のShimizu
2124,湯野川温泉 濃々園,湯野 River Hot Spring 濃々園
2125,道の駅 季の里天栄,Roadside Station 季 no Sato天栄
2126,喜多方ラーメン 喜一,喜多方Ramen 喜一
2127,はせ川 喜多方ラーメン,はせ River 喜多方Ramen
2128,角館 駐車場,角館 Parking Area
2129,遠刈田公園,遠刈田Park
2130,無料駐車場とトイレ,Free Parking AreaとRestroom
2131,道の駅 三本木,Roadside Station 三本木
2132,道の駅 路田里はなやま,Roadside Station 路田里はなやま
2133,道の駅 奥入瀬ろまんパーク,Roadside Station OiraseろまんPark
2134,道の駅もりた アーストップ,Roadside Stationもりた アーストップ
2135,道の駅つるた 鶴の里あるじゃ,Roadside Stationつるた 鶴 no Satoあるじゃ
2136,角館武家屋敷,角館武家屋敷
2137,そば屋 まんきち,Soba屋 まんきち
2138,かにとお鮨 松,かにとお鮨 松
2139,道の駅 こどまり,Roadside Station こどまり
2140,なかじま,なかじま
2141,夏油温泉 夏油元湯,夏油Hot Spring 夏油元湯
2142,磐梯山SA,磐梯山SA
2143,（花見山桜シーズン限定）あぶくま親水公園駐車場,（花見山桜シーズン限定）あぶくまWaterfront Park Parking Area
2144,うめたふれあいセンター,うめたCommunity Center
2145,姥湯温泉 枡形屋,姥湯Hot Spring 枡形屋
2146,乳頭温泉郷 蟹場温泉,乳頭Hot Spring郷 蟹場Hot Spring
2147,幕川温泉 吉倉屋,幕 River Hot Spring 吉倉屋
2148,幕川温泉 水戸屋,幕 River Hot Spring Mito屋
2149,ふけの湯温泉,ふけ Hot Bath Hot Spring
2150,大湯温泉 阿部旅館,大湯Hot Spring 阿部旅館
2151,谷地温泉,谷地Hot Spring
2152,横手やきそば専門店 藤春食堂,横手やきSoba専門店 藤春Diner
2153,奥入瀬渓流,Oirase渓流
2154,十和田湖,Towada Lake
2155,秋保温泉（説明用アイコン）,秋保Hot Spring（説明用アイコン）
2156,遠刈田温泉 神の湯,遠刈田Hot Spring 神 Hot Bath
2157,王味,王味
2158,渾神の清水,渾神のShimizu
2159,阿武隈PA,阿武隈PA
2160,腰掛庵,腰掛庵
2161,道の駅 みねはま,Roadside Station みねはま
2162,青森県道路公社 みちのく有料道路 管理事務所,Aomori県道路公社 みちのくPaid道路 管理事務所
2163,ささにしき食堂,ささにしきDiner
2164,館の丸食堂,館の丸Diner
2165,秋田市大森山公園 キャンプ場（無料）,Akita City大森山Park Campground（Free）
2166,奥薬研温泉 かっぱの湯,奥薬研Hot Spring かっぱ Hot Bath
2167,三沢市 市民の森温泉浴場,三沢 City 市民 Forest Hot Spring Bathhouse
2168,上の湯（いわき市）,上 Hot Bath（Iwaki City）
2169,高畠町太陽館,高畠町太陽館
2170,かつ丼 多勝,かつ丼 多勝
2171,無料駐車場とトイレ,Free Parking AreaとRestroom
2172,ミニ尾瀬公園駐車場,ミニ尾瀬Park Parking Area
2173,大倉ダム湖畔公園 南側P,大倉Dam Lakeside Park South Side P
2174,玉川ダムのトイレ,玉 River Dam Restroom
2175,道の駅 くじ,Roadside Station くじ
2176,大畑中央公園 駐車場,大畑Central Park Parking Area
2177,みずべのわんぱく広場公園,みずべのわんぱくPlaza Park
2178,岩木川河川公園,岩木 River River River Park
2179,じゅんさい沼,じゅんさいMarsh
2180,トイレが夜間閉鎖される 海の駅わんど,RestroomがNight Closureされる Sea 駅わんど
2181,いわてまち川の駅,いわてまち Riverの駅
2182,（トイレ閉鎖）西吹付山展望台,（Restroom閉鎖）西吹付山Observation Deck
2183,愛宕公園,愛宕Park
2184,流汗台 展望台,流汗台 Observation Deck
2185,無料駐車場,Free Parking Area
2186,無料駐車場,Free Parking Area
2187,ゆとりの駐車帯,ゆとりのParking Zone
2188,米沢市民病院わきの河川敷駐車場,米沢市民病院わきの River River敷Parking Area
2189,無料駐車場,Free Parking Area
2190,無料駐車場,Free Parking Area
2191,鳴子公園駐車場,鳴子Park Parking Area
2192,小安峡 無料駐車場,小安峡 Free Parking Area
2193,無料駐車場,Free Parking Area
2194,無料駐車場,Free Parking Area
2195,無料駐車場,Free Parking Area
2196,無料駐車場,Free Parking Area
2197,無料駐車場,Free Parking Area
2198,無料駐車場,Free Parking Area
2199,無料駐車場,Free Parking Area
2200,無料駐車場,Free Parking Area
2201,無料駐車場,Free Parking Area
2202,無料駐車場,Free Parking Area
2203,無料駐車場,Free Parking Area
2204,道の駅 村田,Roadside Station 村田
2205,ロシア料理トロイカ,ロシア料理トロイカ
2206,道の駅 とざわ,Roadside Station とざわ
2207,南相馬鹿島SA,南相馬鹿島SA
2208,泉PA,泉PA
2209,三本木PA,三本木PA
2210,これがトイレ,これがRestroom
2211,磐梯西山麓湧水群,磐梯西Foot of Mountain Natural Spring群
2212,福島夜景スポット,Fukushima夜景Spot
2213,奥八九郎温泉（「奥」が一個の方）への入り口,奥八九郎Hot Spring（「奥」が一個の方）への入り口
2214,大曲花火 穴場の観覧場所,大曲花火 穴場の観覧場所
2215,トイレ,Restroom
2216,トイレ,Restroom
2217,抱き返り渓谷駐車場,抱き返りValley / Gorge Parking Area
2218,旨味太助,旨味太助
2219,とんかつ いし川,とんかつ いし River
2220,裏磐梯サイトステーション,裏磐梯サイトStation
2221,つがる地球村,つがる地球-mura
2222,常夜燈公園,常夜燈Park
2223,公衆トイレ,Public Restroom
2224,丹頂鶴自然公園,Tancho鶴Nature Park
2225,滝見屋駐車場,Waterfall見屋Parking Area
2226,小野川温泉 滝の清水,小野 River Hot Spring Waterfall Shimizu
2227,願掛け公園駐車場,願掛けPark Parking Area
2228,二岐温泉 大丸あすなろ荘,二岐Hot Spring 大丸Asunaro荘
2229,ぬいどう食堂,ぬいどうDiner
2230,無料駐車場とトイレ,Free Parking AreaとRestroom
2231,志波姫PA,志波姫PA
2232,無料駐車場と公衆トイレ,Free Parking AreaとPublic Restroom
2233,無料駐車場とトイレ,Free Parking AreaとRestroom
2234,道の駅 白鷹ヤナ公園,Roadside Station 白鷹ヤナPark
2235,チャイナタウン,チャイナタウン
2236,折爪SA,折爪SA
2237,鶴巣PA,鶴巣PA
2238,道の駅 しょうない,Roadside Station しょうない
2239,道の駅 あさひまち,Roadside Station あさひまち
2240,Fukushima Daiichi Nuclear Power Plant,Fukushima Daiichi Nuclear Power Plant
2241,極楽湯 富谷店,Gokurakuyu 富谷店
2242,新田川温泉はらまちユッサ,新田 River Hot Springはらまちユッサ
2243,ゆ～とぴあ仙台南（旧：やまびこの湯）,ゆ～とぴあSendai南（旧：やまびこ Hot Bath）
2244,相馬温泉 天宝の湯,相馬Hot Spring 天宝 Hot Bath
2245,須川高原温泉,Sukawa Highland Hot Spring
2246,玉川温泉,玉 River Hot Spring
2247,栄屋ホテル,栄屋Hotel
2248,泥湯温泉 奥山旅館,泥湯Hot Spring 奥山旅館
2249,加護坊温泉 さくらの湯,加護坊Hot Spring Sakura Hot Bath
2250,花おりの湯,花おり Hot Bath
2251,後生掛温泉,後生掛Hot Spring
2252,鉛温泉 藤三旅館,鉛Hot Spring 藤三旅館
2253,本郷温泉湯陶里,本郷Hot Spring湯陶里
2254,ラビスパ裏磐梯,ラビSpa裏磐梯
2255,海辺の天然温泉 わたり温泉鳥の海,海辺のNatural Hot Spring わたりHot Spring鳥の海
2256,秋田温泉プラザ,Akita Hot Spring Plaza
2257,スーパー銭湯極楽湯 名取店,スーパーPublic Bath Gokurakuyu 名取店
2258,極楽湯 古川店,Gokurakuyu 古 River店
2259,乳頭温泉郷 鶴の湯,乳頭Hot Spring郷 鶴 Hot Bath
2260,滑川温泉 福島屋,滑 River Hot Spring Fukushima屋
2261,湯ったり館 （岩手県宮古市）,湯ったり館 （岩手県Miyako City）
2262,温泉ゆぽぽ,Hot Springゆぽぽ
2263,平泉温泉 悠久の湯,Hiraizumi Hot Spring 悠久 Hot Bath
2264,大沢温泉 自炊部,大沢Hot Spring 自炊部
2265,早戸温泉つるの湯,早戸Hot Springつる Hot Bath
2266,秋の宮温泉郷 鷹の湯温泉,秋の宮Hot Spring郷 鷹 Hot Bath Hot Spring
2267,牡鹿交流センター,牡鹿Community Center
2268,藤七温泉 彩雲荘,藤七Hot Spring 彩雲荘
2269,スーパー銭湯極楽湯 多賀城店,スーパーPublic Bath Gokurakuyu 多賀Castle店
2270,さくらの里双葉 双葉の湯,Sakura no Sato双葉 双葉 Hot Bath
2271,元湯猿倉温泉,元湯猿倉Hot Spring
2272,かくのだて温泉,かくのだてHot Spring
2273,白布温泉,白布Hot Spring
2274,天神岬温泉しおかぜ荘,天神Cape Hot Springしおかぜ荘
2275,鷹山の湯,鷹山 Hot Bath
2276,わくや天平の湯,わくや天平 Hot Bath
2277,名取ゆりあげ温泉,名取ゆりあげHot Spring
2278,古遠部温泉,古遠部Hot Spring
2279,休暇村陸中宮古,休暇村陸中Miyako
2280,網張温泉 仙女の湯,網張Hot Spring 仙女 Hot Bath
2281,むつグランドホテル 斗南温泉 美人の湯,むつグLand Hotel 斗南Hot Spring 美人 Hot Bath
2282,晃山樓,晃山樓
2283,月光温泉クアハイム,月光Hot Springクアハイム
2284,新鶴温泉健康センター,新鶴Hot Spring Health Center
2285,ぱいんすぱ新山,ぱいんすぱ新山
2286,高湯温泉共同浴場 あったか湯,高湯Hot Spring Public Bath あったか湯
2287,開運 弁天の湯（旧：お湯処まつばら）,開運 弁天 Hot Bath（旧：お湯処まつばら）
2288,仙北市民浴場 東風の湯,仙北市民Bathhouse 東風 Hot Bath
2289,女川温泉ゆぽっぽ,女 River Hot Springゆぽっぽ
2290,湯とぴあ雁の里温泉,湯とぴあ雁 no Sato Hot Spring
2291,東鳴子温泉 高友旅館,東鳴子Hot Spring 高友旅館
2292,銀山温泉 共同浴場 しろがね湯,銀山Hot Spring Public Bath しろがね湯
2293,つがる富士見荘,つがるFuji見荘
2294,鳴子・中山平温泉しんとろの湯,鳴子・中山平Hot Springしんとろ Hot Bath
2295,みちのく温泉旅館,みちのくHot Spring Inn
2296,いこいの村なみえ,いこいの村なみえ
2297,飯坂温泉 共同浴場 波来湯,飯坂Hot Spring Public Bath 波来湯
2298,金成温泉延年閣,金成Hot Spring延年閣
2299,史跡の里交流プラザ 柵の湯,史跡 no Sato Community Plaza 柵 Hot Bath
2300,湯沢市リフレッシュ交流センター ほっと館,Yuzawa CityリフレッシュCommunity Center ほっと館
2301,長沼温泉ぽっぽの湯,Naganuma Hot Springぽっぽ Hot Bath
2302,ほっと大熊,ほっと大熊
2303,おおの健康の湯,おおのHealth Hot Bath
2304,徳良湖温泉花笠の湯,徳良Lake Hot Spring花笠 Hot Bath
2305,いさりび食堂,いさりびDiner
2306,あすなろ温泉,Asunaro Hot Spring
2307,りんごの里 こま温泉,りんご no Sato こまHot Spring
2308,ゆったり温泉,ゆったりHot Spring
2309,高増温泉不動の湯,高増Hot Spring不動 Hot Bath
2310,百沢温泉,百沢Hot Spring
2311,青森まちなかおんせん,Aomoriまちなかおんせん
2312,かっぱのゆ（青森市）,かっぱのゆ（Aomori City）
2313,柏温泉,柏Hot Spring
2314,下風呂温泉 海峡の湯,下風呂Hot Spring 海峡 Hot Bath
2315,しらかみの湯,しらかみ Hot Bath
2316,ポニー温泉,ポニーHot Spring
2317,みちのく深沢温泉,みちのく深沢Hot Spring
2318,タカラの湯（青森）,タカラ Hot Bath（Aomori）
2319,百目鬼温泉,百目鬼Hot Spring
2320,鹿角市大湯温泉保養センター 湯都里,鹿角市大湯Hot Spring Recreation Center 湯都里
2321,会津若松 富士の湯,Aizu若松 Fuji Hot Bath
2322,たらポッキ温泉,たらポッキHot Spring
2323,ほっとゆだ,ほっとゆだ
2324,せせらぎ温泉（十和田）,Stream Hot Spring（Towada）
2325,フラワー温泉やえだ,フラワーHot Springやえだ
2326,蓬田村ふれあいセンター よもぎ温泉,蓬田村Community Center よもぎHot Spring
2327,遠刈田温泉 壽の湯,遠刈田Hot Spring 壽 Hot Bath
2328,鳥海温泉保養センターあぽん西浜,鳥海Hot Spring Recreation Centerあぽん西Beach
2329,老人憩の家 午ノ浜温泉,老人憩の家 午ノBeach Hot Spring
2330,大塩温泉 共同浴場（福島県）,大塩Hot Spring Public Bath（Fukushima県）
2331,大間温泉 海峡保養センター,大間Hot Spring 海峡Recreation Center
2332,桑畑温泉 湯ん湯ん,桑畑Hot Spring 湯ん湯ん
2333,会津みなみ温泉 里の湯,AizuみなみHot Spring 里 Hot Bath
2334,飯坂温泉 共同浴場 八幡の湯,飯坂Hot Spring Public Bath 八幡 Hot Bath
2335,西山温泉 下の湯,西山Hot Spring 下 Hot Bath
2336,もにわの湯,もにわ Hot Bath
2337,おいたま温泉 賜の湯,おいたまHot Spring 賜 Hot Bath
2338,岳温泉共同浴場 岳の湯,岳Hot Spring Public Bath 岳 Hot Bath
2339,さかた温泉,さかたHot Spring
2340,毛馬内七滝温泉,毛馬内七Waterfall Hot Spring
2341,湯の沢温泉ちゃぽらっと,湯の沢Hot Springちゃぽらっと
2342,芦ノ牧ドライブ温泉,芦ノ牧ドライブHot Spring
2343,テルメ柏陵 大江町健康温泉館,テルメ柏陵 大江町Health Hot Spring館
2344,飯坂温泉 鯖湖湯,飯坂Hot Spring 鯖Lake湯
2345,新庄山屋温泉,新庄山屋Hot Spring
2346,弥五島温泉 郷の湯,弥五島Hot Spring 郷 Hot Bath
2347,天童温泉 はな駒荘,天童Hot Spring はな駒荘
2348,天童最上川温泉ゆぴあ,天童最上 River Hot Springゆぴあ
2349,日帰り温泉 ゆ〜チェリー,日帰りHot Spring ゆ〜チェリー
2350,べに花温泉ひなの湯,べに花Hot Springひな Hot Bath
2351,大井沢温泉,大井沢Hot Spring
2352,よこはま温泉,よこはまHot Spring
2353,東北町 小川原湖交流センター 宝湖館,東北-cho 小 River原Lake Community Center 宝Lake館
2354,稲穂の湯,稲穂 Hot Bath
2355,御所温泉,御所Hot Spring
2356,十和田市 市民の家,Towada City 市民の家
2357,まえだやしき温泉 ほからっと,まえだやしきHot Spring ほからっと
2358,熱塩加納保健福祉センター「夢の森」,熱塩加納保健福祉Center「夢 Forest」
2359,ヘルシーランド福島,ヘルシーLand Fukushima
2360,蔵王温泉 下湯共同浴場,Zao Hot Spring 下湯Public Bath
2361,蔵王温泉 上湯共同浴場,Zao Hot Spring 上湯Public Bath
2362,蔵王温泉 川原湯共同浴場,Zao Hot Spring River原湯Public Bath
2363,あつみ温泉 正面湯 共同浴場,あつみHot Spring 正面湯 Public Bath
2364,木賊温泉共同浴場,木賊Hot Spring Public Bath
2365,アリナス温泉,アリナスHot Spring
2366,鳴子温泉 滝の湯,鳴子Hot Spring Waterfall Hot Bath
2367,大鰐温泉 大湯会館,大鰐Hot Spring 大湯会館
2368,森田温泉,森田Hot Spring
2369,平安の湯,平安 Hot Bath
2370,せせらぎ公園オートキャンプ場,Stream Park Auto Campground
2371,小野川温泉 滝の湯,小野 River Hot Spring Waterfall Hot Bath
2372,碇ヶ関温泉会館,碇ヶ関Hot Spring会館
2373,赤湯元湯,赤湯元湯
2374,老人福祉センター（かっぱふれあいの湯）,老人福祉Center（かっぱCommunity Hot Bath）
2375,奥薬研温泉 夫婦かっぱの湯,奥薬研Hot Spring 夫婦かっぱ Hot Bath
2376,二双子（ニソウシ）共同浴場,二双子（ニソウシ）Public Bath
2377,湯瀬ふれあいセンター,湯瀬Community Center
2378,道の駅 ふくしま,Roadside Station ふくしま
2379,御崎野営場,御崎Campsite
2380,道の駅 さんさん南三陸、南三陸町震災復興祈念公園,Roadside Station さんさん南三陸、南三陸町震災復興祈念Park
2381,道の駅 なんごう,Roadside Station なんごう
2382,あ･ら･伊達な道の駅,あ･ら･DateなRoadside Station
2383,道の駅 だいとう,Roadside Station だいとう
2384,南相馬市 北泉海浜総合公園️,南相馬 City 北泉Seaside General Park
2385,道の駅 なみえ,Roadside Station なみえ
2386,道の駅 やまがた蔵王、ぐっと山形,Roadside Station やまがたZao、ぐっとYamagata
2387,八戸市 新井田川水辺の楽校,Hachinohe City 新井田 River水辺の楽校
2388,道の駅 米沢,Roadside Station 米沢
2389,道の駅 山口温泉️ きらら289（にーぱーきゅう）,Roadside Station Yamaguchi Hot Spring きらら289（にーぱーきゅう）
2390,道の駅 もがみ,Roadside Station もがみ
2391,道の駅 尾瀬檜枝岐,Roadside Station 尾瀬檜枝岐
2392,道の駅 美郷（旧：道の駅 雁の里せんなん）,Roadside Station 美郷（旧：Roadside Station 雁 no Satoせんなん）
2393,道の駅 番屋,Roadside Station 番屋
2394,道の駅 そうま,Roadside Station そうま
2395,道の駅 むらやま,Roadside Station むらやま
2396,道の駅 大谷海岸、大谷海水浴場,Roadside Station 大谷Coast、大谷Swimming Beach
2397,道の駅 にしね,Roadside Station にしね
2398,道の駅 三滝堂,Roadside Station 三Waterfall堂
2399,道の駅 さんない,Roadside Station さんない
2400,道の駅 しもごう,Roadside Station しもごう
2401,道の駅 伊達の郷りょうぜん,Roadside Station Date no Satoりょうぜん
2402,道の駅 むろね,Roadside Station むろね
2403,道の駅 ひらた,Roadside Station ひらた
2404,道の駅 錦秋湖,Roadside Station 錦秋Lake
2405,道の駅 尾花沢,Roadside Station 尾花沢
2406,道の駅 にしかわ,Roadside Station にしかわ
2407,道の駅 ならは,Roadside Station ならは
2408,楢葉町 天神岬スポーツ公園,楢葉-cho 天神Cape Sports Park
2409,道の駅 南相馬、高見公園,Roadside Station 南相馬、高見Park
2410,道の駅 おおえ「コラマガセ」,Roadside Station おおえ「コラマガセ」
2411,道の駅 雫石あねっこ️、小柳沢砂防公園オートキャンプ場️,Roadside Station 雫石あねっこ、小柳沢砂防Park Auto Campground
2412,八戸市 沼館緑地公園、極楽湯 八戸店️,Hachinohe City Marsh館Green Space Park、Gokurakuyu Hachinohe店
2413,浅舞公園,浅舞Park
2414,檜枝岐村役場駐車場,檜枝岐村役場Parking Area
2415,美郷町 雁の里 山本公園️、雁の里ふれあいの森キャンプ場️,美郷-cho 雁 no Sato 山本Park、雁 no Sato Community Forest Campground
2416,最上町 おらだの川公園,最上-cho おらだの River Park
2417,徳良湖 花笠グラウンド駐車場,徳良Lake 花笠グラウンドParking Area
2418,道の駅 いわき・ら・ら・ミュウ,Roadside Station Iwaki・ら・ら・ミュウ
2419,大間崎テントサイト（無料キャンプ場）,大間崎テントサイト（Free Campground）
2420,道の駅 おがち,Roadside Station おがち
2421,道の駅 あつみ,Roadside Station あつみ
2422,芦野公園 オートキャンプ場（無料キャンプ場）,芦野Park Auto Campground（Free Campground）
2423,道の駅 鳥海 ふらっと,Roadside Station 鳥海 ふらっと
2424,南の池公園キャンプ場,南のPond Park Campground
2425,道の駅 ひない,Roadside Station ひない
2426,七戸町立森林公園 無料キャンプ場️,七戸町立Forest Park Free Campground
2427,道の駅 おおがた,Roadside Station おおがた
2428,道の駅 あきた港,Roadside Station あきたPort
2429,道の駅 大館能代空港,Roadside Station 大館能代空Port
2430,道の駅 岩城 アキタウミヨコ,Roadside Station 岩Castle アキタウミヨコ
2431,道の駅 ひろさき サンフェスタいしかわ,Roadside Station ひろさき サンフェスタいしかわ
2432,道の駅 ふたつい きみまちの里,Roadside Station ふたつい きみまち no Sato
2433,吹浦駐車場,吹浦Parking Area
2434,薬研温泉 無料駐車場,薬研Hot Spring Free Parking Area
2435,道の駅 のだ ぱあぷる,Roadside Station のだ ぱあぷる
2436,道の駅 もりおか渋民「たみっと」,Roadside Station もりおか渋民「たみっと」
2437,道の駅 ふなこし・いぐべす（旧：産直ひろば やまだ、旧：道の駅 やまだ）,Roadside Station ふなこし・いぐべす（旧：産直ひろば やまだ、旧：Roadside Station やまだ）
2438,道の駅 新庄エコロジーガーデン 原蚕の杜,Roadside Station 新庄エコロジーGarden 原蚕 Grove
2439,道の駅 よこはま,Roadside Station よこはま
2440,道の駅 あいづ 湯川・会津坂下,Roadside Station あいづ 湯 River・Aizu坂下
2441,道の駅 石鳥谷,Roadside Station 石鳥谷
2442,道の駅 厳美渓,Roadside Station 厳美渓
2443,道の駅 おりつめオドデ館,Roadside Station おりつめオドデ館
2444,道の駅 いかりがせき,Roadside Station いかりがせき
2445,道の駅 平泉,Roadside Station Hiraizumi
2446,道の駅 田沢 なごみの郷,Roadside Station 田沢 なごみ no Sato
2447,大滝公園駐車場,大Waterfall Park Parking Area
2448,道の駅 しちのへ,Roadside Station しちのへ
2449,道の駅 喜多の郷,Roadside Station 喜多 no Sato
2450,道の駅 寒河江 チェリーランド,Roadside Station 寒 River江 チェリーLand
2451,道の駅 さんのへ,Roadside Station さんのへ
2452,道の駅 石神の丘,Roadside Station 石神 Hill
2453,道の駅 やたて峠,Roadside Station やたてPass
2454,道の駅 天童温泉,Roadside Station 天童Hot Spring
2455,小川原湖公園,小 River原Lake Park
2456,道の駅 東松島,Roadside Station 東Matsushima
2457,道の駅 十和田湖,Roadside Station Towada Lake
2458,ぬぐだまりの里 秘湯 八甲田温泉,ぬぐだまり no Sato 秘湯 Hakkoda Hot Spring
2459,道の駅 いわて北三陸,Roadside Station いわて北三陸
2460,田代元湯,田代元湯
2461,道の駅 青の国ふだい,Roadside Station 青の国ふだい
2462,スパ泉ヶ岳,Spa泉ヶ岳
2463,鶴の舞橋駐車場,鶴の舞橋Parking Area
2464,道の駅 かくだ,Roadside Station かくだ
2465,山形PA（東北中央自動車道）,Yamagata PA（東北Central自動車道）
2466,南陽PA（東北中央自動車道）,南陽PA（東北Central自動車道）
2467,道の駅 国見 あつかしの郷,Roadside Station 国見 あつかし no Sato
2468,道の駅 川のみなと長井,Roadside Station River Port長井
2469,日景温泉,日景Hot Spring
2470,マルカンデパート大食堂,マルカンデパート大Diner
2471,湯楽館 カプセル1600円,Yura館 カプセル1600円
2472,小野川温泉 尼湯,小野 River Hot Spring 尼湯
2473,RVパーク高畠ふれあい市,RVPark高畠Community City
2474,RVパークみちのくはしかみ,RVParkみちのくはしかみ
2475,ＲＶパーク エビスヤ,ＲＶPark エビスヤ
2476,田舎館村老人憩いの家,田舎館村老人憩いの家
2477,仙台 竜泉寺の湯,Sendai 竜泉Temple Hot Bath
2478,田沢湖ローズパークホテル,Lake TazawaローズPark Hotel
2479,大平温泉 滝見屋,大平Hot Spring Waterfall見屋
2480,須川温泉 栗駒山荘,Sukawa Hot Spring 栗駒山荘
2481,天然温泉つるしの湯,Natural Hot Springつるし Hot Bath
2482,黄金崎不老ふ死温泉,黄金崎不老ふ死Hot Spring
2483,蔦温泉旅館,蔦Hot Spring Inn
2484,吾妻高湯温泉 玉子湯,吾妻高湯Hot Spring 玉子湯
2485,酸ヶ湯温泉,酸ヶ湯Hot Spring
2486,仙台コロナの湯,Sendaiコロナ Hot Bath
2487,大江戸温泉物語Premium 仙台作並（旧：作並温泉 岩松旅館）,大江戸Hot Spring物語Premium Sendai作並（旧：作並Hot Spring 岩松旅館）
2488,ホテル竜飛,Hotel竜飛
2489,藤塚の湯（アクアイグニス仙台）,藤塚 Hot Bath（アクアイグニスSendai）
2490,土湯峠温泉郷 野地温泉 野地温泉ホテル,土湯Pass Hot Spring郷 野地Hot Spring 野地Hot Spring Hotel
2491,蔵王温泉 大露天風呂,Zao Hot Spring 大Open-air Bath
2492,"船河原PA (下りのみ)<font color=""#ff0000"">（※トイレ無し！）</font>",船 River原PA (下りのみ)（※No Restroom！）
2493,"津軽石PA<font color=""#ff0000"">（※トイレ無し！）</font>",津軽石PA（※No Restroom！）
2494,"（<font color=""#ff0000"">20時～翌朝4時まで夜間閉鎖</font>）仙台新港・向洋海浜公園",（20時～翌朝4時までNight Closure）Sendai新Port・向洋Seaside Park
2495,櫛引PA,櫛引PA
2496,シャトルバス出発場,シャトルバス出発場
2497,ならはPA 上下あり,ならはPA 上下Available
2498,阿武隈高原SA,阿武隈Highland SA
2499,阿闍羅PA,阿闍羅PA
2500,花輪SA,花輪SA
2501,鏡石PA,鏡石PA
2502,月山湖PA,月山Lake PA
2503,古関PA,古関PA
2504,五百川PA,五百 River PA
2505,高舘PA,高舘PA
2506,国見SA,国見SA
2507,三春PA,三春PA
2508,山形蔵王PA（山形自動車道）,Yamagata Zao PA（Yamagata自動車道）
2509,山内PA,山内PA
2510,小坂PA,小坂PA
2511,新鶴PA,新鶴PA
2512,西会津PA,西Aizu PA
2513,西仙北SA,西仙北SA
2514,太平山PA,太平山PA
2515,大森PA,大森PA
2516,津軽SA,津軽SA
2517,田山PA,田山PA
2518,湯ノ岳PA,湯ノ岳PA
2519,道の駅 いまべつ,Roadside Station いまべつ
2520,道の駅 いわいずみ,Roadside Station いわいずみ
2521,道の駅 かみおか,Roadside Station かみおか
2522,道の駅 かわうち湖,Roadside Station かわうちLake
2523,道の駅 こさか七滝,Roadside Station こさか七Waterfall
2524,道の駅 ことおか,Roadside Station ことおか
2525,道の駅 さくらの郷,Roadside Station Sakura no Sato
2526,道の駅 しょうわ,Roadside Station しょうわ
2527,道の駅 しんごう,Roadside Station しんごう
2528,道の駅 たかのす,Roadside Station たかのす
2529,道の駅 とわだ,Roadside Station とわだ
2530,道の駅 にしあいづ,Roadside Station にしあいづ
2531,道の駅 はちもり,Roadside Station はちもり
2532,道の駅 はなわ,Roadside Station はなわ
2533,道の駅 はやちね,Roadside Station はやちね
2534,道の駅 ふかうら,Roadside Station ふかうら
2535,道の駅 ふるどの,Roadside Station ふるどの
2536,道の駅 みさわ,Roadside Station みさわ
2537,道の駅 みなみかた,Roadside Station みなみかた
2538,道の駅 みんまや,Roadside Station みんまや
2539,道の駅 やまびこ館,Roadside Station やまびこ館
2540,道の駅 よつくら港,Roadside Station よつくらPort
2541,道の駅 わきのさわ,Roadside Station わきのさわ
2542,道の駅 羽鳥湖高原,Roadside Station 羽鳥Lake Highland
2543,道の駅 五城目,Roadside Station 五Castle目
2544,道の駅 三田貝分校,Roadside Station 三田貝分校
2545,道の駅 十三湖高原,Roadside Station 十三Lake Highland
2546,道の駅 虹の湖,Roadside Station 虹のLake
2547,道の駅 白い森おぐに,Roadside Station 白い森おぐに
2548,道の駅 白樺の里やまがた,Roadside Station 白樺 no Satoやまがた
2549,道の駅 米山,Roadside Station 米山
2550,道の駅 林林館,Roadside Station 林林館
2551,八郎湖SA,八郎Lake SA
2552,福地PA,福地PA
2553,福島松川PA,Fukushima松 River PA
2554,釣瓶落峠,釣瓶落Pass
2555,袖山高原 無料駐車場,袖山Highland Free Parking Area
2556,発荷峠展望台 無料駐車場,発荷Pass Observation Deck Free Parking Area
2557,浄土平駐車場,浄土平Parking Area
2558,かわうち湖（青森県）天体観測ポイント,かわうちLake（Aomori県）天体観測ポイント
2559,三保野公園,三保野Park
2560,JR下北駅駐車場,JR下北駅Parking Area
2561,佐井村立 津軽海峡文化館アルサス,佐井村立 津軽海峡文化館アルサス
2562,下手浜児童公園,下手Beach児童Park
2563,道の駅 たじま,Roadside Station たじま
2564,南相馬市 わんぱく広場,南相馬 City わんぱくPlaza
2565,烏帽子山公園,烏帽子山Park
2566,十六沼公園,十六Marsh Park
2567,堀川親水公園,堀 River Waterfront Park
2568,舘ノ山公園,舘ノ山Park
2569,米沢総合公園 駐車場,米沢General Park Parking Area
2570,大崎市 中山平コミュニティセンター,大崎 City 中山平コミュニティCenter
2571,鳴子峡 中山平側 駐車場,鳴子峡 中山平側 Parking Area
2572,村山市 東沢バラ公園,村山 City 東沢バラPark
2573,北上市 和賀川ふれあい広場、無料キャンプ場️ ※宿泊キャンプ不可,北上 City 和賀 River Community Plaza、Free Campground ※宿泊キャンプ不可
2574,徳良湖 北側駐車場,徳良Lake North Side Parking Area
2575,盛岡市 高松公園、こがねパーク高松,Morioka City Takamatsu Park、こがねPark Takamatsu
2576,尾花沢市運動公園,尾花沢市Sports Park
2577,道の駅 河北 ぶらっとぴあ,Roadside Station River北 ぶらっとぴあ
2578,河北中央公園,River北Central Park
2579,えづりこ（江釣子）古墳公園,えづりこ（江釣子）古墳Park
2580,巨釜（おおがま、海岸景勝地）駐車場,巨釜（おおがま、Coast景勝地）Parking Area
2581,半造（はんぞう、海岸景勝地）駐車場,半造（はんぞう、Coast景勝地）Parking Area
2582,道の駅 みずさわ,Roadside Station みずさわ
2583,四十四田公園,四十四田Park
2584,九年橋せせらぎ公園,九年橋Stream Park
2585,八戸市 南郷朝もやの館、ふれあい公園,Hachinohe City 南郷朝もやの館、Community Park
2586,海峡の里スポーツ公園,海峡 no Sato Sports Park
2587,布海苔記念公園,布海苔記念Park
2588,金谷公園,金谷Park
2589,関根駐車帯,関根Parking Zone
2590,むつ市 早掛沼公園,むつ City 早掛Marsh Park
2591,野辺地海浜公園駐車場,野辺地Seaside Park Parking Area
2592,下風呂漁港,下風呂Fishing Port
2593,野辺地町運動公園,野辺地町Sports Park
2594,田代平湿原前駐車場（向かいの温泉は休業中）,田代平Wetlands前Parking Area（向かいのHot Springは休業中）
2595,薬研野営場（有料キャンプ場️）,薬研Campsite（Paid Campground）
2596,鶴岡市 友愛の森広場,Tsuruoka City 友愛 Forest Plaza
2597,田代高原・田代キャンプ場,田代Highland・田代Campground
2598,駒込駐車場,駒込Parking Area
2599,萱野高原,萱野Highland
2600,むつ市 水源地公園 北駐車場,むつ City 水源地Park 北Parking Area
2601,青森市スポーツ公園,Aomori City Sports Park
2602,狼野長根公園,狼野長根Park
2603,菊ヶ丘運動公園,菊ヶ丘Sports Park
2604,西目屋村 白神山地観光案内所、アクアグリーンビレッジANMON,西目屋-mura 白神山地Sightseeing案内所、アクアGreen Village ANMON
2605,三崎公園,三崎Park
2606,三崎公園キャンプ場,三崎Park Campground
2607,パルク赤川、赤川河川緑地ふれあい広場,パルク赤 River、赤 River River River Green Space Community Plaza
2608,酸ヶ湯公共駐車場,酸ヶ湯Public Parking
2609,恐山菩提寺 駐車場（5月1日〜10月末限定）,恐山菩提Temple Parking Area（5月1日〜10月末限定）
2610,下郷町 観音沼森林公園,下郷-cho 観音Marsh Forest Park
2611,下郷町 塔のへつり 木かげの駐車場（※紅葉シーズンは有料）,下郷-cho 塔のへつり 木かげのParking Area（※紅葉シーズンはPaid）
2612,会津若松市 若郷湖東公園 清流と石の森（大川ダム東公園）,Aizu若松 City 若郷Lake東Park 清流と石 Forest（大 River Dam東Park）
2613,芦ノ牧温泉駅前駐車場,芦ノ牧Hot Spring Station Front Parking Area
2614,元鍛治丁公園公衆トイレ,元鍛治丁Park Public Restroom
2615,喜多方市 御殿場公園,喜多方 City 御殿場Park
2616,大峠休憩所,大Pass休憩所
2617,最上川窪田地区河川緑地（水辺の楽校）,最上 River窪田地-ku River River Green Space（水辺の楽校）
2618,天童公園 北側駐車場,天童Park North Side Parking Area
2619,仙台市 葛岡墓園,Sendai City 葛岡墓園
2620,多賀城跡 管理棟駐車場,多賀Castle跡 管理棟Parking Area
2621,真湯駐車場 無料駐車場,真湯Parking Area Free Parking Area
2622,真湯（シンユ）野営場,真湯（シンユ）Campsite
2623,一関市 真湯（シンユ）温泉️ジャブジャブ広場,Ichinoseki City 真湯（シンユ）Hot SpringジャブジャブPlaza
2624,栗駒国定公園 須川湖園地,栗駒国定Park Sukawa Lake Recreation Area
2625,遠部ダムいこいの広場,遠部DamいこいのPlaza
2626,あじゃら公園 わんぱく広場,あじゃらPark わんぱくPlaza
2627,合浦公園,合浦Park
2628,浅虫ダム,浅虫Dam
2629,サンスカイつちゆ こけし湯,サンスカイつちゆ こけし湯
2630,平安閣,平安閣
2631,赤湯温泉あずま湯,赤湯Hot Springあずま湯
2632,白神山地,白神山地
2633,平泉―仏国土（浄土）を表す建築・庭園及び考古学的遺跡群―,Hiraizumi―仏国土（浄土）を表す建築・庭園及び考古学的遺跡群―
2634,道の駅 たかはた,Roadside Station たかはた
2635,峠山パークランド・オアシス館,Pass山Park Land・オアシス館
2636,うえんで,うえんで
2637,ドッグカフェ ペペロンチーノ,ドッグカフェ ペペロンチーノ
2638,青荷温泉,青荷Hot Spring
2639,なの花温泉 田田,なの花Hot Spring 田田
2640,夜の森桜並木,夜 Forest桜並木
2641,信越：長野・新潟,信越：Nagano・Niigata
2642,信越：長野・新潟,信越：Nagano・Niigata
2643,関東・山梨・静岡,関東・山梨・Shizuoka
2644,千本桜グランド駐車場,千本桜グLand Parking Area
2645,川口PA（上りのみ）（首都高速）,River口PA（上りのみ）（首都高速）
2646,道の駅 かつら,Roadside Station かつら
2647,外環八潮PA,外環八潮PA
2648,道の駅 那珂,Roadside Station 那珂
2649,道の駅 fumotto（フモット）南アルプス,Roadside Station fumotto（フモット）南アルプス
2650,道の駅 こうのす,Roadside Station こうのす
2651,神崎PA（上下）,神崎PA（上下）
2652,山武PA（上下）,山武PA（上下）
2653,行方PA（上下）,行方PA（上下）
2654,道の駅 おおあみしらさと,Roadside Station おおあみしらさと
2655,道の駅 やしお,Roadside Station やしお
2656,道の駅 松伏,Roadside Station 松伏
2657,道の駅 越谷,Roadside Station 越谷
2658,道の駅 鹿沼市花木センター（仮）,Roadside Station 鹿Marsh City花木Center（仮）
2659,道の駅 くき 菖蒲グリーンセンター（仮）,Roadside Station くき 菖蒲Green Center（仮）
2660,道の駅 さいたま（仮）,Roadside Station Saitama（仮）
2661,秦野丹沢SA,秦野丹沢SA
2662,小山PA,小山PA
2663,"<font color=""red""></font>道の駅 やちよ",Roadside Station やちよ
2664,道の駅 かみのかわ,Roadside Station かみのかわ
2665,道の駅 もばら（仮）,Roadside Station もばら（仮）
2666,道の駅 まつだ 寄自然休養村管理センター,Roadside Station まつだ 寄自然休養村管理Center
2667,道の駅 くるん熊谷,Roadside Station くるん熊谷
2668,道の駅 あんなか,Roadside Station あんなか
2669,京葉道路下り線 京葉市川PA（旧名：鬼高PA）,京葉道路下り線 京葉 City River PA（旧名：鬼高PA）
2670,道の駅 発酵の里こうざき,Roadside Station 発酵 no Satoこうざき
2671,道の駅 おがわまち,Roadside Station おがわまち
2672,天女山駐車場,天女山Parking Area
2673,観音平 第1駐車場,観音平 #1Parking Area
2674,南アルプス市 市営芦安駐車場️,南アルプス City City-run芦安Parking Area
2675,遊・湯ふれあい公園 駐車場,遊・湯Community Park Parking Area
2676,田富ふるさと公園 駐車場,田富Hometown Park Parking Area
2677,大法師公園 駐車場,大法師Park Parking Area
2678,御勅使川福士公園上流駐車場,御勅使 River福士Park Upstream Parking Area
2679,御勅使川福士公園親水広場駐車場,御勅使 River福士Park Waterfront Plaza Parking Area
2680,曽根丘陵公園第3駐車場,曽根丘陵Park#3Parking Area
2681,彦沢の清水,彦沢のShimizu
2682,三太の湯,三太 Hot Bath
2683,道の駅 あらかわ,Roadside Station あらかわ
2684,證誠寺,證誠Temple
2685,湯の郷ほのか 蘇我店,湯 no Satoほのか 蘇我店
2686,寸又峡温泉 求夢荘,寸又峡Hot Spring 求夢荘
2687,駐車場 昔のパチンコさくら園,Parking Area 昔のパチンコSakura園
2688,タイムズ寸又峡第３駐車場,タイムズ寸又峡第３Parking Area
2689,大沼キャンプフィールド（スノーピーク 赤城 キャンプフィールド）,Onumaキャンプフィールド（スノーピーク 赤Castle キャンプフィールド）
2690,"ニコニコテラス駐車場（<font color=""red"">夜間利用は禁止との報告あり</font>）",ニコニコTerrace Parking Area（夜間利用は禁止との報告Available）
2691,碓氷峠の森公園 峠の湯,碓氷Pass Forest Park Pass Hot Bath
2692,双子公園駐車場,双子Park Parking Area
2693,印旛沼駐車場,印旛Marsh Parking Area
2694,佐倉ふるさと広場,佐倉Hometown Plaza
2695,一本松湧水,一本松Natural Spring
2696,掛川市 大池公園,掛 River City 大Pond Park
2697,親水公園ふぃしゅーな、アクアスやいづ,Waterfront Parkふぃしゅーな、アクアスやいづ
2698,元湯なかむら館,元湯なかむら館
2699,道の駅 ゆとりえせとや️,Roadside Station ゆとりえせとや
2700,コロナの湯小田原店（夜間トイレ無し）,コロナ Hot Bath小田原店（夜間No Restroom）
2701,磐田市 磐田スポーツ交流の里 ゆめりあ️,磐田 City 磐田Sports Community no Sato ゆめりあ
2702,習志野市 実籾駅 周辺,習志野 City 実籾駅 周辺
2703,道の駅 ばとう,Roadside Station ばとう
2704,道の駅 アグリパークゆめすぎと,Roadside Station アグリParkゆめすぎと
2705,道の駅 庄和,Roadside Station 庄和
2706,さいたま市 岩槻城址公園️,Saitama City 岩槻Castle址Park
2707,道の駅 玉露の里,Roadside Station 玉露 no Sato
2708,静岡市 鶴舞公園,Shizuoka City 鶴舞Park
2709,道の駅 しもつま,Roadside Station しもつま
2710,道の駅 ましこ,Roadside Station ましこ
2711,道の駅 さかい️（茨城県）,Roadside Station さかい（茨Castle県）
2712,快活CLUB 掛川店,Kaikatsu CLUB 掛 River店
2713,富士川SA,Fuji River SA
2714,道の駅 富士川楽座,Roadside Station Fuji River楽座
2715,裾野市 梅の里,裾野 City 梅 no Sato
2716,道の駅 清川,Roadside Station 清 River
2717,"宇都宮市役所 東駐車場（<font color=""red"">夜間封鎖</font>）",Utsunomiya City役所 東Parking Area（夜間封鎖）
2718,さくら市総合公園,Sakura City General Park
2719,宇都宮市 八幡山公園,Utsunomiya City 八幡山Park
2720,煮干鰮らーめん 圓 八王子本店,煮干鰮らーめん 圓 八王子Main Store
2721,道の駅 ごか,Roadside Station ごか
2722,道の駅 まくらがの里こが,Roadside Station まくらが no Satoこが
2723,道の駅 しもつけ,Roadside Station しもつけ
2724,道の駅 にのみや,Roadside Station にのみや
2725,道の駅 常総️,Roadside Station 常総
2726,道の駅 きつれがわ,Roadside Station きつれがわ
2727,道の駅 グランテラス筑西,Roadside Station グランTerrace筑西
2728,道の駅 奥久慈だいご️（EAST＆WEST）,Roadside Station 奥久慈だいご（EAST＆WEST）
2729,庄和総合公園駐車場,庄和General Park Parking Area
2730,京葉道路 幕張PA（Pasar幕張）,京葉道路 幕張PA（Pasar幕張）
2731,午頭島公園,午頭島Park
2732,道の駅 いちかわ,Roadside Station いちかわ
2733,浜松市 佐鳴湖公園,Beach松 City 佐鳴Lake Park
2734,佐鳴湖公園 サンサン駐車場,佐鳴Lake Park サンサンParking Area
2735,道の駅 湘南ちがさき️,Roadside Station 湘南ちがさき
2736,高麗山公園 駐車場,高麗山Park Parking Area
2737,大磯町 大磯運動公園️,大磯-cho 大磯Sports Park
2738,藤沢市 P3 県立湘南海岸公園 西部駐車場️,藤沢 City P3 県立湘南Coast Park 西部Parking Area
2739,横浜市 沢渡中央公園周辺のコインパーキング,Yokohama City 沢渡Central Park Nearby Coin Parking
2740,道の駅 伊豆ゲートウェイ函南️,Roadside Station 伊豆ゲートウェイ函南
2741,北条海岸駐車場,北条Coast Parking Area
2742,藤枝市 つたの細道公園 駐車場,藤枝 City つたの細道Park Parking Area
2743,静岡市 明治トンネル 観光トイレ,Shizuoka City 明治トンネル Sightseeing Restroom
2744,島田市中央公園,島田市Central Park
2745,（夜間封鎖）茜浜緑地 第一駐車場,（夜間封鎖）茜Beach Green Space No.1Parking Area
2746,渋川市 子持ふれあい公園,渋 River City 子持Community Park
2747,川場谷野営場,River場谷Campsite
2748,佐久間ダム湖 親水公園（都市と農村交流広場）の駐車場,佐久間Dam Lake Waterfront Park（都市とRural Community Plaza）のParking Area
2749,シャトレーゼホテル石和,シャトレーゼHotel石和
2750,河津 有料P,River津 Paid P
2751,圏央道 坂東PA（上下）,圏央道 坂東PA（上下）
2752,ラーメン山岡家 小山田間店,Ramen山岡家 小山田間店
2753,三島神社公園駐車場,三島Shrine Park Parking Area
2754,道の駅 思川,Roadside Station 思 River
2755,ドラゴンランチ,ドラゴンランチ
2756,大日影通りの湧水,大日影Street Natural Spring
2757,偕楽園,偕楽園
2758,デリー 上野店（本店）,デリー 上野店（Main Store）
2759,富士八景の湯,Fuji八景 Hot Bath
2760,さかえや,さかえや
2761,家康の里 駐車場,家康 no Sato Parking Area
2762,辰巳PA,辰巳PA
2763,サンアール朝日,サンアール朝日
2764,表浜名湖 新居海釣り公園,表Beach名Lake 新居海釣りPark
2765,大清水第一駐車場,大Shimizu No.1Parking Area
2766,華厳の滝駐車場,華厳のWaterfall Parking Area
2767,海ほたるPA,海ほたるPA
2768,ふもとっぱら オートキャンプ場,ふもとっぱら Auto Campground
2769,横須賀 うみかぜ公園駐車場,Yokosuka うみかぜPark Parking Area
2770,桜川市 筑波高原キャンプ場,桜 River City 筑波Highland Campground
2771,ASAMA Park Field 浅間園オートキャンプ場,ASAMA Park Field 浅間園Auto Campground
2772,田貫湖駐車場,田貫Lake Parking Area
2773,とんかつ あづま,とんかつ あづま
2774,漁協直営 鮮魚食堂「ばんや」,漁協直営 鮮魚Diner「ばんや」
2775,野島崎,野島崎
2776,まかいの牧場,まかいのRanch
2777,河津バガテル公園駐車場,River津バガテルPark Parking Area
2778,静岡市ふれあい健康増進館ゆらら,Shizuoka City Community Health増進館ゆらら
2779,広野海岸公園,広野Coast Park
2780,静岡市西ヶ谷総合運動場,Shizuoka City西ヶ谷総合運動場
2781,有度山総合公園,有度山General Park
2782,入道樋門公園,入道樋門Park
2783,和田長浜海水浴場駐車場,和田長Beach Swimming Beach Parking Area
2784,道の駅 南きよさと,Roadside Station 南きよさと
2785,芝浦PA(上り),芝浦PA(上り)
2786,富士ハーネス,Fujiハーネス
2787,横川SA,横 River SA
2788,庚申の水,庚申 Spring Water
2789,鉱石ミネラル嵐の湯 湯治の館2号館,鉱石ミネラル嵐 Hot Bath 湯治の館2号館
2790,ドラゴンパーク,ドラゴンPark
2791,茂原公園駐車場,茂原Park Parking Area
2792,信玄堤公園,信玄堤Park
2793,万力公園,万力Park
2794,箱根エコパーキング,HakoneエコパーKing
2795,箱根の森 無料駐車場,Hakone Forest Free Parking Area
2796,飯田公園、浜松市緑化推進センター みどり～な,Iida Park、Beach松市緑化推進Center みどり～な
2797,小鹿の森公園（※トイレ非常に遠い）,小鹿 Forest Park（※Restroom非常に遠い）
2798,由比川河川敷スポーツ広場 北側駐車場,由比 River River River敷Sports Plaza North Side Parking Area
2799,弘法山公園 浅間山駐車場,弘法山Park 浅間山Parking Area
2800,芹沢公園西駐車場,芹沢Park西Parking Area
2801,淵野辺公園 第２駐車場,淵野辺Park 第２Parking Area
2802,三保の松原 駐車場,三保の松原 Parking Area
2803,三保真崎海水浴場,三保真崎Swimming Beach
2804,三保真崎広場 無料駐車場とトイレ,三保真崎Plaza Free Parking AreaとRestroom
2805,清水三保海浜公園,Shimizu三保Seaside Park
2806,吉田公園第二駐車場,吉田Park第二Parking Area
2807,川奈いるか浜 駐車場,River奈いるかBeach Parking Area
2808,伊東の漁港の駐車場,伊東のFishing Port Parking Area
2809,富士と港の見える公園,FujiとPortの見えるPark
2810,梶原山公園 駐車場,梶原山Park Parking Area
2811,静波海岸,静波Coast
2812,みかげ原展望地,みかげ原展望地
2813,我入道浜,我入道Beach
2814,下仁田町 観光無料駐車場,下仁田-cho Sightseeing Free Parking Area
2815,乙女園公園 駐車場,乙女園Park Parking Area
2816,"農村公園（<font color=""red"">携帯圏外</font>）",Rural Park（携帯圏外）
2817,水道山公園,水道山Park
2818,森と水の公園,Forest & 水のPark
2819,土村キャンプ適地（無料キャンプ場）,土村キャンプ適地（Free Campground）
2820,黒磯公園東駐車場,黒磯Park東Parking Area
2821,乗附緑地ゲートボール場,乗附Green Spaceゲートボール場
2822,都筑南公園,都筑南Park
2823,薩埵峠,薩埵Pass
2824,薩埵峠入口,薩埵Pass入口
2825,白須賀海岸,白須賀Coast
2826,島郷公園駐車場,島郷Park Parking Area
2827,町立文化の森 六道山公園駐車場,町立文化 Forest 六道山Park Parking Area
2828,道平川ダム,道平 River Dam
2829,びん沼自然公園 南側駐車場,びんMarsh Nature Park South Side Parking Area
2830,馬山多目的グラウンド,馬山Multi-purposeグラウンド
2831,（夏季は有料）都筑海岸駐車場,（夏季はPaid）都筑Coast Parking Area
2832,那珂川河畔公園,那珂 River River畔Park
2833,吾妻公園,吾妻Park
2834,花川運動公園,花 River Sports Park
2835,永府公園,永府Park
2836,厳島湿生公園,厳島湿生Park
2837,（傾斜えぐい）石畑公園 駐車場,（傾斜えぐい）石畑Park Parking Area
2838,日本平 普通車駐車場,日本平 普通車Parking Area
2839,用宗公園,用宗Park
2840,青岩公園駐車場,青岩Park Parking Area
2841,西遊馬公園,西遊馬Park
2842,畑薙第一ダム,畑薙No.1Dam
2843,いくさわ西の池跡公園,いくさわ西のPond跡Park
2844,竜頭の滝駐車場（※傾斜きつい）,竜頭のWaterfall Parking Area（※傾斜きつい）
2845,県立赤城公園 小沼駐車場,県立赤Castle Park Konuma Parking Area
2846,木更津潮浜公園,木更津潮Beach Park
2847,碓氷湖パーキング,碓氷LakeパーKing
2848,みずがき山自然公園,みずがき山Nature Park
2849,八溝山頂駐車スペース,八溝Summit駐車スペース
2850,市営 日向子駐車場,City-run 日向子Parking Area
2851,梅田親水公園,梅田Waterfront Park
2852,あけぼの山農業公園 さくら山,あけぼの山農業Park Sakura山
2853,科学万博記念公園駐車場,科学万博記念Park Parking Area
2854,白尾山公園,白尾山Park
2855,富士北麓駐車場 (富士山パーキング),Fuji北麓Parking Area (Mt. FujiパーKing)
2856,県営無料湯本駐車場,県営Free Yumoto Parking Area
2857,碓氷峠めがね橋 無料駐車場,碓氷Passめがね橋 Free Parking Area
2858,片品村 無料駐車場,片品-mura Free Parking Area
2859,紅葉谷駐車場,紅葉谷Parking Area
2860,昭和島運動場 東側駐車場,Showa島運動場 East Side Parking Area
2861,木更津新港公園,木更津新Port Park
2862,サクラソウふれあい公園,サクラソウCommunity Park
2863,吉岡町緑地運動公園 北側駐車エリア,吉岡町Green Space Sports Park North Side駐車Area
2864,岩本山公園 第3駐車場,岩本山Park #3Parking Area
2865,さわやかトイレ,さわやかRestroom
2866,猿ヶ峡無料パーキング,猿ヶ峡FreeパーKing
2867,花木農産物直売所さんぽ道 裏の駐車場,花木農産物直売所さんぽ道 裏のParking Area
2868,飯岡灯台駐車場 飯岡刑部岬展望館駐車場,飯岡灯台Parking Area 飯岡刑部Cape展望館Parking Area
2869,袖ヶ浦海浜公園,袖ヶ浦Seaside Park
2870,蓮沼海浜公園駐車場,蓮Marsh Seaside Park Parking Area
2871,由比港,由比Port
2872,釜無川スポーツ公園,釜無 River Sports Park
2873,神之池公園,神之Pond Park
2874,鳥居崎海浜公園,鳥居崎Seaside Park
2875,琴ヶ浜無料P,琴ヶBeach Free P
2876,真鶴岬駐車場,真鶴Cape Parking Area
2877,万葉の森公園 駐車場,Manyo Forest Park Parking Area
2878,日光霧降高原 キスゲ平園地 駐車場,Nikko霧降Highland キスゲ平Recreation Area Parking Area
2879,本栖湖駐車場,本栖Lake Parking Area
2880,真鶴パーキング,真鶴パーKing
2881,戸田水辺公園,戸田水辺Park
2882,三戸海水浴場,三戸Swimming Beach
2883,保田中央海岸,保田Central Coast
2884,真鶴車中泊スポット,真鶴Car Overnight Spot
2885,熱海峠料金所駐車場,Atami Pass料金所Parking Area
2886,行田市 水城公園P,行田 City 水Castle Park P
2887,君ヶ浜しおさい公園駐車場,君ヶBeachしおさいPark Parking Area
2888,無料駐車場,Free Parking Area
2889,無料駐車場とトイレ,Free Parking AreaとRestroom
2890,昇仙峡 滝上駐車場,昇仙峡 Waterfall上Parking Area
2891,富士見峠P,Fuji見Pass P
2892,丸山公園駐車場,丸山Park Parking Area
2893,上平パーキング,上平パーKing
2894,秩父多摩甲斐国立公園 駐車場,秩父多摩甲斐国立Park Parking Area
2895,長瀞 蓬莱島公園 無料駐車場,長瀞 蓬莱島Park Free Parking Area
2896,SV パトリア品川,SV パトリア品 River
2897,ねずみ塚広場,ねずみ塚Plaza
2898,萱沼びん沼公園 北側駐車場,萱MarshびんMarsh Park North Side Parking Area
2899,恋瀬橋ロードパーク,恋瀬橋Road Park
2900,昇仙峡 県営無料駐車場,昇仙峡 県営Free Parking Area
2901,桜の里駐車場,桜 no Sato Parking Area
2902,西臼塚駐車場 トイレあり,西臼塚Parking Area Restroom Available
2903,公園無料P,Park Free P
2904,若松緑地Ｐ,若松Green SpaceＰ
2905,ライフマチノマ大森店,ライフマチノマ大森店
2906,道の駅 いっぷく処横川,Roadside Station いっぷく処横 River
2907,壬生PA,壬生PA
2908,藤岡PA（上りのみ）,藤岡PA（上りのみ）
2909,峰山パーキング,峰山パーKing
2910,江戸崎PA,江戸崎PA
2911,道の駅 くらぶち小栗の里,Roadside Station くらぶち小栗 no Sato
2912,木場駅南、平久公園周辺のコインパーキング,木場駅南、平久Park Nearby Coin Parking
2913,姫の井戸,姫の井戸
2914,法雲寺の湧き水,法雲Templeの湧き水
2915,湧玉池,湧玉Pond
2916,TOYOTIRES ビューラウンジ,TOYOTIRES ビューラウンジ
2917,白尾山公園,白尾山Park
2918,富士山の恵み水,Mt. Fujiの恵み水
2919,富士山のおいしい水（道の駅すばしり）,Mt. Fujiのおいしい水（Roadside Stationすばしり）
2920,喜慕里,喜慕里
2921,中田島砂丘 西駐車場,中田島砂丘 西Parking Area
2922,ぎょうざ七福（旧：かんべゑ）,ぎょうざ七福（旧：かんべゑ）
2923,八ヶ岳PA,八ヶ岳PA
2924,道の駅 くんま水車の里,Roadside Station くんま水車 no Sato
2925,（7月上旬〜9月上旬は有料）水ヶ塚公園,（7月上旬〜9月上旬はPaid）水ヶ塚Park
2926,ふーが餃子房,ふーが餃子房
2927,Ramen FeeL,Ramen Fee L
2928,飯岡灯台,飯岡灯台
2929,箱根神社の龍神水,Hakone Shrine Ryujin水
2930,仙元の泉,仙元の泉
2931,熱海温泉 山田湯,Atami Hot Spring 山田湯
2932,袋井市風見の丘,袋井市風見 Hill
2933,乙女駐車場,乙女Parking Area
2934,弁天島有料駐車場,弁天島Paid Parking Area
2935,RVパーク七里川,RVPark七里 River
2936,RVパーク グランピングヴィレッジIBARAKI,RVPark Glamping Village IBARAKI
2937,RVパークsmart カーニバルヒルズ,RVParksmart カーニバルヒルズ
2938,RVパーク伊香保温泉 伊草酒店,RVPark伊香保Hot Spring 伊草酒店
2939,新田運動公園,新田Sports Park
2940,RVパークやまなみの湯,RVParkやまなみ Hot Bath
2941,RVパーク ホテル・フロラシオン那須,RVPark Hotel・フロラシオンNasu
2942,温泉公園駐車場,Hot Spring Park Parking Area
2943,RVパーク甲州市勝沼ぶどうの丘,RVPark甲州市勝Marshぶどう Hill
2944,トラックステーション茨城,トラックStation茨Castle
2945,トラックステーション大宮,トラックStation大宮
2946,城の湯ＲＶパーク,Castle Hot BathＲＶPark
2947,北本市野外活動センター（有料キャンプ場、入浴のみ可）,北本市野外活動Center（Paid Campground、入浴のみ可）
2948,南総城山温泉 里見の湯,南総Castle山Hot Spring 里見 Hot Bath
2949,天然温泉 湯花楽 厚木店（湯YOUパーク 湯花楽 厚木店）,Natural Hot Spring 湯花楽 厚木店（湯YOUPark 湯花楽 厚木店）
2950,昭島温泉 湯楽の里,昭島Hot Spring Yura no Sato
2951,かんなの湯（※駐車場で有料車中泊も可能）,かんな Hot Bath（※Parking AreaでPaid Car Overnightも可能）
2952,かずさのお風呂屋さん（トイレはコンビニ利用）,かずさのお風呂屋さん（Restroomはコンビニ利用）
2953,日本平,日本平
2954,猿橋,猿橋
2955,鋸山,鋸山
2956,補陀洛(ふだらく)本舗 本店,補陀洛(ふだらく)本舗 Main Store
2957,亀の井ホテル 焼津（旧：かんぽの宿焼津）,亀の井Hotel 焼津（旧：かんぽの宿焼津）
2958,榛名湖温泉ゆうすげ,榛名Lake Hot Springゆうすげ
2959,芦の湯温泉 きのくにや,芦 Hot Bath Hot Spring きのくにや
2960,神代の湯,神代 Hot Bath
2961,嬬恋高原,嬬恋Highland
2962,ステーキハウス 寿楽,ステーキハウス 寿楽
2963,あさぎりフードパーク,あさぎりフードPark
2964,花の谷湧水,花の谷Natural Spring
2965,げんき うどん,げんき うどん
2966,東海大学博物館大駐車場,東海大学Museum大Parking Area
2967,山中湖公共駐車場,Lake Yamanaka Public Parking
2968,逗葉新道PA,逗葉新道PA
2969,学校橋キャンプ場,学校橋Campground
2970,天然温泉きぬの湯,Natural Hot Springきぬ Hot Bath
2971,富津海水浴場,富津Swimming Beach
2972,本庄市げんきの郷本泉(イエローキャンピング),本庄市げんき no Sato本泉(イエローキャンピング)
2973,竜神ダム,竜神Dam
2974,竜神峡,竜神峡
2975,大口広場駐車場,大口Plaza Parking Area
2976,くらぶちこども天文台駐車場（標高546m）,くらぶちこども天文台Parking Area（標高546m）
2977,奥山町営駐車場（無料）,奥山Town-run Parking Area（Free）
2978,nedoco（蹴球庵 フットサルパーク内）,nedoco（蹴球庵 フットサルPark内）
2979,成田市さくらの山公園,成田市Sakuraの山Park
2980,川の駅上野,Riverの駅上野
2981,成田楽々パーキング,成田楽々パーKing
2982,富士山さくらの園駐車場,Mt. Fuji Sakuraの園Parking Area
2983,油山寺無料駐車場（200台以上）,油山Temple Free Parking Area（200台以上）
2984,弓ヶ浜駐車場（中央未舗装）,弓ヶBeach Parking Area（Central未舗装）
2985,道の駅 なんぶ,Roadside Station なんぶ
2986,羊山公園（芝桜の丘）,羊山Park（芝桜 Hill）
2987,小山の水（道の駅ふじおやま）,小山 Spring Water（Roadside Stationふじおやま）
2988,山中湖きらら第２駐車場,Lake Yamanakaきらら第２Parking Area
2989,松五郎,松五郎
2990,天竜川中野町公園,天竜 River中野町Park
2991,港中央公園駐車場,Port Central Park Parking Area
2992,かわじまＲＶステーション、川島平成の森公園,かわじまＲＶStation、 River島平成 Forest Park
2993,古代蓮の里（RVパーク 古代蓮の里）,古代蓮 no Sato（RVPark 古代蓮 no Sato）
2994,入間川河川敷公園駐車場,入間 River River River敷Park Parking Area
2995,北柏ふるさと公園駐車場,北柏Hometown Park Parking Area
2996,大達原ふれあい交流多機能トイレ駐車場,大達原Community Community多機能Restroom Parking Area
2997,二瀬ダム駐車場,二瀬Dam Parking Area
2998,秩父湖 駐車場,秩父Lake Parking Area
2999,黒須市民運動場,黒須市民運動場
3000,羽田沼野鳥公園 駐車場,羽田Marsh野鳥Park Parking Area
3001,（夜景）高草山 笛吹段公園,（夜景）高草山 笛吹段Park
3002,中目黒八幡神社の神水,中目黒八幡Shrineの神水
3003,本栖湖畔 駐車場,本栖Lakeside Parking Area
3004,本栖湖 駐車場,本栖Lake Parking Area
3005,敷島総合公園駐車場,敷島General Park Parking Area
3006,歩崎公園駐車場,歩崎Park Parking Area
3007,尾瀬大橋公園駐車場,尾瀬大橋Park Parking Area
3008,高松緑地公園,Takamatsu Green Space Park
3009,船津浜無料駐車場,船津Beach Free Parking Area
3010,駒門公園駐車場,駒門Park Parking Area
3011,シッコゴ公園駐車場,シッコゴPark Parking Area
3012,大池公園駐車場,大Pond Park Parking Area
3013,城山東農村公園駐車場,Castle山東Rural Park Parking Area
3014,富岳風穴 駐車場,富岳風穴 Parking Area
3015,山中湖駐車場(名称不明),Lake Yamanaka Parking Area(名称不明)
3016,奥河口湖さくらの里公園駐車場,奥 River口Lake Sakura no Sato Park Parking Area
3017,取手緑地公園駐車場,取手Green Space Park Parking Area
3018,利根川ゆうゆう公園駐車場,利根 RiverゆうゆうPark Parking Area
3019,三ツ又沼ビオトープ駐車場,三ツ又MarshビオトープParking Area
3020,薗原湖 多目的広場,薗原Lake Multi-purpose Plaza
3021,お丸山公園 駐車場,お丸山Park Parking Area
3022,河原子漁港駐車場,River原子Fishing Port Parking Area
3023,氏家ゆうゆうパーク第一駐車場,氏家ゆうゆうPark No.1Parking Area
3024,町営親沢公園前無料駐車場,Town-run親沢Park前Free Parking Area
3025,水と緑のふれあい公園駐車場,水と緑のCommunity Park Parking Area
3026,さわやか広場駐車場,さわやかPlaza Parking Area
3027,神流川西岸パーキング,神流 River西岸パーKing
3028,かわじま公園駐車場,かわじまPark Parking Area
3029,利根川自然公園 野鳥観察の森 駐車場,利根 River Nature Park Bird Watching Forest Parking Area
3030,乙戸沼公園 南側駐車場,乙戸Marsh Park South Side Parking Area
3031,海浜公園墓地駐車場,Seaside Park墓地Parking Area
3032,利平茶屋森林公園駐車場,利平茶屋Forest Park Parking Area
3033,さくらの森パーク駐車場,Sakura Forest Park Parking Area
3034,権現山公園駐車場,権現山Park Parking Area
3035,勝山城跡駐車場,勝山Castle跡Parking Area
3036,鹿子畑パーキング,鹿子畑パーKing
3037,昭和村総合運動公園 駐車場,Showa-mura総合Sports Park Parking Area
3038,北浅羽桜堤公園駐車場,北浅羽桜堤Park Parking Area
3039,ローズタウン中央公園 南駐車場,ローズタウンCentral Park 南Parking Area
3040,十二沢パーキング,十二沢パーKing
3041,渓谷パーキング,Valley / GorgeパーKing
3042,鶴沼公園東駐車場,鶴Marsh Park東Parking Area
3043,河岸段丘ビューポイント,River岸段丘ビューポイント
3044,波崎海水浴場 無料駐車場,波崎Swimming Beach Free Parking Area
3045,安塚公園ふれあい広場 駐車場,安塚Park Community Plaza Parking Area
3046,乙戸沼公園,乙戸Marsh Park
3047,八ッ場林ふるさと公園駐車場,八ッ場林Hometown Park Parking Area
3048,四万川ダム・稲包せせらぎ公園駐車場,四万 River Dam・稲包Stream Park Parking Area
3049,自由広場 駐車場,自由Plaza Parking Area
3050,高須崎公園駐車場,高須崎Park Parking Area
3051,倉松公園駐車場,倉松Park Parking Area
3052,矢木羽湖公園 駐車場,矢木羽Lake Park Parking Area
3053,昭和IC入口駐車場,Showa IC入口Parking Area
3054,さくらの広場,Sakura Plaza
3055,官軍塚公園,官軍塚Park
3056,小瀬スポーツ公園 第2駐車場,小瀬Sports Park #2Parking Area
3057,昇仙峡天神森 市営無料駐車場,昇仙峡天神森 City-run Free Parking Area
3058,野田市スポーツ公園駐車場,野田市Sports Park Parking Area
3059,行田市総合公園 駐車場,行田市General Park Parking Area
3060,猪之頭公園 駐車場,猪之頭Park Parking Area
3061,東滑川海浜緑地駐車場,東滑 River Seaside Green Space Parking Area
3062,天母山自然公園 駐車場,天母山Nature Park Parking Area
3063,西湖 根場無料駐車場,西Lake 根場Free Parking Area
3064,河口湖総合公園駐車場,River口Lake General Park Parking Area
3065,武甲山観光トイレ,武甲山Sightseeing Restroom
3066,市営愛宕山 無料駐車場,City-run愛宕山 Free Parking Area
3067,富津金谷IC入口 海浜公園,富津金谷IC入口 Seaside Park
3068,中里海水浴場,中里Swimming Beach
3069,椿台駐車場,椿台Parking Area
3070,北条大池公園,北条大Pond Park
3071,四万 日向見公園 駐車場,四万 日向見Park Parking Area
3072,一里塚ロードパーク,一里塚Road Park
3073,ヅウタ親水公園の駐車場,ヅウタWaterfront Park Parking Area
3074,無料駐車場,Free Parking Area
3075,一本杉広場駐車場,一本杉Plaza Parking Area
3076,山の神千本桜 駐車場,山の神千本桜 Parking Area
3077,笛吹市八代ふるさと公園,笛吹市八代Hometown Park
3078,玉穂ふるさとふれあい広場 駐車場,玉穂Hometown Community Plaza Parking Area
3079,赤谷湖畔駐車場,赤谷Lakeside Parking Area
3080,銚子塚古墳 駐車場,銚子塚古墳 Parking Area
3081,花鳥山展望台 駐車場,花鳥山Observation Deck Parking Area
3082,赤谷湖畔休石広場駐車場,赤谷Lakeside休石Plaza Parking Area
3083,精進湖観光協会前駐車場,精進Lake Sightseeing協会前Parking Area
3084,Ｐ３ 元箱根観光駐車場,Ｐ３ 元Hakone Sightseeing Parking Area
3085,前橋市宿の平駐車場,Maebashi City宿の平Parking Area
3086,大百池公園駐車場,大百Pond Park Parking Area
3087,一ノ宮海岸広場駐車場,一ノ宮Coast Plaza Parking Area
3088,美の山公園 第1駐車場,美の山Park #1Parking Area
3089,箱根町支所下駐車場,Hakone-cho支所下Parking Area
3090,浜岡砂丘 市営無料駐車場,Beach岡砂丘 City-run Free Parking Area
3091,[標高1090ｍ]榛名湖 市営駐車場,[標高1090ｍ]榛名Lake City-run Parking Area
3092,[標高1090ｍ]県立榛名公園 観光案内所前駐車場,[標高1090ｍ]県立榛名Park Sightseeing案内所前Parking Area
3093,美野里ロードパーク,美野里Road Park
3094,愛宕山公園駐車場,愛宕山Park Parking Area
3095,西町出水湧水,西町出水Natural Spring
3096,隆果園の水,隆果園 Spring Water
3097,初狩PA,初狩PA
3098,釈迦堂PA,釈迦堂PA
3099,小田原PA（下りのみ）,小田原PA（下りのみ）
3100,日光だいや川公園オートキャンプ場,Nikkoだいや River Park Auto Campground
3101,山梨銘醸の仕込み水,山梨銘醸の仕込み水
3102,港公園駐車場,Port Park Parking Area
3103,駒木諏訪神社の自然水,駒木Suwa Shrineの自然水
3104,にいざ温泉,にいざHot Spring
3105,平塚漁港の食堂,平塚Fishing Port Diner
3106,サン光湯（銭湯）,サン光湯（Public Bath）
3107,道の駅 ながら,Roadside Station ながら
3108,道の駅 甘楽,Roadside Station 甘楽
3109,尾白川渓谷駐車場,尾白 River Valley / Gorge Parking Area
3110,大原海水浴場,大原Swimming Beach
3111,鹿島灘海浜公園,鹿島灘Seaside Park
3112,姫の足湯（長岡総合会館アクシスかつらぎ）,姫のFoot Bath（長岡総合会館アクシスかつらぎ）
3113,富士本栖湖リゾート（富士芝桜まつり）,Fuji本栖Lake Resort（Fuji芝桜まつり）
3114,魚啓,魚啓
3115,薩&#22517;峠展望台,薩&#22517;Pass Observation Deck
3116,石松餃子本店,石松餃子Main Store
3117,滝沢キャンプ場（無料キャンプ場）,Waterfall沢Campground（Free Campground）
3118,浜松アクトタワー展望回廊,Beach松アクトタワー展望回廊
3119,龍清水,龍Shimizu
3120,利根川水辺プラザ公園 駐車場,利根 River水辺Plaza Park Parking Area
3121,八平の食堂（本店）,八平のDiner（Main Store）
3122,八代ふるさと公園,八代Hometown Park
3123,みんみんラーメン本店,みんみんRamen Main Store
3124,函南の湧き水,函南の湧き水
3125,白州・尾白川天然水（道の駅 はくしゅう）,白州・尾白 River Natural水（Roadside Station はくしゅう）
3126,白州・尾白の水,白州・尾白 Spring Water
3127,さくら玉子（杉山養鶏場）の水,Sakura玉子（杉山養鶏場） Spring Water
3128,酒々井PA,酒々井PA
3129,愛鷹PA,愛鷹PA
3130,梅乃家,梅乃家
3131,白龍権現水,白龍権現水
3132,道の駅 湧水の郷 しおや,Roadside Station Natural Spring no Sato しおや
3133,ラーメン二郎三田本店,Ramen二郎三田Main Store
3134,時代麺房 ライオン,時代麺房 ライオン
3135,大津漁村センタ－（ポ－トオオツ）,Otsu漁村センタ－（ポ－トオオツ）
3136,銭湯 さつき湯,Public Bath さつき湯
3137,（トイレの有無不明）陸上自衛隊北富士演習場内,（Restroomの有無不明）陸上自衛隊北Fuji演習場内
3138,日原鍾乳洞,日原鍾乳洞
3139,両神温泉国民宿舎 両神荘,両神Hot Spring国民宿舎 両神荘
3140,老神温泉 東明館,老神Hot Spring 東明館
3141,吉田元気村,吉田元気-mura
3142,（日帰りシャワー）富士急ハイランドステーションイン,（日帰りシャワー）Fuji急ハイLand Stationイン
3143,大磯PA（上りのみ）,大磯PA（上りのみ）
3144,南房千倉大橋公園,南房千倉大橋Park
3145,喰い道楽 すみよし,喰い道楽 すみよし
3146,川俣大橋駐車場,River俣大橋Parking Area
3147,川俣ダム駐車場,River俣Dam Parking Area
3148,（トイレ遠い）袋公園 駐車場,（Restroom遠い）袋Park Parking Area
3149,チェーン脱着場,チェーン脱着場
3150,なぎさ公園,なぎさPark
3151,天神東公園ほたるの里駐車場,天神東Parkほたる no Sato Parking Area
3152,道のオアシス 菖蒲,道のオアシス 菖蒲
3153,道のオアシス 神川,道のオアシス 神 River
3154,須走多目的広場駐車場,須走Multi-purpose Plaza Parking Area
3155,等々力渓谷の湧水,等々力Valley / Gorge Natural Spring
3156,大松屋,大松屋
3157,福俵PA(福俵駐車場),福俵PA(福俵Parking Area)
3158,今泉PA(今泉駐車場),今泉PA(今泉Parking Area)
3159,ホームデリカTAICHI,ホームデリカTAICHI
3160,山利喜,山利喜
3161,らーめん いずみ,らーめん いずみ
3162,中郷温泉 通りゃんせ,中郷Hot Spring Streetゃんせ
3163,都幾川村の地下水,都幾 River-muraの地下水
3164,（飲み水ではないとの報告）「森の駅富士山」の脇,（飲み水ではないとの報告）「森の駅Mt. Fuji」の脇
3165,土浦港,土浦Port
3166,西湘PA,西湘PA
3167,ウォッシュトピア３５６,ウォッシュトピア３５６
3168,さきたま古墳公園 駐車場,さきたま古墳Park Parking Area
3169,深の水,深 Spring Water
3170,猪ノ倉 仙元名水,猪ノ倉 仙元Famous Spring
3171,東京ディズニーランド駐車場,TokyoディズニーLand Parking Area
3172,狩野城跡駐車場,狩野Castle跡Parking Area
3173,十王パノラマ公園 P1駐車場,十王パノラマPark P1Parking Area
3174,箱崎PA,箱崎PA
3175,湯西川温泉 平家の里 栗山森林公園,湯西 River Hot Spring 平家 no Sato Kuriyama Forest Park
3176,忍城バスターミナル駐車場,忍CastleバスTerminal Parking Area
3177,いこいの広場公園駐車場,いこいのPlaza Park Parking Area
3178,奥秩父名水 ゴボゴボ水,奥秩父Famous Spring ゴボゴボ水
3179,諸井 里山公園,諸井 里山Park
3180,道の駅 いたこ,Roadside Station いたこ
3181,富士山ビュースポット・西浦江梨,Mt. FujiビューSpot・西浦江梨
3182,タイムズステーション池袋,タイムズStation Pond袋
3183,智者の聖水,智者の聖水
3184,智光山公園駐車場,智光山Park Parking Area
3185,大泉名水会,大泉Famous Spring会
3186,炭焼うなぎ加茂,炭焼うなぎ加茂
3187,おにぎりぼんご,おにぎりぼんご
3188,大谷資料館,大谷資料館
3189,大洗漁港駐車場,大洗Fishing Port Parking Area
3190,涸沼温泉,涸Marsh Hot Spring
3191,昭和の湯,Showa Hot Bath
3192,秩父ミューズパーク樹音の湯,秩父ミューズPark樹音 Hot Bath
3193,いこいの郷 常総,いこい no Sato 常総
3194,大山（伊勢原）,Daisen（Ise原）
3195,野呂PA,野呂PA
3196,横須賀PA,Yokosuka PA
3197,谷村PA,谷村PA
3198,境川PA,境 River PA
3199,狭山PA,狭山PA
3200,佐原PA,佐原PA
3201,大栄PA,大栄PA
3202,大宮八幡宮の御神水,大宮八幡宮の御神水
3203,レインボーブリッジ展望台,レインボーブリッジObservation Deck
3204,竜神大吊橋,竜神大吊橋
3205,岩崎屋,岩崎屋
3206,足利織姫冷水,足利織姫冷水
3207,名水 草津の水,Famous Spring Kusatsu Spring Water
3208,尼ヶ台総合公園,尼ヶ台General Park
3209,巣雲山駐車場,巣雲山Parking Area
3210,元祖ニュータンタンメン本舗 本店 京町店,元祖ニュータンタンメン本舗 Main Store 京町店
3211,筒沢の湧水,筒沢のNatural Spring
3212,千葉ポートタワー,Chibaポートタワー
3213,（トイレ無し）鷹野島公園 駐車場（トイレ無し）,（No Restroom）鷹野島Park Parking Area（No Restroom）
3214,大野PA(大野休憩所),大野PA(大野休憩所)
3215,誉田PA(誉田休憩所),誉田PA(誉田休憩所)
3216,千葉県鴨川市 城西国際大学 観光学部キャンパスに登る途中の公園,Chiba県鴨 River City Castle西国際大学 Sightseeing学部キャンパスに登る途中のPark
3217,[標高1346ｍ]赤城山 おのこ駐車場,[標高1346ｍ]赤Castle山 おのこParking Area
3218,丁子屋,丁子屋
3219,ぱんやnico,ぱんやnico
3220,スマル亭 １号店,スマル亭 １号店
3221,白糸の滝,白糸のWaterfall
3222,河津七滝,River津七Waterfall
3223,丹那湧水,丹那Natural Spring
3224,焼津港丸入商店,焼津Port丸入商店
3225,萩錦の名水,萩錦のFamous Spring
3226,神之池緑地公園 東側駐車場,神之Pond Green Space Park East Side Parking Area
3227,伊師浜海水浴場 駐車場,伊師Beach Swimming Beach Parking Area
3228,御浜海水浴場駐車場,御Beach Swimming Beach Parking Area
3229,小三郎,小三郎
3230,一元本店,一元Main Store
3231,赤平川・吉田川水辺公園,Akabira River・吉田 River水辺Park
3232,回顧の吊り橋駐車場,回顧の吊り橋Parking Area
3233,寸又峡 夢の吊り橋,寸又峡 夢の吊り橋
3234,果樹公園駐車場（日向山登山口）,果樹Park Parking Area（日向山登Yamaguchi）
3235,森の水車公園,森 Spring Water車Park
3236,富澤湧水,富澤Natural Spring
3237,大山地区駐車場,Daisen地区Parking Area
3238,湘南平（高麗山公園）,湘南平（高麗山Park）
3239,一夜城 駐車場,一夜Castle Parking Area
3240,深宗水,深宗水
3241,駿河湾沼津SA,駿 River湾Marsh津SA
3242,びん沼自然公園 北側駐車場（土日祝その他有料）,びんMarsh Nature Park North Side Parking Area（土日祝その他Paid）
3243,さくら堤公園駐車場,Sakura堤Park Parking Area
3244,道の駅 めぬま,Roadside Station めぬま
3245,道の駅 さとみ,Roadside Station さとみ
3246,尾島パーキング,尾島パーKing
3247,高滝湖PA（圏央道）,高Waterfall Lake PA（圏央道）
3248,藤野PA,藤野PA
3249,寄居PA（上り側シャワー）,寄居PA（上り側シャワー）
3250,Noodle Dishes 粋蓮華,Noodle Dishes 粋蓮華
3251,沼津港大型展望水門びゅうお,Marsh津Port大型展望水門びゅうお
3252,松戸神社の御神水,松戸Shrineの御神水
3253,国本の湧き水,国本の湧き水
3254,小田原漁港 魚市場食堂,小田原Fishing Port 魚Market Diner
3255,芦川農産物直売場横駐車場,芦 River農産物直売場横Parking Area
3256,江ざわ,江ざわ
3257,小山運動公園,小山Sports Park
3258,（※トイレが夜間閉鎖の可能性あり）大洗無料駐車場、大洗公園駐車場,（※RestroomがNight Closureの可能性Available）大洗Free Parking Area、大洗Park Parking Area
3259,渋川親水公園,渋 River Waterfront Park
3260,松田町営駐車場,松田Town-run Parking Area
3261,いるまの湯,いるま Hot Bath
3262,守谷SA,守谷SA
3263,グランディーパーク平潟町,グランディーPark平潟-cho
3264,本栖湖 キャンプ場,本栖Lake Campground
3265,山中湖 パノラマ台公園,Lake Yamanaka パノラマ台Park
3266,西岩崎ポケットパーク,西岩崎ポケットPark
3267,道の駅 下賀茂温泉 湯の花,Roadside Station 下賀茂Hot Spring 湯の花
3268,ラーメン山岡家 大田原店,Ramen山岡家 大田原店
3269,矢指ケ浦海水浴場,矢指ケ浦Swimming Beach
3270,ユーランド新田新田温泉やくしの湯,ユーLand新田新田Hot Springやくし Hot Bath
3271,美也樹,美也樹
3272,すずらん湧水,すずらんNatural Spring
3273,三島スカイウォーク,三島スカイウォーク
3274,桜草公園（田島ヶ原サクラソウ自生地）,桜草Park（田島ヶ原サクラソウ自生地）
3275,大井川港（漁協） 直営食堂 さくら,大井 River Port（漁協） 直営Diner Sakura
3276,安行公園の駐車場,安行Park Parking Area
3277,山田うどん 本店,山田うどん Main Store
3278,伊佐沼駐車場,伊佐Marsh Parking Area
3279,坂戸市民総合運動公園駐車場（無料キャンプ場併設）,坂戸市民総合Sports Park Parking Area（Free Campground併設）
3280,さきたま古墳群駐車場,さきたま古墳群Parking Area
3281,道の駅 どうし,Roadside Station どうし
3282,道の駅 万葉の里,Roadside Station Manyo no Sato
3283,公衆トイレと無料駐車場,Public RestroomとFree Parking Area
3284,道の駅 おかべ,Roadside Station おかべ
3285,道の駅 和田浦WA・O!,Roadside Station 和田浦WA・O!
3286,小長井の湧水,小長井のNatural Spring
3287,クロナギの名水（杉の長命水）,クロナギのFamous Spring（杉の長命水）
3288,伊平の湧水,伊平のNatural Spring
3289,丸沼高原 涼水,丸Marsh Highland 涼水
3290,高尾山,高尾山
3291,フライ・焼そばの店 山下,フライ・焼Sobaの店 山下
3292,女夫渕駐車場,女夫渕Parking Area
3293,花貫渓谷,花貫Valley / Gorge
3294,江川海岸,江 River Coast
3295,仙石原すすき草原,仙石原すすき草原
3296,堂平観測所ドーム,堂平観測所ドーム
3297,天竜川中瀬緑地,天竜 River中瀬Green Space
3298,山中湖公共駐車場,Lake Yamanaka Public Parking
3299,全国育樹祭記念広場駐車場,全国育樹祭記念Plaza Parking Area
3300,川合渕公園,River合渕Park
3301,神之池緑地公園駐車場,神之Pond Green Space Park Parking Area
3302,尾島温泉 利根の湯,尾島Hot Spring 利根 Hot Bath
3303,上尾市健康プラザわくわくランド,上尾市Health PlazaわくわくLand
3304,木の花名水,木の花Famous Spring
3305,平野の浜,平野のBeach
3306,飯岡海水浴場,飯岡Swimming Beach
3307,犬吠埼,犬吠埼
3308,権現堂公園,権現堂Park
3309,道の駅 季楽里あさひ,Roadside Station 季楽里あさひ
3310,菖蒲PA,菖蒲PA
3311,近どう本店,近どうMain Store
3312,月まで3kmの青看板,月まで3kmの青看板
3313,道の駅 あぐりーむ昭和,Roadside Station あぐりーむShowa
3314,フリアンパン洋菓子店,フリアンパン洋菓子店
3315,登利平,登利平
3316,シャンゴ 問屋町本店,シャンゴ 問屋町Main Store
3317,牧水清水,牧水Shimizu
3318,だるま大使,だるま大使
3319,原嶋屋総本家,原嶋屋総本家
3320,野中休憩所,野中休憩所
3321,おびつの名水,おびつのFamous Spring
3322,一宮PA(一宮休憩所),一宮PA(一宮休憩所)
3323,吹割の滝,吹割のWaterfall
3324,吹割の滝,吹割のWaterfall
3325,高尾さくら公園,高尾Sakura Park
3326,巾着田（曼珠沙華公園）,巾着田（曼珠沙華Park）
3327,加平PA,加平PA
3328,用賀PA（上りのみ）,用賀PA（上りのみ）
3329,（車中泊不可になりました）京浜島海浜公園駐車場（京浜島つばさ公園）,（Car Overnight不可になりました）京Beach島Seaside Park Parking Area（京Beach島つばさPark）
3330,道の駅 どまんなかたぬま,Roadside Station どまんなかたぬま
3331,日川浜海水浴場 駐車場,日 River Beach Swimming Beach Parking Area
3332,熊谷スポーツ文化公園,熊谷Sports文化Park
3333,上里SA,上里SA
3334,高坂SA,高坂SA
3335,牛島のフジ（藤花園）,牛島のフジ（藤花園）
3336,久喜市総合運動公園駐車場,久喜市総合Sports Park Parking Area
3337,ホワイト餃子 野田本店,ホワイト餃子 野田Main Store
3338,道の駅 上野,Roadside Station 上野
3339,公衆トイレと無料駐車場,Public RestroomとFree Parking Area
3340,公衆トイレと無料駐車場,Public RestroomとFree Parking Area
3341,平出船着場駐車場,平出船着場Parking Area
3342,赤塚公園,赤塚Park
3343,八木崎公園駐車場,八木崎Park Parking Area
3344,（夜景）梶原山公園,（夜景）梶原山Park
3345,パスタ専門店グルービー,パスタ専門店グルービー
3346,花貫さくら公園,花貫Sakura Park
3347,汐見滝吊り橋(汐見坂橋),汐見Waterfall吊り橋(汐見坂橋)
3348,花貫ダム 湖畔の公園,花貫Dam Lakeside Park
3349,名馬里ヶ淵(なめりがふち),名馬里ヶ淵(なめりがふち)
3350,山中湖公共駐車場,Lake Yamanaka Public Parking
3351,草津温泉天狗山第5駐車場,Kusatsu Hot Spring天狗山#5Parking Area
3352,千葉セクション（田淵地磁気逆転地層）（チバニアン）,Chibaセクション（田淵地磁気逆転地層）（チバニアン）
3353,清水PA（NEOPASA清水）,Shimizu PA（NEOPASAShimizu）
3354,由比PA,由比PA
3355,シャワー・吉見総合運動公園 管理事務所内,シャワー・吉見総合Sports Park 管理事務所内
3356,横浜ランドマークタワー スカイガーデン,Yokohama Landマークタワー スカイGarden
3357,R120奥日光 心を奪われて車を止めた所,R120奥Nikko 心を奪われて車を止めた所
3358,越ヶ谷久伊豆神社の御霊水,越ヶ谷久伊豆Shrineの御霊水
3359,越生梅林,越生梅林
3360,川原湯温泉駅駐車場,River原湯Hot Spring駅Parking Area
3361,ばんどう太郎,ばんどう太郎
3362,大洗海浜公園,大洗Seaside Park
3363,大洗アウトレット向かいP,大洗アウトレット向かいP
3364,浜松市舞阪表浜駐車場,Beach松市舞阪表Beach Parking Area
3365,尉ヶ峰公衆トイレ,尉ヶ峰Public Restroom
3366,伊左地緑地,伊左地Green Space
3367,伊佐沼公園 西駐車場,伊佐Marsh Park 西Parking Area
3368,伊香保温泉飲泉所,伊香保Hot Spring飲泉所
3369,以志橋,以志橋
3370,安田屋,安田屋
3371,ミートショップ鶏春,ミートショップ鶏春
3372,鉾田市みのわ水鳥公園駐車場,鉾田市みのわ水鳥Park Parking Area
3373,みかんの里農村公園,みかん no Sato Rural Park
3374,奥日光高原ホテル横,奥Nikko Highland Hotel横
3375,遠州森町PA（森町ぷらっとパーク）,遠州森町PA（森町ぷらっとPark）
3376,パン焼き小屋 ツオップ,パン焼き小屋 ツオップ
3377,江の島 ハルミ,江の島 ハルミ
3378,のうえんカフェ,のうえんカフェ
3379,道の駅 あずの里いちはら,Roadside Station あず no Satoいちはら
3380,厚木PA（圏央道）,厚木PA（圏央道）
3381,市原SA（館山道）,市原SA（館山道）
3382,ときがね湖駐車場,ときがねLake Parking Area
3383,光ポケットパーク,光ポケットPark
3384,旭文化の杜公園駐車場,旭文化 Grove Park Parking Area
3385,堀出神社・ほしいも神社 駐車場,堀出Shrine・ほしいもShrine Parking Area
3386,道の駅 玉村宿,Roadside Station 玉村宿
3387,道の駅 天竜相津花桃の里,Roadside Station 天竜相津花桃 no Sato
3388,道の駅 ららん藤岡（道の駅 ふじおか）,Roadside Station ららん藤岡（Roadside Station ふじおか）
3389,高萩市営大能駐車場,高萩City-run大能Parking Area
3390,高萩市営大能駐車場,高萩City-run大能Parking Area
3391,道の駅 おのこ,Roadside Station おのこ
3392,十王ダム日立市営駐車場,十王Dam日立City-run Parking Area
3393,県民の森 第3駐車場,県民 Forest #3Parking Area
3394,九十九谷展望広場 駐車場（九十九谷公園）,九十九谷展望Plaza Parking Area（九十九谷Park）
3395,県民の森 第２駐車場,県民 Forest 第２Parking Area
3396,大洗水辺プラザ駐車場,大洗水辺Plaza Parking Area
3397,長池親水公園 駐車場,長Pond Waterfront Park Parking Area
3398,荒川パノラマ公園駐車場,荒 RiverパノラマPark Parking Area
3399,道の駅 かわもと,Roadside Station かわもと
3400,四阿屋山駐車場,四阿屋山Parking Area
3401,河原子北浜スポーツ広場 駐車場,River原子北Beach Sports Plaza Parking Area
3402,水木海水浴場 駐車場,水木Swimming Beach Parking Area
3403,月夜野道路情報ターミナル,月夜野道路情報Terminal
3404,平井海岸駐車場,平井Coast Parking Area
3405,下津海水浴場駐車場,下津Swimming Beach Parking Area
3406,合角ダム駐車場,合角Dam Parking Area
3407,姫の沢公園展望台途中の駐車場,姫の沢Park Observation Deck途中のParking Area
3408,彩甲斐街道 出会いの丘,彩甲斐街道 出会い Hill
3409,三方原古戦場,三方原古戦場
3410,ループ橋 駐車場,ループ橋 Parking Area
3411,前原・横渚海岸 駐車場,前原・横渚Coast Parking Area
3412,久慈浜海水浴場 駐車場,久慈Beach Swimming Beach Parking Area
3413,興津海水浴場駐車場（興津港海浜公園）,興津Swimming Beach Parking Area（興津Port Seaside Park）
3414,君津PA,君津PA
3415,あじさい公園,あじさいPark
3416,朝霧さわやかパーキング,朝霧さわやかパーKing
3417,チェックメイトC.C.（カントリークラブ）,チェックメイトC. C.（カントリークラブ）
3418,アイ・リンクタウン展望施設,アイ・リンクタウン展望施設
3419,スタミナカレーの店バーグ杉田本店,スタミナカレーの店バーグ杉田Main Store
3420,娘娘 上尾愛宕店,娘娘 上尾愛宕店
3421,スカイポート亀石,スカイポート亀石
3422,りんりんポート土浦,りんりんポート土浦
3423,快活CLUB 17号鴻巣店,Kaikatsu CLUB 17号鴻巣店
3424,（シャワー）中の茶屋,（シャワー）中の茶屋
3425,さわやか御殿場インター店,さわやか御殿場Interchange店
3426,さすけ食堂,さすけDiner
3427,金谷海浜公園（さすけの裏）,金谷Seaside Park（さすけの裏）
3428,（トイレ遠い、過去に襲撃事件）浜名湖西駐車場,（Restroom遠い、過去に襲撃事件）Beach名Lake西Parking Area
3429,こんにゃくパーク,こんにゃくPark
3430,湯かっこ,湯かっこ
3431,エコパ,エコパ
3432,城南島海浜公園、周辺,Castle南島Seaside Park、周辺
3433,櫛形山見晴台,櫛形山見晴台
3434,長沼精肉店,Naganuma精肉店
3435,済美山運動場（和田堀公園 第２競技場）の駐車場,済美山運動場（和田堀Park 第２競技場）のParking Area
3436,白樺食堂,白樺Diner
3437,群馬県トラック協会 北毛地区運転者共同休憩所,群馬県トラック協会 北毛地区運転者共同休憩所
3438,熱海市長浜海浜公園 うみえ〜る長浜,Atami City長Beach Seaside Park うみえ〜る長Beach
3439,鈴廣かまぼこの里,鈴廣かまぼこ no Sato
3440,かねつき堂,かねつき堂
3441,お池の水（竹本の湧水）,おPond Spring Water（竹本のNatural Spring）
3442,えびせんべいの里御殿場店,えびせんべい no Sato御殿場店
3443,うるおいてい,うるおいてい
3444,道の駅 みのぶ 富士川観光センター（旧：道の駅 富士川ふるさと工芸館）,Roadside Station みのぶ Fuji River Sightseeing Center（旧：Roadside Station Fuji River Hometown工芸館）
3445,大滑橋駐車場,大滑橋Parking Area
3446,中華 四川,Chinese 四 River
3447,あしかがフラワーパーク,あしかがフラワーPark
3448,あしかがの自然水（足利駅前）,あしかがの自然水（足利Station Front）
3449,出逢い岬,出逢いCape
3450,山本の「殿の下井戸」,山本の「殿の下井戸」
3451,牛奥みはらしの丘,牛奥みはらし Hill
3452,折本山公園 駐車場,折本山Park Parking Area
3453,石岡駅前コインシャワー,石岡Station Frontコインシャワー
3454,牛久沼水辺公園駐車場,牛久Marsh水辺Park Parking Area
3455,湯屋敷孝楽,湯屋敷孝楽
3456,あそう温泉白帆の湯,あそうHot Spring白帆 Hot Bath
3457,山宮温泉,山宮Hot Spring
3458,白根温泉 上乃湯,白根Hot Spring 上乃湯
3459,南郷温泉しゃくなげの湯,南郷Hot Springしゃくなげ Hot Bath
3460,桜湯（旧 国母駅前温泉健康ハウス）,桜湯（旧 国母Station Front Hot Spring Healthハウス）
3461,八潮PA（上りのみ）,八潮PA（上りのみ）
3462,鬼怒さくら公園 駐車場,鬼怒Sakura Park Parking Area
3463,サンライフ焼津 黒潮温泉,サンライフ焼津 黒潮Hot Spring
3464,トータス温泉,トータスHot Spring
3465,市貝温泉健康保養センター,市貝Hot Spring Health Recreation Center
3466,玉川温泉（甲斐市）,玉 River Hot Spring（甲斐市）
3467,川場温泉センターいこいの湯,River場Hot Spring Centerいこい Hot Bath
3468,新遊亀温泉,新遊亀Hot Spring
3469,緑が丘温泉,緑が丘Hot Spring
3470,国母温泉,国母Hot Spring
3471,川越水上公園内コインシャワー,River越水上Park内コインシャワー
3472,大菩薩の湯,大菩薩 Hot Bath
3473,神栖中央公園東駐車場,神栖Central Park東Parking Area
3474,なぐわし公園ＰｉＫＯＡ,なぐわしParkＰｉＫＯＡ
3475,十里木高原展望台公園駐車場,十里木Highland Observation Deck Park Parking Area
3476,名鉄協商パーキング裾野駅前,名鉄協商パーKing裾野Station Front
3477,湯沢平公園駐車場,Yuzawa平Park Parking Area
3478,群馬レジャーランド高崎駅東口店,群馬レジャーLand高崎駅東口店
3479,空の駅 風和里しばやま,空の駅 風和里しばやま
3480,神栖中央公園東第二駐車場,神栖Central Park東第二Parking Area
3481,極楽湯 羽生温泉,Gokurakuyu 羽生Hot Spring
3482,スーパー健康ランド 華のゆ,スーパーHealth Land 華のゆ
3483,鹿島トラック休憩所,鹿島トラック休憩所
3484,道の駅 伊豆月ケ瀬,Roadside Station 伊豆月ケ瀬
3485,道の駅 ひたちおおた,Roadside Station ひたちおおた
3486,黄金崎公園,黄金崎Park
3487,道の駅 みょうぎ,Roadside Station みょうぎ
3488,道の駅 みなの,Roadside Station みなの
3489,大間近隣公園駐車場,大間近隣Park Parking Area
3490,道の駅 いちごの里 よしみ,Roadside Station いちご no Sato よしみ
3491,上河内SA,上 River内SA
3492,富士山 御殿場口新五合目駐車場,Mt. Fuji 御殿場口新五合目Parking Area
3493,天狗山第１駐車場 天狗山スキー場P,天狗山第１Parking Area 天狗山スキー場P
3494,鳩待峠駐車場,鳩待Pass Parking Area
3495,break24 駐車場,break24 Parking Area
3496,神栖中央公園南駐車場,神栖Central Park南Parking Area
3497,温泉バルコニー キング&クィーン,Hot Springバルコニー King&クィーン
3498,わさび園かどや,わさび園かどや
3499,わへいそば,わへいSoba
3500,焼津さかなセンター,焼津さかなCenter
3501,レストラン大手門（城址公園 市民会館いわつきの中）,Restaurant大手門（Castle址Park 市民会館いわつきの中）
3502,横浜中華街,横Hamanaka華街
3503,うおたか,うおたか
3504,マルナカ,マルナカ
3505,伊豆フルーツパーク,伊豆フルーツPark
3506,家系総本山 吉村家,家系総本山 吉村家
3507,サイボクハム日高本店 レストラン サイボク,サイボクハムHidaka Main Store Restaurant サイボク
3508,清水渓流広場（濃溝の滝・亀岩の洞窟）,Shimizu渓流Plaza（濃溝のWaterfall・亀岩の洞窟）
3509,特P ユー企画 稲取唐沢駐車場（トイレはドラッグストア利用）,特P ユー企画 稲取唐沢Parking Area（Restroomはドラッグストア利用）
3510,珍々亭,珍々亭
3511,県立榛名公園,県立榛名Park
3512,榛名湖南駐車場,榛名Lake南Parking Area
3513,箱島湧水,箱島Natural Spring
3514,長慶薬師霊命水（十日市場・夏狩湧水群）,長慶薬師霊命水（十日Market・夏狩Natural Spring群）
3515,竜頭の滝 臨時駐車場,竜頭のWaterfall 臨時Parking Area
3516,富士山の名水（道の駅 富士吉田）,Mt. Fuji Famous Spring（Roadside Station Fuji吉田）
3517,夢のかけ橋,夢のかけ橋
3518,石尊水,石尊水
3519,中野大勝軒,中野大勝軒
3520,味匠 天宏,味匠 天宏
3521,熱海梅園,Atami梅園
3522,境の清泉,境の清泉
3523,スカイツリー,スカイツリー
3524,ゆうひの丘,ゆうひ Hill
3525,六本木ヒルズ スカイデッキ,六本木ヒルズ スカイデッキ
3526,千鳥ヶ淵,千鳥ヶ淵
3527,目黒川桜並木,目黒 River桜並木
3528,丸香,丸香
3529,大洗 潮騒の湯,大洗 潮騒 Hot Bath
3530,栗山村・治山駐車場,Kuriyama-mura・治山Parking Area
3531,道の駅 天城越え,Roadside Station 天Castle越え
3532,道の駅 ちくら潮風王国,Roadside Station ちくら潮風王国
3533,国営ひたち海浜公園,国営ひたちSeaside Park
3534,永福PA 狭い,永福PA 狭い
3535,塩原温泉 岩の湯 混浴,塩原Hot Spring 岩 Hot Bath 混浴
3536,宇都宮餃子 みんみん本店,Utsunomiya餃子 みんみんMain Store
3537,お食事 まるやま,お食事 まるやま
3538,朝鮮岩,朝鮮岩
3539,らーめん 芝浜,らーめん 芝Beach
3540,松月氷室,松月氷室
3541,御殿山 山頂公園,御殿山 Summit Park
3542,麻機遊水地 第4工区駐車場,麻機遊水地 #4工区Parking Area
3543,イオン幕張新都心,イオン幕張新都心
3544,無料駐車場とトイレ,Free Parking AreaとRestroom
3545,パチンコアシベ付近,パチンコアシベ付近
3546,（有料500円）巾着田曼珠沙華公園駐車場,（Paid500円）巾着田曼珠沙華Park Parking Area
3547,マリンパーク御前崎,マリンPark御前崎
3548,洒水の滝,洒水のWaterfall
3549,みずがき湖ビジターセンター,みずがきLakeビジターCenter
3550,渚園 駐車場,渚園 Parking Area
3551,爪木崎,爪木崎
3552,野さか,野さか
3553,美の山公園展望台,美の山Park Observation Deck
3554,武甲山伏流水（武甲酒造の水）,武甲山伏流水（武甲酒造 Spring Water）
3555,筑波山,筑波山
3556,丹波の湧水,丹波のNatural Spring
3557,谷保第一公園 周辺のコインパーキング,谷保No.1Park Nearby Coin Parking
3558,谷川岳の名水,谷 River岳のFamous Spring
3559,猪之頭湧水群 陣馬の滝,猪之頭Natural Spring群 陣馬のWaterfall
3560,大洗磯前神社の湧水,大洗磯前Shrine Natural Spring
3561,めんたいパーク大洗,めんたいPark大洗
3562,金島温泉 富貴の湯,金島Hot Spring 富貴 Hot Bath
3563,小野上温泉 ハタの湯,小野上Hot Spring ハタ Hot Bath
3564,大山千枚田,Daisen千枚田
3565,笹一酒造の御前水,笹一酒造の御前水
3566,道のオアシス神泉,道のオアシス神泉
3567,法師温泉 長寿館 法師の湯,法師Hot Spring 長寿館 法師 Hot Bath
3568,足柄の水（足柄SA）,足柄 Spring Water（足柄SA）
3569,草津温泉、地蔵の湯,Kusatsu Hot Spring、地蔵 Hot Bath
3570,草津温泉、白旗の湯,Kusatsu Hot Spring、白旗 Hot Bath
3571,千代の湯,千代 Hot Bath
3572,新・王湯会館,新・王湯会館
3573,横戸房の駅の房の水,横戸房の駅の房 Spring Water
3574,志駒不動様の霊水,志駒不動様の霊水
3575,銘水滝の不動尊,銘水Waterfallの不動尊
3576,白雲水,白雲水
3577,熊野の清水,Kumano Shimizu
3578,赤城山,赤Castle山
3579,あべ川もち かごや,あべ Riverもち かごや
3580,戸田峠の湧水,戸田Pass Natural Spring
3581,しずおかおでん 三河屋,しずおかおでん 三 River屋
3582,おがわ（静岡おでん）,おがわ（Shizuokaおでん）
3583,天神下公園駐車場,天神下Park Parking Area
3584,北本水辺プラザ公園,北本水辺Plaza Park
3585,殿入中央公園,殿入Central Park
3586,無料駐車場と公衆トイレ,Free Parking AreaとPublic Restroom
3587,道の駅 ローズマリー公園,Roadside Station ローズマリーPark
3588,小澤酒造（澤乃井）の仕込水,小澤酒造（澤乃井）の仕込水
3589,道の駅 富楽里,Roadside Station 富楽里
3590,西湘バイパス 橘IC 無料区間,西湘バイパス 橘IC Free区間
3591,道の駅 鴨川,Roadside Station 鴨 River
3592,国立西洋美術館,国立西洋Art Museum
3593,世界遺産 富岡製糸場,世界遺産 富岡製糸場
3594,富岡無料駐車場,富岡Free Parking Area
3595,韮山反射炉,韮山反射炉
3596,富士と港の見える公園,FujiとPortの見えるPark
3597,中村農場,中村農場
3598,箒杉の水,箒杉 Spring Water
3599,音威子府食堂,Otoineppu Diner
3600,SGET中井メガソーラー駐車場,SGET中井メガソーラーParking Area
3601,笛吹川フルーツ公園,笛吹 RiverフルーツPark
3602,"<font color=""red""></font>高田橋多目的広場",高田橋Multi-purpose Plaza
3603,谷川岳PA,谷 River岳PA
3604,浜松SA（NEOPASA浜松）,Beach松SA（NEOPASABeach松）
3605,静岡SA（NEOPASA静岡）,Shizuoka SA（NEOPASAShizuoka）
3606,掛川PA,掛 River PA
3607,牧之原SA,牧之原SA
3608,鮎沢PA（上り側のみコインシャワー）,鮎沢PA（上り側のみコインシャワー）
3609,出流原PA,出流原PA
3610,平和島PA（上下あり）,平和島PA（上下Available）
3611,中華そば しば田,Chinese Soba しば田
3612,田尻上簡易水道組合の井戸水,田尻上簡易水道組合の井戸水
3613,法月養鶏場たまご村 大井川湧水,法月養鶏場たまご-mura 大井 River Natural Spring
3614,子安の水（関根御滝不動尊の霊水）,子安 Spring Water（関根御Waterfall不動尊の霊水）
3615,富士山の霊水,Mt. Fujiの霊水
3616,伊那下神社の神明水,伊那下Shrineの神明水
3617,足下地蔵尊の延命水,足下地蔵尊の延命水
3618,太平山謙信平,太平山謙信平
3619,かすかべ湯元温泉,かすかべ湯元Hot Spring
3620,大黒PA,大黒PA
3621,桜川ロードパーク,桜 River Road Park
3622,道の駅 水の郷さわら、川の駅 水の郷さわら,Roadside Station 水 no Satoさわら、 Riverの駅 水 no Satoさわら
3623,奥日光 光徳駐車場,奥Nikko 光徳Parking Area
3624,奈良田温泉駐車場,Nara田Hot Spring Parking Area
3625,神川ゆ～ゆ～ランド自由広場（かんなの湯裏キャンプ場）,神 Riverゆ～ゆ～Land自由Plaza（かんな Hot Bath裏Campground）
3626,道の駅 つどいの郷むつざわ,Roadside Station つどい no Satoむつざわ
3627,道の駅 まえばし赤城,Roadside Station まえばし赤Castle
3628,道の駅 こぶちさわ,Roadside Station こぶちさわ
3629,道の駅 なるさわ,Roadside Station なるさわ
3630,道の駅 両神温泉薬師の湯,Roadside Station 両神Hot Spring薬師 Hot Bath
3631,道の駅 川場田園プラザ,Roadside Station River場田園Plaza
3632,尾瀬第一駐車場（有料駐車場）,尾瀬No.1Parking Area（Paid Parking Area）
3633,大丸園地,大丸Recreation Area
3634,道の駅 くるら戸田,Roadside Station くるら戸田
3635,道の駅 伊東マリンタウン,Roadside Station 伊東マリンタウン
3636,道の駅 六合,Roadside Station 六合
3637,道の駅 こすげ,Roadside Station こすげ
3638,栃木県塩原温泉️源三窟前無料パーキング,栃木県塩原Hot Spring源三窟前FreeパーKing
3639,彩の国ふれあいの森,彩の国Community Forest
3640,県営幕張地下第1駐車場,県営幕張地下#1Parking Area
3641,道の駅 開国下田みなと,Roadside Station 開国下田Port
3642,大多喜駅前の観光案内所の駐車場,大多喜Station Front Sightseeing案内所のParking Area
3643,とんかつ ひやま,とんかつ ひやま
3644,新生房の駅の房の水,新生房の駅の房 Spring Water
3645,草刈房の駅の房の水,草刈房の駅の房 Spring Water
3646,潮来ヘルスランドさくら,潮来ヘルスLand Sakura
3647,四季健幸館 浅美運輸Spa,四季健幸館 浅美運輸Spa
3648,浮島ヶ原自然公園,浮島ヶ原Nature Park
3649,藤枝総合運動公園,藤枝総合Sports Park
3650,南アルプス源流水,南アルプス源流水
3651,石割の湯の温泉水,石割 Hot Bath Hot Spring水
3652,福神の泉,福神の泉
3653,みうら縦貫PA,みうら縦貫PA
3654,かみね公園（茨城）,かみねPark（茨Castle）
3655,衣笠山公園（神奈川）,衣笠山Park（神奈 River）
3656,井の頭恩賜公園（東京）,井の頭恩賜Park（Tokyo）
3657,河口湖の桜,River口Lakeの桜
3658,隅田公園,隅田Park
3659,熊谷桜堤（埼玉）,熊谷桜堤（埼玉）
3660,県立三ツ池公園（神奈川）,県立三ツPond Park（神奈 River）
3661,桜山公園（群馬）,桜山Park（群馬）
3662,小金井公園（東京）,小金井Park（Tokyo）
3663,小田原城址公園（神奈川）,小田原Castle址Park（神奈 River）
3664,上野恩賜公園（東京）,上野恩賜Park（Tokyo）
3665,新宿御苑（東京）,新宿御苑（Tokyo）
3666,静峰ふるさと公園（茨城）,静峰Hometown Park（茨Castle）
3667,赤城南面千本桜（群馬）,赤Castle南面千本桜（群馬）
3668,太平山（栃木）,太平山（栃木）
3669,大宮公園（埼玉）,大宮Park（埼玉）
3670,大室山麓さくらの里（静岡）,大室Foot of Mountain Sakura no Sato（Shizuoka）
3671,大法師公園（山梨）,大法師Park（山梨）
3672,長瀞の桜並木（埼玉）,長瀞の桜並木（埼玉）
3673,日光街道桜並木（栃木）,Nikko街道桜並木（栃木）
3674,冨士霊園,冨士霊園
3675,平和通り,平和Street
3676,茂原公園（千葉）,茂原Park（Chiba）
3677,山高神代桜（山梨）,山高神代桜（山梨）
3678,狩宿の下馬桜（静岡）,狩宿の下馬桜（Shizuoka）
3679,石戸蒲ザクラ（埼玉）,石戸蒲ザクラ（埼玉）
3680,清水公園（千葉県）,Shimizu Park（Chiba県）
3681,泉自然公園（千葉）,泉Nature Park（Chiba）
3682,日本水,日本水
3683,中華そば四つ葉,Chinese Soba四つ葉
3684,快活CLUB 大森駅前店（※無料駐車場は無い）,Kaikatsu CLUB 大森Station Front店（※Free Parking Areaは無い）
3685,快活CLUB 平塚宮松店,Kaikatsu CLUB 平塚宮松店
3686,快活CLUB 調布国領店,Kaikatsu CLUB 調布国領店
3687,快活CLUB 静岡寿町店,Kaikatsu CLUB Shizuoka寿町店
3688,快活CLUB 清水春日店,Kaikatsu CLUB Shimizu春日店
3689,快活CLUB 静岡曲金店,Kaikatsu CLUB Shizuoka曲金店
3690,快活CLUB 松戸馬橋店,Kaikatsu CLUB 松戸馬橋店
3691,快活CLUB 浜松都盛店,Kaikatsu CLUB Beach松都盛店
3692,快活CLUB 浜松都盛店,Kaikatsu CLUB Beach松都盛店
3693,青竹手打ラーメン日向屋,青竹手打Ramen日向屋
3694,「錦織商店」前の湧水,「錦織商店」前のNatural Spring
3695,大渡水くみ場,大渡水くみ場
3696,すそのフィッシングパークの湧水,すそのフィッシングPark Natural Spring
3697,大鈩不動尊,大鈩不動尊
3698,マックス富士 愛鷹山の名水,マックスFuji 愛鷹山のFamous Spring
3699,柿田川湧水,柿田 River Natural Spring
3700,草薙の水,草薙 Spring Water
3701,毘沙門水,毘沙門水
3702,蛇滝口の湧水,蛇Waterfall口のNatural Spring
3703,永井食堂,永井Diner
3704,袋田の滝,袋田のWaterfall
3705,かじか橋,かじか橋
3706,井川湖,井 River Lake
3707,猿ヶ京,猿ヶ京
3708,塩原,塩原
3709,奥多摩（氷川渓谷）,Okutama（氷 River Valley / Gorge）
3710,河口湖,River口Lake
3711,五十里湖,五十里Lake
3712,吾妻渓谷,吾妻Valley / Gorge
3713,高尾山,高尾山
3714,国営昭和記念公園,国営Showa記念Park
3715,三ツ峠,三ツPass
3716,志賀草津高原ルート,志賀Kusatsu Highlandルート
3717,小松寺,小松Temple
3718,照葉峡（テリハキョウ）,照葉峡（テリハキョウ）
3719,榛名山・榛名湖,榛名山・榛名Lake
3720,諏訪峡,Suwa峡
3721,寸又峡,寸又峡
3722,谷川岳,谷 River岳
3723,丹沢湖,丹沢Lake
3724,筑波山,筑波山
3725,中津峡,中津峡
3726,長瀞,長瀞
3727,天城（旧天城トンネル周辺）,天Castle（旧天Castleトンネル周辺）
3728,天城（昭和の森会館周辺）,天Castle（Showa Forest会館周辺）
3729,天城（八丁池周辺）,天Castle（八丁Pond周辺）
3730,那須高原（那須岳周辺）,Nasu Highland（Nasu岳周辺）
3731,日塩もみじライン,Shioyaもみじライン
3732,日光（戦場ヶ原）,Nikko（戦場ヶ原）
3733,日光（中禅寺湖湖畔）,Nikko（中禅Temple Lake Lakeside）
3734,日光（湯元地区）,Nikko（湯元地区）
3735,日光（二社一寺 東照宮・輪王寺・二荒山神社）,Nikko（二社一Temple 東照宮・輪王Temple・二荒山Shrine）
3736,日光（霧降ノ滝）,Nikko（霧降ノWaterfall）
3737,日光（竜頭の滝）,Nikko（竜頭のWaterfall）
3738,梅ヶ島温泉,梅ヶ島Hot Spring
3739,箱根（芦ノ湖）,Hakone（芦ノLake）
3740,箱根（仙石原）,Hakone（仙石原）
3741,箱根（湯本）,Hakone（Yumoto）
3742,箱根美術館,Hakone Art Museum
3743,八溝山,八溝山
3744,富士山スカイライン,Mt. Fujiスカイライン
3745,富士山スバルライン,Mt. Fujiスバルライン
3746,妙義山、妙義紅葉ライン,妙義山、妙義紅葉ライン
3747,養老渓谷,養老Valley / Gorge
3748,龍王峡,龍王峡
3749,箒沢,箒沢
3750,日光（いろは坂）,Nikko（いろは坂）
3751,どんぐり,どんぐり
3752,峠の湧水,Pass Natural Spring
3753,大和寿司（豊洲市場）,大和寿司（豊洲Market）
3754,天ぷら割烹 天冨久(てんふく),天ぷら割烹 天冨久(てんふく)
3755,うなぎの桜家,うなぎの桜家
3756,道の駅 水上町水紀行館,Roadside Station 水上町水紀行館
3757,山方淡水魚館,山方淡水魚館
3758,道の駅 やいた,Roadside Station やいた
3759,七沢名水「澤泉」,七沢Famous Spring「澤泉」
3760,酔笑苑,酔笑苑
3761,常磐公園周辺のコインパーキング,常磐Park Nearby Coin Parking
3762,大谷田公園 周辺,大谷田Park 周辺
3763,綾瀬駅北側、五兵衛公園周辺,綾瀬駅North Side、五兵衛Park周辺
3764,吾野湧水,吾野Natural Spring
3765,四万温泉 河原の湯,四万Hot Spring River原 Hot Bath
3766,いなほの湯,いなほ Hot Bath
3767,荒川運動公園（熊谷）,荒 River Sports Park（熊谷）
3768,駒門の水,駒門 Spring Water
3769,スマイル秩父下影森店,スマイル秩父下影森店
3770,Homemade Ramen 麦苗,Homemade Ramen 麦苗
3771,下牧PA,下牧PA
3772,駒形PA,駒形PA
3773,穴澤天神社の御神水,穴澤天Shrineの御神水
3774,秩父ミューズパーク,秩父ミューズPark
3775,牛久大仏,牛久大仏
3776,尚仁沢湧水 尚仁沢名水パーク,尚仁沢Natural Spring 尚仁沢Famous Spring Park
3777,弘法の清水（秦野盆地湧水群）,弘法のShimizu（秦野盆地Natural Spring群）
3778,道の駅どうし,Roadside Stationどうし
3779,相模川緑地公園,相模 River Green Space Park
3780,安倍川緑地親水公園,安倍 River Green Space Waterfront Park
3781,辰起町緑地スポーツ広場,辰起町Green Space Sports Plaza
3782,大森 丸一,大森 丸一
3783,尻焼温泉 無料露天風呂,尻焼Hot Spring Free Open-air Bath
3784,古船浅間神社の御神水,古船浅間Shrineの御神水
3785,道の駅 和紙の里ひがしちちぶ,Roadside Station 和紙 no Satoひがしちちぶ
3786,道の駅 白浜野島崎,Roadside Station Shirahama野島崎
3787,道の駅 那須与一の郷,Roadside Station Nasu与一 no Sato
3788,無料駐車場と公衆トイレ,Free Parking AreaとPublic Restroom
3789,横濱飯店,横濱飯店
3790,鎌ヶ谷房の駅の房の水,鎌ヶ谷房の駅の房 Spring Water
3791,おぎのやドライブイン横川本店,おぎのやドライブイン横 River Main Store
3792,沼津魚市場,Marsh津魚Market
3793,尾ヶ崎ウイング,尾ヶ崎ウイング
3794,ごはんや 麦,ごはんや 麦
3795,石川PA,石 River PA
3796,華厳の滝,華厳のWaterfall
3797,大石公園駐車場,大石Park Parking Area
3798,道の駅 みぶ,Roadside Station みぶ
3799,板鼻PA（上下あり）,板鼻PA（上下Available）
3800,東京3大煮込みの1つ「大はし」,Tokyo3大煮込みの1つ「大はし」
3801,のんき 本店,のんき Main Store
3802,保土ヶ谷PA（下り方面（横浜方面）のみ）,保土ヶ谷PA（下り方面（Yokohama方面）のみ）
3803,千代田PA,千代田PA
3804,奥鬼怒温泉 八丁の湯,奥鬼怒Hot Spring 八丁 Hot Bath
3805,塩原元湯温泉 大出館,塩原元湯Hot Spring 大出館
3806,山口温泉,Yamaguchi Hot Spring
3807,霧積温泉 金湯館,霧積Hot Spring 金湯館
3808,那須 北温泉 北温泉旅館,Nasu 北Hot Spring 北Hot Spring Inn
3809,大沢温泉 大沢荘山の家,大沢Hot Spring 大沢荘山の家
3810,那須湯本温泉 鹿の湯,Nasu Yumoto Hot Spring 鹿 Hot Bath
3811,宝川温泉、汪泉閣（宝川山荘）,宝 River Hot Spring、汪泉閣（宝 River山荘）
3812,四万温泉 積善館,四万Hot Spring 積善館
3813,奈良田温泉 白根館,Nara田Hot Spring 白根館
3814,蓮台寺河内温泉 金谷旅館千人風呂,蓮台Temple River内Hot Spring 金谷旅館千人風呂
3815,ヴェルニーの水（走水水源地）,ヴェルニー Spring Water（走水水源地）
3816,無料駐車場と公衆トイレ,Free Parking AreaとPublic Restroom
3817,スープ入り焼きそば こばや食堂,スープ入り焼きSoba こばやDiner
3818,TOBU PARK鬼怒川温泉駅駐車場,TOBU PARK鬼怒 River Hot Spring駅Parking Area
3819,大滝温泉 天城荘,大Waterfall Hot Spring 天Castle荘
3820,正嗣 鶴田店,正嗣 鶴田店
3821,LCA国際小学校北の丘センター（相模原市立北市民健康文化センター）,LCA国際小学校北 Hill Center（相模原市立北市民Health文化Center）
3822,RVパークみどりの村,RVParkみどりの-mura
3823,国道日本最高地点,国道日本最高地点
3824,伊豆高原のうめえ水,伊豆Highlandのうめえ水
3825,黄金の湯館,黄金 Hot Bath館
3826,山岡家 羽生店,山岡家 羽生店
3827,山岡家 上三川店,山岡家 上三 River店
3828,山岡家 川島店,山岡家 River島店
3829,山岡家 笛吹店,山岡家 笛吹店
3830,山岡家 浜松南区店,山岡家 Beach松南区店
3831,山岡家 富士店,山岡家 Fuji店
3832,奥秩父 金蔵落とし,奥秩父 金蔵落とし
3833,尾瀬（尾瀬ヶ原）,尾瀬（尾瀬ヶ原）
3834,御岳昇仙峡,御岳昇仙峡
3835,ミロク伊豆工場,ミロク伊豆工場
3836,清水港みなみ,Shimizu Portみなみ
3837,ほったらかし温泉キャンプ場,ほったらかしHot Spring Campground
3838,ほうとう 歩成 本店,ほうとう 歩成 Main Store
3839,キッチン美味小家,キッチン美味小家
3840,富士山恵みの湧水,Mt. Fuji恵みのNatural Spring
3841,御夢想の湯,御夢想 Hot Bath
3842,BumB 東京スポーツ文化館,Bum B Tokyo Sports文化館
3843,イオン東雲,イオン東雲
3844,テクニカルパーク赤塚4丁目駐車場,テクニカルPark赤塚4丁目Parking Area
3845,道の駅 南房パラダイス（千葉）,Roadside Station 南房パラダイス（Chiba）
3846,駒門PA,駒門PA
3847,蒲田 とんかつ丸一,蒲田 とんかつ丸一
3848,とんかつ桂,とんかつ桂
3849,道の駅 しもにた,Roadside Station しもにた
3850,部原海岸,部原Coast
3851,富津岬,富津Cape
3852,鴨川・東条海岸の駐車場,鴨 River・東条Coast Parking Area
3853,富士スピードウェイメインゲート前,Fujiスピードウェイメインゲート前
3854,公園の無料駐車場,Park Free Parking Area
3855,道の駅 奥大井音戯の里,Roadside Station 奥大井音戯 no Sato
3856,かみね公園の離れた駐車場,かみねParkの離れたParking Area
3857,朝霧アリーナ,朝霧Arena
3858,オクシズの駅 わらびこ駐車場,オクシズの駅 わらびこParking Area
3859,奥静の駅あべごころ駐車場,奥静の駅あべごころParking Area
3860,横沢観光トイレ,横沢Sightseeing Restroom
3861,大河内観光トイレ（真富士の里）,大 River内Sightseeing Restroom（真Fuji no Sato）
3862,引地川親水公園,引地 River Waterfront Park
3863,万座温泉駐車場,万座Hot Spring Parking Area
3864,山中湖 無料駐車場,Lake Yamanaka Free Parking Area
3865,御前崎 無料駐車場,御前崎 Free Parking Area
3866,地頭方小学校前R150,地頭方小学校前R150
3867,塩原温泉 ゆっくりセンター近くの無料駐車場,塩原Hot Spring ゆっくりCenter近くのFree Parking Area
3868,赤根峠無料駐車場,赤根Pass Free Parking Area
3869,四万湖無料駐車場,四万Lake Free Parking Area
3870,箱根仙石原の駐車場,Hakone仙石原のParking Area
3871,無料駐車場,Free Parking Area
3872,千葉県野島崎灯台近くの駐車場,Chiba県野島崎灯台近くのParking Area
3873,菜の花台,菜の花台
3874,国道135号赤沢付近,国道135号赤沢付近
3875,二階滝駐車場,二階Waterfall Parking Area
3876,新倉PA,新倉PA
3877,清水魚市場 魚市場食堂,Shimizu魚Market 魚Market Diner
3878,三芳PA,三芳PA
3879,那須高原SA,Nasu Highland SA
3880,スカイポート亀石下の駐車場,スカイポート亀石下のParking Area
3881,兎に角,兎に角
3882,加須未来館周辺の堤防,加須未来館Nearby 堤防
3883,イオン品川シーサイド,イオン品 RiverシーSide
3884,サウナしきじ,サウナしきじ
3885,漫々亭（娘々系列）,漫々亭（娘々系列）
3886,豊島区立千川二丁目中央児童遊園周辺,豊島区立千 River二丁目Central児童遊園周辺
3887,上祖師谷五丁目公園周辺のコインパーキング,上祖師谷五丁目Park Nearby Coin Parking
3888,上総湊海水浴場,上総湊Swimming Beach
3889,みんみん宿郷店,みんみん宿郷店
3890,談合坂SA,談合坂SA
3891,南伊豆弓ヶ浜P（東側）,南伊豆弓ヶBeach P（East Side）
3892,イトーヨーカドー 大森店,イトーヨーカドー 大森店
3893,元横山町２丁目 公衆トイレ 周辺のコインパーキング,元横山町２丁目 Public Restroom Nearby Coin Parking
3894,竹の花公園 周辺のコインパーキング,竹の花Park Nearby Coin Parking
3895,日光（明智平展望台）,Nikko（明智平Observation Deck）
3896,手賀沼親水広場、水の館,手賀Marsh Waterfront Plaza、水の館
3897,佐良土駐車場,佐良土Parking Area
3898,（キャンピングカー駐車禁止の看板あり）弓ヶ浜西駐車場,（キャンピングカー駐車禁止の看板Available）弓ヶBeach西Parking Area
3899,市川PA,City River PA
3900,ガソリンスタンド 出光・宇佐美 ２０号甲府中央,ガソリンスタンド 出光・宇佐美 ２０号甲府Central
3901,阿左美冷蔵 金崎本店,阿左美冷蔵 金崎Main Store
3902,首都高 代々木PA,首都高 代々木PA
3903,首都高 南池袋PA,首都高 南Pond袋PA
3904,無料駐車場とトイレ,Free Parking AreaとRestroom
3905,大井PA,大井PA
3906,とんかつ 幸楽,とんかつ 幸楽
3907,かつ盛 本店,かつ盛 Main Store
3908,炭火焼鰻 小暮や,炭火焼鰻 小暮や
3909,奉仕の泉,奉仕の泉
3910,守谷製パン店,守谷製パン店
3911,湯らぎの里（富士市）,湯らぎ no Sato（Fuji City）
3912,竜泉寺の湯湘南茅ヶ崎店,竜泉Temple Hot Bath湘南茅ヶ崎店
3913,熊谷温泉湯楽の里,熊谷Hot Spring Yura no Sato
3914,すすき野湯けむりの里,すすき野湯けむり no Sato
3915,野天湯元湯快爽快たや店,野天湯元湯快爽快たや店
3916,野天湯元湯快爽快ちがさき店,野天湯元湯快爽快ちがさき店
3917,森のなかの温泉 なんぶの湯,森のなかのHot Spring なんぶ Hot Bath
3918,極楽湯 柏店,Gokurakuyu 柏店
3919,極楽湯上尾店,Gokurakuyu上尾店
3920,横濱スパヒルズ 竜泉寺の湯 横浜鶴ヶ峰店,横濱Spaヒルズ 竜泉Temple Hot Bath Yokohama鶴ヶ峰店
3921,天然温泉 湯楽部太田店,Natural Hot Spring Yura部太田店
3922,北本温泉 湯楽の里,北本Hot Spring Yura no Sato
3923,野天風呂蔵の湯東松山店,野天風呂蔵 Hot Bath東Matsuyama店
3924,行田･湯本天然温泉 茂美の湯,行田･Yumoto Natural Hot Spring 茂美 Hot Bath
3925,野天風呂 蔵の湯 鶴ヶ島店,野天風呂 蔵 Hot Bath 鶴ヶ島店
3926,小さな旅 川越温泉,小さな旅 River越Hot Spring
3927,所沢温泉湯楽の里,所沢Hot Spring Yura no Sato
3928,スパジアムジャポン,Spaジアムジャポン
3929,いやしの湯,いやし Hot Bath
3930,竜泉寺の湯草加谷塚店,竜泉Temple Hot Bath草加谷塚店
3931,楽天地天然温泉法典の湯,楽天地Natural Hot Spring法典 Hot Bath
3932,天然温泉ざぶ〜ん,Natural Hot Springざぶ〜ん
3933,笑がおの湯 松戸矢切店,笑がお Hot Bath 松戸矢切店
3934,野天風呂 湯の郷,野天風呂 湯 no Sato
3935,埼玉スポーツセンター天然温泉,埼玉Sports Center Natural Hot Spring
3936,ほったらかし温泉（駐車場での車中泊は禁止）,ほったらかしHot Spring（Parking AreaでのCar Overnightは禁止）
3937,SOLA SPA 浜北温泉（旧：風と月）,SOLA SPA Beach北Hot Spring（旧：風と月）
3938,天然温泉 真名井の湯 大井店,Natural Hot Spring 真名井 Hot Bath 大井店
3939,湯風景しおり,湯風景しおり
3940,湯楽の里 土浦店,Yura no Sato 土浦店
3941,山中湖平野温泉 石割の湯,Lake Yamanaka平野Hot Spring 石割 Hot Bath
3942,溶岩の湯 泉水,溶岩 Hot Bath 泉水
3943,山中湖温泉 紅富士の湯,Lake Yamanaka Hot Spring 紅Fuji Hot Bath
3944,あしがら温泉,あしがらHot Spring
3945,房総四季の蔵,房総四季の蔵
3946,国済寺天然温泉 美肌の湯,国済Temple Natural Hot Spring 美肌 Hot Bath
3947,武甲温泉,武甲Hot Spring
3948,天然温泉 太田安眠の湯,Natural Hot Spring 太田安眠 Hot Bath
3949,百観音温泉,百観音Hot Spring
3950,東京都庁展望室,Tokyo都庁展望室
3951,練馬区役所展望ロビー,練馬区役所展望ロビー
3952,文京シビックセンター展望台,文京シビックCenter Observation Deck
3953,湯の国会館,湯の国会館
3954,都幾川四季彩館,都幾 River四季彩館
3955,湯楽の里 松戸店,Yura no Sato 松戸店
3956,ほっとパーク鉾田,ほっとPark鉾田
3957,みはらしの丘 みたまの湯,みはらし Hill みたま Hot Bath
3958,とっぷさんて大洋,とっぷさんて大洋
3959,すその美人の湯 ヘルシーパーク裾野,すその美人 Hot Bath ヘルシーPark裾野
3960,天然温泉黄金の里,Natural Hot Spring黄金 no Sato
3961,越谷健美の湯,越谷健美 Hot Bath
3962,ゆの華 越谷天然温泉 美人の湯,ゆの華 越谷Natural Hot Spring 美人 Hot Bath
3963,尾白の湯,尾白 Hot Bath
3964,増富の湯,増富 Hot Bath
3965,健康市川温泉クリーンスパ市川,Health City River Hot SpringクリーンSpa City River
3966,さいたま市桜環境センター,Saitama City桜環境Center
3967,伊太和里の湯,伊太和里 Hot Bath
3968,草津温泉 西の河原露天風呂,Kusatsu Hot Spring 西の River原Open-air Bath
3969,万座温泉 豊国館,万座Hot Spring 豊国館
3970,石和なごみの湯,石和なごみ Hot Bath
3971,エキチカ温泉くろしお,エキチカHot Springくろしお
3972,さわらびの湯,さわらび Hot Bath
3973,御胎内温泉,御胎内Hot Spring
3974,白根温泉大露天風呂 薬師之湯,白根Hot Spring大Open-air Bath 薬師之湯
3975,立石公園駐車場,立石Park Parking Area
3976,京ヶ島天然温泉湯都里,京ヶ島Natural Hot Spring湯都里
3977,極楽湯 宇都宮店,Gokurakuyu Utsunomiya店
3978,磐田ななつぼし,磐田ななつぼし
3979,静岡温泉美肌湯,Shizuoka Hot Spring美肌湯
3980,あらたまの湯,あらたま Hot Bath
3981,山の中の天然温泉 芭蕉 月待ちの湯,山の中のNatural Hot Spring 芭蕉 月待ち Hot Bath
3982,大沢温泉 依田之庄,大沢Hot Spring 依田之庄
3983,旅館ニューおおたか,旅館ニューおおたか
3984,湯西川水の郷,湯西 River水 no Sato
3985,日光和の代温泉 やしおの湯,Nikko和の代Hot Spring やしお Hot Bath
3986,筥湯,筥湯
3987,竹倉温泉 みなくち荘,竹倉Hot Spring みなくち荘
3988,皆幸乃湯,皆幸乃湯
3989,みとみ笛吹の湯,みとみ笛吹 Hot Bath
3990,川治温泉 薬師の湯,River治Hot Spring 薬師 Hot Bath
3991,温泉保養センター 日光温泉,Hot Spring Recreation Center Nikko Hot Spring
3992,日光市温泉保養センター かたくりの湯,Nikko City Hot Spring Recreation Center かたくり Hot Bath
3993,太田温泉やまぶきの湯,太田Hot Springやまぶき Hot Bath
3994,寺尾の湯,Temple尾 Hot Bath
3995,天城 出会い橋 ホタル 蛍,天Castle 出会い橋 ホタル 蛍
3996,（箱根）大平台温泉 姫の湯,（Hakone）大平台Hot Spring 姫 Hot Bath
3997,仙石原 いこいの家,仙石原 いこいの家
3998,寄居山温泉ほっこりの湯,寄居山Hot Springほっこり Hot Bath
3999,ゆ〜ぽ〜とはさき,ゆ〜ぽ〜とはさき
4000,妙義ふれあいプラザ 妙義温泉｢もみじの湯｣,妙義Community Plaza 妙義Hot Spring｢もみじ Hot Bath｣
4001,まほろばの湯 湯親館,まほろば Hot Bath 湯親館
4002,日光沢温泉,Nikko沢Hot Spring
4003,奥日光パークロッジ深山,奥Nikko Park Lodge深山
4004,韮崎旭温泉 韮崎旭の湯,韮崎旭Hot Spring 韮崎旭 Hot Bath
4005,さくらの湯（山北町）,Sakura Hot Bath（山北町）
4006,ふれあい交流館,Community Community館
4007,堂ヶ島温泉 沢田公園露天風呂,堂ヶ島Hot Spring 沢田Park Open-air Bath
4008,町営公衆浴場みなと湯,Town-run公衆Bathhouse Port湯
4009,ハートピアさくらの郷,ハートピアSakura no Sato
4010,（箱根）宮ノ下温泉 太閤湯,（Hakone）宮ノ下Hot Spring 太閤湯
4011,水神湯,水神湯
4012,月島温泉,月島Hot Spring
4013,深川温泉 常盤湯（江東区）,深 River Hot Spring 常盤湯（江東区）
4014,大蔵湯（町田）,大蔵湯（町田）
4015,押上温泉 大黒湯,押上Hot Spring 大黒湯
4016,千代乃湯,千代乃湯
4017,改正湯,改正湯
4018,松の湯（八王子）,松 Hot Bath（八王子）
4019,桜館（大田区）,桜館（大田区）
4020,戸越銀座温泉,戸越銀座Hot Spring
4021,乙女湯,乙女湯
4022,武蔵小山温泉 清水湯,武蔵小山Hot Spring Shimizu湯
4023,大盛湯,大盛湯
4024,湯の森 深大湯,湯 Forest 深大湯
4025,ゆ〜シティー蒲田（駐車場は高さ1.9mまで）,ゆ〜シティー蒲田（Parking Areaは高さ1.9mまで）
4026,立川湯屋敷 梅の湯,立 River湯屋敷 梅 Hot Bath
4027,富士見湯 昭島市,Fuji見湯 昭島 City
4028,萩の湯,萩 Hot Bath
4029,八王子 稲荷湯,八王子 稲荷湯
4030,やすらぎの湯 ニュー椿,やすらぎ Hot Bath ニュー椿
4031,イーストランド,イーストLand
4032,中の湯,中 Hot Bath
4033,銭湯 美吉湯,Public Bath 美吉湯
4034,大平湯（足立区）,大平湯（足立区）
4035,竹の湯（江東区）,竹 Hot Bath（江東区）
4036,南平台日帰り温泉 観音湯,南平台日帰りHot Spring 観音湯
4037,ゆ家 和ごころ 吉の湯,ゆ家 和ごころ 吉 Hot Bath
4038,桜湯（静岡市）,桜湯（Shizuoka City）
4039,神栖市 ふれあいセンター 湯楽々,神栖 City Community Center Yura々
4040,瑞牆山登山口の駐車場,瑞牆山登Yamaguchi Parking Area
4041,銭湯ゆープラザ,Public BathゆーPlaza
4042,櫻湯（茂原）,櫻湯（茂原）
4043,スーパー銭湯 白旗,スーパーPublic Bath 白旗
4044,宮の湯（木更津）,宮 Hot Bath（木更津）
4045,喜連川温泉 市営もとゆ温泉 第1温泉浴場,喜連 River Hot Spring City-runもとゆHot Spring #1Hot Spring Bathhouse
4046,那珂川町温泉浴場 ゆりがねの湯,那珂 River-cho Hot Spring Bathhouse ゆりがね Hot Bath
4047,さしま健康交流センター「遊楽里」寺久の湯,さしまHealth Community Center「遊楽里」Temple久 Hot Bath
4048,小美玉温泉 湯～GO！,小美玉Hot Spring 湯～GO！
4049,源泉 湯乃庵,源泉 湯乃庵
4050,湯パークラヂウム,湯Parkラヂウム
4051,湯めみの丘,湯めみ Hill
4052,城の湯やすらぎの里 温泉センター,Castle Hot Bathやすらぎ no Sato Hot Spring Center
4053,佐久間の里の天然温泉 笑楽の湯,佐久間 no Sato Natural Hot Spring 笑楽 Hot Bath
4054,清川村ふれあいセンター 別所の湯,清 River-mura Community Center 別所 Hot Bath
4055,サンピア日立,サンピア日立
4056,栃木市北部健康福祉センター ゆったり〜な,栃木市北部Health福祉Center ゆったり〜な
4057,温泉寺,Hot Spring Temple
4058,那須湯本温泉 雲海閣,Nasu Yumoto Hot Spring 雲海閣
4059,八溝温泉,八溝Hot Spring
4060,下田 昭和湯,下田 Showa湯
4061,石和温泉公衆浴場,石和Hot Spring公衆Bathhouse
4062,北浦温泉 北浦荘,北浦Hot Spring 北浦荘
4063,富士山 天母の湯,Mt. Fuji 天母 Hot Bath
4064,霞浦の湯,霞浦 Hot Bath
4065,クラブ湯,クラブ湯
4066,大井川福祉センター ほほえみ,大井 River福祉Center ほほえみ
4067,喜連川温泉 市営露天風呂（第2温泉浴場）,喜連 River Hot Spring City-run Open-air Bath（#2Hot Spring Bathhouse）
4068,東松山市 市民健康増進センター,東Matsuyama City 市民Health増進Center
4069,なかが和苑,なかが和苑
4070,舟戸の番屋 露天風呂,舟戸の番屋 Open-air Bath
4071,塩原温泉 中の湯（新湯）,塩原Hot Spring 中 Hot Bath（新湯）
4072,塩原温泉 寺の湯（新湯温泉）,塩原Hot Spring Temple Hot Bath（新湯Hot Spring）
4073,塩原温泉 むじなの湯（新湯）,塩原Hot Spring むじな Hot Bath（新湯）
4074,沢渡温泉 共同浴場,沢渡Hot Spring Public Bath
4075,RVパーク那須塩原エヅリン,RVPark Nasu塩原エヅリン
4076,なめがたRVパーク マルベリー,なめがたRVPark マルベリー
4077,はやぶさ温泉,はやぶさHot Spring
4078,河津桜,River津桜
4079,龍宮殿本館,龍宮殿本館
4080,三井のリパーク 厚木旭町５丁目第２,三井のリPark 厚木旭町５丁目第２
4081,ダイレクトパーク厚木旭町No.１３,ダイレクトPark厚木旭町No.１３
4082,NTTル・パルク上祖師谷第2駐車場,NTTル・パルク上祖師谷#2Parking Area
4083,ＧＳパーク東和駐車場,ＧＳPark東和Parking Area
4084,コインパーク横浜大野町,コインPark Yokohama大野-cho
4085,三井のリパーク 南千住３丁目第３,三井のリPark 南千住３丁目第３
4086,三井のリパーク厚木中町３丁目,三井のリPark厚木中町３丁目
4087,タイムパーキング柳原,タイムパーKing柳原
4088,御前崎市営無料駐車場,御前崎City-run Free Parking Area
4089,村松駐車場,村松Parking Area
4090,タイムズ武蔵五日市,タイムズ武蔵五日 City
4091,桔梗屋 本社 桔梗信玄餅工場テーマパーク,桔梗屋 本社 桔梗信玄餅工場テーマPark
4092,天然温泉 気楽坊,Natural Hot Spring 気楽坊
4093,道の駅 那須高原友愛の森,Roadside Station Nasu Highland友愛 Forest
4094,道の駅 日光 日光街道ニコニコ本陣,Roadside Station Nikko Nikko街道ニコニコ本陣
4095,道の駅 八ッ場ふるさと館,Roadside Station 八ッ場Hometown館
4096,道の駅 くろほね・やまびこ,Roadside Station くろほね・やまびこ
4097,道の駅 ぐりーんふらわー牧場・大胡,Roadside Station ぐりーんふらわーRanch・大胡
4098,草津温泉️ 湯畑観光駐車場,Kusatsu Hot Spring 湯畑Sightseeing Parking Area
4099,道の駅 湯西川（栃木）,Roadside Station 湯西 River（栃木）
4100,道の駅 赤城の恵、前橋市 荻窪公園,Roadside Station 赤Castleの恵、Maebashi City 荻窪Park
4101,日光市営 西参道第１駐車場,Nikko City-run 西参道第１Parking Area
4102,道の駅 ふじみ,Roadside Station ふじみ
4103,川原湯温泉️ 打越沢駐車場,River原湯Hot Spring 打越沢Parking Area
4104,ばんやの湯,ばんや Hot Bath
4105,道の駅 甲斐大和,Roadside Station 甲斐大和
4106,道の駅 もてぎ,Roadside Station もてぎ
4107,道の駅 かさま,Roadside Station かさま
4108,道の駅 山北,Roadside Station 山北
4109,道の駅 サシバの里いちかい,Roadside Station サシバ no Satoいちかい
4110,道の駅 はにゅう,Roadside Station はにゅう
4111,道の駅 八王子滝山,Roadside Station 八王子Waterfall山
4112,道の駅 おおた,Roadside Station おおた
4113,道の駅 ふじおやま,Roadside Station ふじおやま
4114,道の駅 足柄・金太郎のふるさと,Roadside Station 足柄・金太郎のHometown
4115,道の駅 みかも,Roadside Station みかも
4116,道の駅 たかねざわ 元気あっぷむら,Roadside Station たかねざわ 元気あっぷむら
4117,道の駅 うつのみや ろまんちっく村,Roadside Station うつのみや ろまんちっく-mura
4118,道の駅 はが,Roadside Station はが
4119,道の駅 にしかた,Roadside Station にしかた
4120,備前島公園 駐車場,備前島Park Parking Area
4121,道の駅 にしじま和紙の里 かみすきパーク,Roadside Station にしじま和紙 no Sato かみすきPark
4122,道の駅 すばしり,Roadside Station すばしり
4123,道の駅 富士吉田,Roadside Station Fuji吉田
4124,道の駅 朝霧高原,Roadside Station 朝霧Highland
4125,道の駅 べに花の郷 おけがわ,Roadside Station べに花 no Sato おけがわ
4126,道の駅 かつやま,Roadside Station かつやま
4127,道の駅 花かげの郷 まきおか,Roadside Station 花かげ no Sato まきおか
4128,道の駅 しらね,Roadside Station しらね
4129,道の駅 川口・あんぎょう,Roadside Station River口・あんぎょう
4130,道の駅 みとみ,Roadside Station みとみ
4131,道の駅 富士川,Roadside Station Fuji River
4132,道の駅 日立おさかなセンター️,Roadside Station 日立おさかなCenter
4133,道の駅 たばやま️,Roadside Station たばやま
4134,道の駅 しょうなん️,Roadside Station しょうなん
4135,行方市 天王崎公園、風の塔,行方 City 天王崎Park、風の塔
4136,道の駅 そらっと牧之原,Roadside Station そらっと牧之原
4137,道の駅 風のマルシェ御前崎️、たわら屋の朝ラー,Roadside Station 風のマルシェ御前崎、たわら屋の朝ラー
4138,道の駅 湯の香しおばら,Roadside Station 湯の香しおばら
4139,道の駅 白沢,Roadside Station 白沢
4140,道の駅 中山盆地,Roadside Station 中山盆地
4141,道の駅 あがつま峡,Roadside Station あがつま峡
4142,道の駅 明治の森 黒磯,Roadside Station 明治 Forest 黒磯
4143,道の駅 那須野が原博物館（旧名 にしなすの）,Roadside Station Nasu野が原Museum（旧名 にしなすの）
4144,道の駅 尾瀬かたしな,Roadside Station 尾瀬かたしな
4145,丸沼高原スキー場駐車場（白根山登山口駐車場）,丸Marsh Highlandスキー場Parking Area（白根山登Yamaguchi Parking Area）
4146,尾瀬第二駐車場（有料駐車場）,尾瀬第二Parking Area（Paid Parking Area）
4147,日光市営川俣湖キャンプ場（無料キャンプ場）,Nikko City-run River俣Lake Campground（Free Campground）
4148,埼玉県県民の森 駐車場（夜間トイレ遠い）,埼玉県県民 Forest Parking Area（夜間Restroom遠い）
4149,道の駅 グリーンファーム館山,Roadside Station Greenファーム館山
4150,道の駅 オライ はすぬま,Roadside Station オライ はすぬま
4151,道の駅 掛川,Roadside Station 掛 River
4152,道の駅 たけゆらの里・おおたき,Roadside Station たけゆら no Sato・おおたき
4153,道の駅 きょなん,Roadside Station きょなん
4154,暁ふ頭公園（有料コインパーキング）,暁ふ頭Park（Paid Coin Parking）
4155,道の駅 伊豆のへそ,Roadside Station 伊豆のへそ
4156,道の駅 箱根峠,Roadside Station Hakone Pass
4157,道の駅 富士,Roadside Station Fuji
4158,道の駅 宇津ノ谷峠,Roadside Station 宇津ノ谷Pass
4159,道の駅 ふれあいパーク・きみつ,Roadside Station Community Park・きみつ
4160,道の駅 保田小学校,Roadside Station 保田小学校
4161,道の駅 多古 あじさい館,Roadside Station 多古 あじさい館
4162,道の駅 くりもと 紅小町の郷,Roadside Station くりもと 紅小-cho no Sato
4163,道の駅 潮見坂,Roadside Station 潮見坂
4164,竜洋海洋公園駐車場,竜洋海洋Park Parking Area
4165,道の駅 果樹公園あしがくぼ,Roadside Station 果樹Parkあしがくぼ
4166,道の駅 はくしゅう️,Roadside Station はくしゅう
4167,道の駅 龍勢会館,Roadside Station 龍勢会館
4168,道の駅 大滝温泉,Roadside Station 大Waterfall Hot Spring
4169,道の駅 よしおか温泉,Roadside Station よしおかHot Spring
4170,道の駅 ちちぶ,Roadside Station ちちぶ
4171,道の駅 つる,Roadside Station つる
4172,道の駅 にらさき,Roadside Station にらさき
4173,和みの里ゆうゆう広場,和み no SatoゆうゆうPlaza
4174,サンストリート浜北,サンストリートBeach北
4175,らぁ麺 飯田商店,らぁ麺 Iida商店
4176,高萩休憩所,高萩休憩所
4177,宮原青少年野外活動広場,宮原青少年野外活動Plaza
4178,道の駅 とよとみ,Roadside Station とよとみ
4179,太田強戸PA,太田強戸PA
4180,道の駅 木更津うまくたの里,Roadside Station 木更津うまくた no Sato
4181,道の駅 常陸大宮 かわプラザ,Roadside Station 常陸大宮 かわPlaza
4182,道の駅 みのりの郷東金,Roadside Station みのり no Sato東金
4183,草津温泉 御座之湯,Kusatsu Hot Spring 御座之湯
4184,道の駅 川根温泉,Roadside Station River根Hot Spring
4185,ふじやま温泉,ふじやまHot Spring
4186,龍宮城スパホテル三日月,龍宮Castle Spa Hotel三日月
4187,RVパーク中津川,RVPark中津 River
4188,RVパークキャラバンパーク所沢,RVParkキャラバンPark所沢
4189,RVパークみうら,RVParkみうら
4190,RVパーク伊参スタジオ公園,RVPark伊参スタジオPark
4191,RVパーク伊香保,RVPark伊香保
4192,RVパーク ドッグランWANport,RVPark ドッグランWANport
4193,RVパークあじがうら,RVParkあじがうら
4194,城ヶ島駐車場,Castleヶ島Parking Area
4195,タイムズ九段北１丁目第２,タイムズ九段北１丁目第２
4196,スパ&リゾート九十九里 太陽の里,Spa&Resort九十九里 太陽 no Sato
4197,リバティーリゾート久能山（旧：大江戸温泉物語 すんぷ夢ひろば）,リバティーResort久能山（旧：大江戸Hot Spring物語 すんぷ夢ひろば）
4198,箱根湯本 湯の里おかだ,Hakone Yumoto 湯 no Satoおかだ
4199,かりんの湯,かりん Hot Bath
4200,駿河の湯 坂口屋,駿 River Hot Bath 坂口屋
4201,杉戸天然温泉 雅楽の湯,杉戸Natural Hot Spring 雅楽 Hot Bath
4202,東静岡天然温泉柚木の郷,東Shizuoka Natural Hot Spring柚木 no Sato
4203,大谷田温泉 明神の湯,大谷田Hot Spring 明神 Hot Bath
4204,たてやま温泉 千里の風,たてやまHot Spring 千里の風
4205,前野原温泉さやの湯処,前野原Hot Springさや Hot Bath処
4206,おふろの王様花小金井店,おふろの王様花小金井店
4207,花咲の湯,花咲 Hot Bath
4208,ヌーランド さがみゆ,ヌーLand さがみゆ
4209,阿字ヶ浦温泉のぞみ,阿字ヶ浦Hot Springのぞみ
4210,用宗みなと温泉,用宗Port Hot Spring
4211,菜々の湯,菜々 Hot Bath
4212,成田の命泉 大和の湯,成田の命泉 大和 Hot Bath
4213,やまなしフルーツ温泉 ぷくぷく,やまNoneフルーツHot Spring ぷくぷく
4214,おふろの王様港南台店,おふろの王様Port南台店
4215,佐倉天然温泉 澄流,佐倉Natural Hot Spring 澄流
4216,スーパー銭湯おふろの国,スーパーPublic Bathおふろの国
4217,湯河原温泉 こごめの湯,湯 River原Hot Spring こごめ Hot Bath
4218,掛川つま恋温泉森林乃湯,掛 Riverつま恋Hot Spring森林乃湯
4219,龍泉の湯,龍泉 Hot Bath
4220,見沼天然温泉 小春日和,見Marsh Natural Hot Spring 小春日和
4221,尻焼温泉 星ヶ岡山荘,尻焼Hot Spring 星ヶOkayama荘
4222,ゆっくら健康館,ゆっくらHealth館
4223,おふろの王様瀬谷店,おふろの王様瀬谷店
4224,おふろの王様町田店,おふろの王様町田店
4225,おふろの王様海老名店,おふろの王様海老名店
4226,おふろの王様多摩百草店,おふろの王様多摩百草店
4227,星音の湯,星音 Hot Bath
4228,手賀沼観光リゾート天然温泉 手賀沼温泉 満天の湯,手賀Marsh Sightseeing Resort Natural Hot Spring 手賀Marsh Hot Spring 満天 Hot Bath
4229,竹千代の水（大在家の名水）,竹千代 Spring Water（大在家のFamous Spring）
4230,小江戸はつかり温泉 川越店,小江戸はつかりHot Spring River越店
4231,秋山温泉,秋山Hot Spring
4232,ゆとりろ日光（旧：中禅寺温泉 ホテル湖畔亭）,ゆとりろNikko（旧：中禅Temple Hot Spring Hotel Lakeside亭）
4233,遠州和の湯,遠州和 Hot Bath
4234,下賀茂温泉 銀の湯会館,下賀茂Hot Spring 銀 Hot Bath会館
4235,新木鉱泉,新木鉱泉
4236,遠州 みなみの湯,遠州 みなみ Hot Bath
4237,かぜの湯,かぜ Hot Bath
4238,西金砂湯けむりの郷 金砂の湯,西金砂湯けむり no Sato 金砂 Hot Bath
4239,神の湯温泉,神 Hot Bath Hot Spring
4240,ロイヤルホテル河口湖「開運の湯」,ロイヤルHotel River口Lake「開運 Hot Bath」
4241,鹿島セントラル 天然温泉美人の湯 ゆの華,鹿島セントラル Natural Hot Spring美人 Hot Bath ゆの華
4242,天然温泉森のせせらぎ なごみ,Natural Hot Spring森のStream なごみ
4243,美玉の湯・日帰り館,美玉 Hot Bath・日帰り館
4244,小江戸温泉 KASHIBA,小江戸Hot Spring KASHIBA
4245,踊り子温泉会館,踊り子Hot Spring会館
4246,花の駅 片品花咲の湯,花の駅 片品花咲 Hot Bath
4247,駿河健康ランド（宿泊可能な健康ランド）,駿 River Health Land（宿泊可能なHealth Land）
4248,弘法の湯 本店,弘法 Hot Bath Main Store
4249,つくば温泉 喜楽里 別邸,つくばHot Spring 喜楽里 別邸
4250,マリンスパあたみ,マリンSpaあたみ
4251,スーパー銭湯 湯処葛西,スーパーPublic Bath 湯処葛西
4252,OYUGIWA 海老名,OYUGIWA 海老名
4253,天然温泉 海辺の湯,Natural Hot Spring 海辺 Hot Bath
4254,湯乃市藤沢柄沢店,湯乃市藤沢柄沢店
4255,天然温泉 湯舞音 龍ケ崎店,Natural Hot Spring 湯舞音 龍ケ崎店
4256,国立温泉湯楽の里,国立Hot Spring Yura no Sato
4257,稲城天然温泉季乃彩,稲Castle Natural Hot Spring季乃彩
4258,おふろの王様 和光店,おふろの王様 和光店
4259,秩父温泉 満願の湯,秩父Hot Spring 満願 Hot Bath
4260,草津温泉 大滝乃湯,Kusatsu Hot Spring 大Waterfall乃湯
4261,極楽湯 和光店,Gokurakuyu 和光店
4262,湯快爽快『湯けむり横丁』おおみや,湯快爽快『湯けむり横丁』おおみや
4263,昭和レトロな温泉銭湯 玉川温泉,ShowaレトロなHot Spring Public Bath 玉 River Hot Spring
4264,ゆりの郷,ゆり no Sato
4265,春日部温泉 湯楽の里,春日部Hot Spring Yura no Sato
4266,湯乃蔵ガーデン,湯乃蔵Garden
4267,湯花楽秦野店,湯花楽秦野店
4268,極楽湯多摩センター店,Gokurakuyu多摩Center店
4269,あずま健康センター,あずまHealth Center
4270,酒々井温泉湯楽の里,酒々井Hot Spring Yura no Sato
4271,湯楽の里 日立店,Yura no Sato 日立店
4272,市原温泉 湯楽の里,市原Hot Spring Yura no Sato
4273,船橋温泉 湯楽の里,船橋Hot Spring Yura no Sato
4274,昭島温泉 湯楽の里,昭島Hot Spring Yura no Sato
4275,湯快爽快湯けむり横丁みさと,湯快爽快湯けむり横丁みさと
4276,天然温泉ふるさとの湯,Natural Hot Spring Hometown Hot Bath
4277,竜泉寺の湯八王子みなみ野店,竜泉Temple Hot Bath八王子みなみ野店
4278,四季(とき)の湯温泉,四季(とき) Hot Bath Hot Spring
4279,梵の湯,梵 Hot Bath
4280,仙川 湯けむりの里,仙 River 湯けむり no Sato
4281,極楽湯三島店,Gokurakuyu三島店
4282,源泉 那須山,源泉 Nasu山
4283,鵜来来の湯十王,鵜来来 Hot Bath十王
4284,極楽湯 水戸店,Gokurakuyu Mito店
4285,さいたま清河寺温泉,Saitama清 River Temple Hot Spring
4286,おふろの王様志木店,おふろの王様志木店
4287,あおい温泉草薙の湯,あおいHot Spring草薙 Hot Bath
4288,栃木天然温泉いきいき夢ロマン,栃木Natural Hot Springいきいき夢ロマン
4289,大東温泉シートピア,大東Hot Springシートピア
4290,羽生PA,羽生PA
4291,遠州豊田PA,遠州豊田PA
4292,笠間PA,笠間PA
4293,甘楽PA,甘楽PA
4294,関本PA,関本PA
4295,駒寄PA,駒寄PA
4296,黒磯PA,黒磯PA
4297,志村PA,志村PA
4298,小笠PA,小笠PA
4299,赤城PA,赤Castle PA
4300,赤城高原SA,赤Castle Highland SA
4301,大師PA,大師PA
4302,大谷PA,大谷PA
4303,谷田部東PA,谷田部東PA
4304,中郷SA,中郷SA
4305,田野PA,田野PA
4306,都賀西方PA,都賀西方PA
4307,東海PA,東海PA
4308,道の駅 オアシスなんもく,Roadside Station オアシスなんもく
4309,道の駅 おおつの里,Roadside Station おおつ no Sato
4310,道の駅 かぞわたらせ（旧：道の駅 きたかわべ）,Roadside Station かぞわたらせ（旧：Roadside Station きたかわべ）
4311,道の駅 たくみの里,Roadside Station たくみ no Sato
4312,道の駅 たまつくり,Roadside Station たまつくり
4313,道の駅 とみうら,Roadside Station とみうら
4314,道の駅 とみざわ,Roadside Station とみざわ
4315,道の駅 はなぞの,Roadside Station はなぞの
4316,道の駅 フォーレなかかわね茶茗舘,Roadside Station フォーレなかかわね茶茗舘
4317,道の駅 みわ,Roadside Station みわ
4318,道の駅 月夜野矢瀬親水公園,Roadside Station 月夜野矢瀬Waterfront Park
4319,道の駅 三芳村,Roadside Station 三芳-mura
4320,道の駅 上州おにし,Roadside Station 上州おにし
4321,道の駅 東山道伊王野,Roadside Station 東山道伊王野
4322,道の駅 童謡のふる里おおとね,Roadside Station 童謡のふる里おおとね
4323,道の駅 風和里しばやま,Roadside Station 風和里しばやま
4324,道の駅 霊山たけやま,Roadside Station 霊山たけやま
4325,日光口PA,Nikko口PA
4326,日本坂PA,日本坂PA
4327,日立中央PA,日立Central PA
4328,波志江PA,波志江PA
4329,美野里PA,美野里PA
4330,富山PA、ハイウェイオアシス富楽里,富山PA、Highway Oasis富楽里
4331,矢坂北PA,矢坂北PA
4332,友部SA,友部SA
4333,嵐山PA,嵐山PA
4334,蓮田SA,蓮田SA
4335,湾岸幕張PA,湾岸幕張PA
4336,タイムズ幕張新都心,タイムズ幕張新都心
4337,沖縄Cafe〜果報〜,Okinawa Cafe〜果報〜
4338,安比奈親水公園,安比奈Waterfront Park
4339,ＮＰＣ２４ＨＧＩＮＺＡ ＫＡＢＵＫＩＺＡパーキング（東京の車中泊スポット）,ＮＰＣ２４ＨＧＩＮＺＡ ＫＡＢＵＫＩＺＡパーKing（Tokyo Car Overnight Spot）
4340,日暮里南公園 周辺のコインパーキング,日暮里南Park Nearby Coin Parking
4341,江ノ島なぎさ駐車場,江ノ島なぎさParking Area
4342,RVパーク ランドポートAjigaura,RVPark LandポートAjigaura
4343,毛無峠（群馬県）,毛無Pass（群馬県）
4344,栃本広場,栃本Plaza
4345,（7月上旬〜9月上旬は利用不可）（無料）富士山スカイライン 富士宮口五合目駐車場,（7月上旬〜9月上旬は利用不可）（Free）Mt. Fujiスカイライン Fuji宮口五合目Parking Area
4346,天城高原駐車場（天城山登山口）,天Castle Highland Parking Area（天Castle山登Yamaguchi）
4347,大弛峠,大弛Pass
4348,八丈島 ナズマド,八丈島 ナズマド
4349,三宅島 長太郎池,三宅島 長太郎Pond
4350,三宅島 大路池,三宅島 大路Pond
4351,あいあい岬,あいあいCape
4352,新倉山浅間公園,新倉山浅間Park
4353,（7月上旬〜9月上旬は利用不可）（無料）富士山 ふじあざみライン 須走口五合目駐車場,（7月上旬〜9月上旬は利用不可）（Free）Mt. Fuji ふじあざみライン 須走口五合目Parking Area
4354,森友之湯,森友之湯
4355,（7月上旬〜9月上旬は利用不可）富士スバルライン 五合目駐車場（吉田ルート、河口湖口）,（7月上旬〜9月上旬は利用不可）Fujiスバルライン 五合目Parking Area（吉田ルート、 River口Lake口）
4356,東京三大煮込み、岸田屋,Tokyo三大煮込み、岸田屋
4357,由比漁港 浜のかきあげや,由比Fishing Port Beachのかきあげや
4358,夢の島公園駐車場（※2025年11月大幅値上げ）,夢の島Park Parking Area（※2025年11月大幅値上げ）
4359,笛吹川フルーツ公園駐車場,笛吹 RiverフルーツPark Parking Area
4360,甲府市 緑ヶ丘スポーツ公園,甲府 City 緑ヶ丘Sports Park
4361,南アルプス市 御勅使南公園 第3駐車場,南アルプス City 御勅使南Park #3Parking Area
4362,双葉SA,双葉SA
4363,南アルプス市 櫛形総合公園️,南アルプス City 櫛形General Park
4364,道の駅 しもべ,Roadside Station しもべ
4365,あきる野市 秋川グリーンスポーツ公園️,あきる野 City 秋 River Green Sports Park
4366,塩山ふれあいの森総合公園,塩山Community Forest General Park
4367,出羽公園,出羽Park
4368,千葉中央埠頭パーキング,Chiba Central埠頭パーKing
4369,"<font color=""red""></font>ポートパーク駐車場",ポートPark Parking Area
4370,下芝水辺公園️,下芝水辺Park
4371,千葉市 都川水の里公園️,Chiba City 都 River水 no Sato Park
4372,つくば電気通信 希望ヶ丘公園,つくば電気通信 希望ヶ丘Park
4373,我孫子市 手賀沼親水広場️,我孫子 City 手賀Marsh Waterfront Plaza
4374,柏市 手賀沼自然ふれあい緑道,柏 City 手賀Marsh自然Community緑道
4375,新興津緑地,新興津Green Space
4376,青梅市 釜の淵公園️（トイレ遠い）,青梅 City 釜の淵Park（Restroom遠い）
4377,富士市 鈴川海浜スポーツ公園,Fuji City 鈴 River Seaside Sports Park
4378,奥多摩 大麦代駐車場、水と緑のふれあい館️、小河内ダム,Okutama 大麦代Parking Area、水と緑のCommunity館、小 River内Dam
4379,甲州市 柳沢峠 市営駐車場,甲州 City 柳沢Pass City-run Parking Area
4380,函嶺洞門駐車場,函嶺洞門Parking Area
4381,増穂PA,増穂PA
4382,磐田市 福田漁港、渚の交流館,磐田 City 福田Fishing Port、渚のCommunity館
4383,二宮町 梅沢海岸,二宮-cho 梅沢Coast
4384,寒川町 川とのふれあい公園️,寒 River-cho RiverとのCommunity Park
4385,本栖湖展望公園,本栖Lake Scenic Park
4386,静岡市道路休憩施設 大浜海岸駐車場,Shizuoka City道路休憩施設 大Beach Coast Parking Area
4387,清水日本平運動公園️,Shimizu日本平Sports Park
4388,大井川防災広場,大井 River防災Plaza
4389,長野原町 温井沢桜公園,Nagano原-cho 温井沢桜Park
4390,仙之入ポケットパーク,仙之入ポケットPark
4391,道の駅 こもち,Roadside Station こもち
4392,渋川市 小野上温泉公園️,渋 River City 小野上Hot Spring Park
4393,道の駅 富弘美術館,Roadside Station 富弘Art Museum
4394,霧降の滝無料駐車場,霧降のWaterfall Free Parking Area
4395,みどり市 草木湖 国民宿舎北側園地,みどり City 草木Lake 国民宿舎North Side Recreation Area
4396,足柄SA、EXPASA足柄(上下風呂あり）,足柄SA、EXPASA足柄(上下風呂Available）
4397,細江公園 カリヨン広場,細江Park カリヨンPlaza
4398,JR新小岩駅周辺のコインパーキング,JR新小岩駅Nearby Coin Parking
4399,横浜新道 戸塚PA,Yokohama新道 戸塚PA
4400,第三京浜 都筑PA（上りのみ）,第三京Beach 都筑PA（上りのみ）
4401,小倉橋下の河川敷（無料オートキャンプ場）,小倉橋下の River River敷（Free Auto Campground）
4402,中津川河川敷（八菅橋下）（無料キャンプ場）,中津 River River River敷（八菅橋下）（Free Campground）
4403,角田大橋 青少年広場（無料キャンプ場）,角田大橋 青少年Plaza（Free Campground）
4404,田代運動公園中津川河川敷（無料オートキャンプ場）,田代Sports Park中津 River River River敷（Free Auto Campground）
4405,平山城址公園駐車場,平山Castle址Park Parking Area
4406,JR平井駅周辺のコインパーキング,JR平井駅Nearby Coin Parking
4407,用宗緑地,用宗Green Space
4408,用宗漁港 （静岡県静岡市）,用宗Fishing Port （Shizuoka県Shizuoka City）
4409,箱根ビジターセンター 無料駐車場,HakoneビジターCenter Free Parking Area
4410,駿河湾沼津SA（NEOPASA駿河湾沼津）,駿 River湾Marsh津SA（NEOPASA駿 River湾Marsh津）
4411,愛鷹広域公園駐車場,愛鷹広域Park Parking Area
4412,大井町 南西エリアのコインパーキング,大井-cho 南西Area Coin Parking
4413,富士川緑地,Fuji River Green Space
4414,奥日光 湯元本通り湖畔駐車場、湯元本通り北駐車場,奥Nikko 湯元本Street Lakeside Parking Area、湯元本Street北Parking Area
4415,（傾斜あり）那須温泉️ 殺生石園地 駐車場,（傾斜Available）Nasu Hot Spring 殺生石Recreation Area Parking Area
4416,浜名湖SA,Beach名Lake SA
4417,南足柄市運動公園 東側駐車場,南足柄市Sports Park East Side Parking Area
4418,上大島キャンプ場（相模川自然の村公園）,上大島Campground（相模 River自然の村Park）
4419,千代田キャンプ野営地,千代田キャンプ野営地
4420,桐生市 桐生が岡公園遊園地,桐生 City 桐生が岡Park遊Recreation Area
4421,佐原河川敷緑地,佐原 River River敷Green Space
4422,佐野SA（下道用無料駐車場あり）,佐野SA（下道用Free Parking Area Available）
4423,霞ヶ浦総合公園,Lake Kasumigaura General Park
4424,保田漁港,保田Fishing Port
4425,若洲海浜公園,若洲Seaside Park
4426,熱海市 さざんか駐車場、サザンカ駐車場,Atami City さざんかParking Area、サザンカParking Area
4427,大森駅 南西エリア,大森駅 南西Area
4428,（21時に入り口が閉鎖）千本浜公園駐車場,（21時に入り口が閉鎖）千本Beach Park Parking Area
4429,海老名SA,海老名SA
4430,タイムズ京浜島つばさ公園,タイムズ京Beach島つばさPark
4431,蒲田駅北側エリア、牧田総合病院周辺,蒲田駅North Side Area、牧田総合病院周辺
4432,蒲田駅南西エリア,蒲田駅南西Area
4433,狛江駅、和泉多摩川駅 周辺,狛江駅、和泉多摩 River駅 周辺
4434,東名 港北PA,東名 Port北PA
4435,中井PA（下り側コインシャワー）,中井PA（下り側コインシャワー）
4436,袋井市 風見の丘️,袋井 City 風見 Hill
4437,千寿の湯、清水渓流公園駐車場,千寿 Hot Bath、Shimizu渓流Park Parking Area
4438,弁天島公園,弁天島Park
4439,浜松市 可美公園,Beach松 City 可美Park
4440,森下公園周辺のコインパーキング,森下Park Nearby Coin Parking
4441,P12 箱根町園地駐車場,P12 Hakone-cho Recreation Area Parking Area
4442,谷稲葉うぐいすPA,谷稲葉うぐいすPA
4443,浜松市 村櫛海水浴場️、村櫛レスト駐車場,Beach松 City 村櫛Swimming Beach、村櫛レストParking Area
4444,長生村 一松海岸️,長生-mura 一松Coast
4445,万座温泉 万座しぜん情報館、空吹展望台駐車場,万座Hot Spring 万座しぜん情報館、空吹Observation Deck Parking Area
4446,寒山寺 駐車場,寒山Temple Parking Area
4447,白丸ダム 駐車場,白丸Dam Parking Area
4448,渋峠駐車場,渋Pass Parking Area
4449,道の駅 草津運動茶屋公園,Roadside Station Kusatsu運動茶屋Park
4450,草津温泉 温泉門無料駐車場,Kusatsu Hot Spring Hot Spring門Free Parking Area
4451,日光 赤沼駐車場,Nikko 赤Marsh Parking Area
4452,鬼怒川温泉️ 滝見公園,鬼怒 River Hot Spring Waterfall見Park
4453,市営塩原温泉️ 無料駐車場（塩原温泉️観光駐車場）,City-run塩原Hot Spring Free Parking Area（塩原Hot Spring Sightseeing Parking Area）
4454,奥日光 三本松園地（三本松茶屋、戦場ヶ原）,奥Nikko 三本松Recreation Area（三本松茶屋、戦場ヶ原）
4455,日光 立木駐車場トイレ,Nikko 立木Parking Area Restroom
4456,歌ヶ浜 第一駐車場,歌ヶBeach No.1Parking Area
4457,馬返 公衆トイレ,馬返 Public Restroom
4458,清滝チェーン脱着場、清滝休憩駐車帯,清Waterfallチェーン脱着場、清Waterfall休憩Parking Zone
4459,日光市 日光運動公園,Nikko City Nikko Sports Park
4460,日光 明智平 公衆トイレ,Nikko 明智平 Public Restroom
4461,日光市 丸山公園（松原公園）,Nikko City 丸山Park（松原Park）
4462,日光 杉並木公園（西側）,Nikko 杉並木Park（West Side）
4463,日光市 龍王峡 駐車場,Nikko City 龍王峡 Parking Area
4464,峠の茶屋、那須岳登山口 駐車場,Passの茶屋、Nasu岳登Yamaguchi Parking Area
4465,（傾斜あり）八幡崎 公衆トイレ、八幡園地,（傾斜Available）八幡崎 Public Restroom、八幡Recreation Area
4466,道の駅 花の三聖苑 伊豆松崎,Roadside Station 花の三聖苑 伊豆松崎
4467,お丸山公園,お丸山Park
4468,日立さくら通り,日立Sakura Street
4469,荒川桜づつみ,荒 River桜づつみ
4470,勝山公園 桜見本園,勝山Park 桜見本園
4471,氏家ゆうゆうパーク桜堤,氏家ゆうゆうPark桜堤
4472,幸手権現堂桜堤,幸手権現堂桜堤
4473,草津温泉 つつじの湯 躑躅の湯,Kusatsu Hot Spring つつじ Hot Bath 躑躅 Hot Bath
4474,RVパークみはらしの湯,RVParkみはらし Hot Bath
4475,Vanlife BASE(バンライフベース),Vanlife BASE(バンライフBase)
4476,護摩屋敷の水,護摩屋敷 Spring Water
4477,葛葉の泉,葛葉の泉
4478,若竹の泉,若竹の泉
4479,久留里の生きた水,久留里の生きた水
4480,小笠原諸島,小笠原諸島
4481,富士山―信仰の対象と芸術の源泉,Mt. Fuji―信仰の対象と芸術の源泉
4482,日光の社寺,Nikkoの社Temple
4483,藤枝PA,藤枝PA
4484,日本平PA,日本平PA
4485,三方原PA,三方原PA
4486,平塚PA（下りのみ）,平塚PA（下りのみ）
4487,滝の入不動尊の御神水,Waterfallの入不動尊の御神水
4488,ラーメンショップ 牛久結束店,Ramenショップ 牛久結束店
4489,沼田の湧水,Numata Natural Spring
4490,不尽の名水,不尽のFamous Spring
4491,ちちぶの水,ちちぶ Spring Water
4492,忍野八海,忍野八海
4493,餃子・タンメン 一番,餃子・タンメン 一番
4494,ほったらかし温泉の地下水,ほったらかしHot Springの地下水
4495,信越：長野・新潟,信越：Nagano・Niigata
4496,信越：長野・新潟,信越：Nagano・Niigata
4497,信越：長野・新潟,信越：Nagano・Niigata
4498,道の駅 花の里いいじま,Roadside Station 花 no Satoいいじま
4499,道の駅 田切の里,Roadside Station 田切 no Sato
4500,飯田市 野底山森林公園️,Iida City 野底山Forest Park
4501,飯田市 風越山麓公園️,Iida City 風越Foot of Mountain Park
4502,飯田市 妙琴公園キャンプ場,Iida City 妙琴Park Campground
4503,飯田市 松川ダム駐車場️,Iida City 松 River Dam Parking Area
4504,喬木村 矢筈公園キャンプ場,喬木-mura 矢筈Park Campground
4505,船見公園,船見Park
4506,関温泉 公衆トイレ,関Hot Spring Public Restroom
4507,赤倉温泉足湯公園,赤倉Hot Spring Foot Bath Park
4508,飯綱東高原家族旅行村,飯綱東Highland Family Vacation Village
4509,飯田市 天龍峡PA（無料PA）,Iida City 天龍峡PA（Free PA）
4510,喬木IC 高架下の公衆トイレ,喬木IC 高架下のPublic Restroom
4511,江口道路ステーション,江口道路Station
4512,やぶの川辺公園,やぶの River辺Park
4513,"<font color=""red""></font>道の駅 風の丘米山",Roadside Station 風 Hill米山
4514,道の駅 みのわテラス（仮称）,Roadside Station みのわTerrace（仮称）
4515,飯田市 天龍峡公園,Iida City 天龍峡Park
4516,RVパークライト 赤砂崎公園 右岸広場 車中泊場,RVParkライト 赤砂崎Park 右岸Plaza Car Overnight場
4517,高浜公園横駐車場,高Beach Park横Parking Area
4518,高遠城址公園,高遠Castle址Park
4519,鹿嶺高原キャンプ場,鹿嶺Highland Campground
4520,道の駅 南信州とよおかマルシェ,Roadside Station 南信州とよおかマルシェ
4521,道の駅 信州平谷,Roadside Station 信州平谷
4522,野底山森林公園 キャンプ場,野底山Forest Park Campground
4523,道の駅 遠山郷,Roadside Station 遠山郷
4524,道の駅 信州新野千石平️,Roadside Station 信州新野千石平
4525,道の駅 南信州うるぎ,Roadside Station 南信州うるぎ
4526,日本一の星空 浪合パーク,日本一の星空 浪合Park
4527,道の駅 和田宿ステーション,Roadside Station 和田宿Station
4528,天龍温泉 おきよめの湯,天龍Hot Spring おきよめ Hot Bath
4529,ふれあいステーション 龍泉閣,Community Station 龍泉閣
4530,道の駅 美ヶ原高原（旧：美ヶ原高原美術館）（冬季閉鎖）,Roadside Station 美ヶ原Highland（旧：美ヶ原Highland Art Museum）（冬季閉鎖）
4531,道の駅 新潟ふるさと村,Roadside Station Niigata Hometown-mura
4532,大衆食堂 正広,大衆Diner 正広
4533,こまどり,こまどり
4534,塩尻市 いこいの森公園（※トイレ閉鎖の可能性あり注意）,塩尻 City いこい Forest Park（※Restroom閉鎖の可能性Available注意）
4535,沢渡市営駐車場,沢渡City-run Parking Area
4536,小嶋屋総本店,小嶋屋総Main Store
4537,快活CLUB新潟桜木インター店,Kaikatsu CLUBNiigata桜木Interchange店
4538,舞平清掃センター附属休憩所,舞平清掃Center附属休憩所
4539,とん汁 たちばな,とん汁 たちばな
4540,道の駅 加治川,Roadside Station 加治 River
4541,十郎太,十郎太
4542,うずら家 駐車場,うずら家 Parking Area
4543,七浦海岸 新潟,七浦Coast Niigata
4544,野沢温泉 見晴台 長野,野沢Hot Spring 見晴台 Nagano
4545,道の駅 風穴の里,Roadside Station 風穴 no Sato
4546,能生海洋公園 荒崎キャンプ場,能生海洋Park 荒崎Campground
4547,野辺山駅 駅前無料駐車場,野辺山駅 Station Front Free Parking Area
4548,野沢温泉共同浴場巡り,野沢Hot Spring Public Bath巡り
4549,岩船港,岩船Port
4550,大河津分水さくら公園,大 River津分水Sakura Park
4551,レストラン ルック,Restaurant ルック
4552,名水百選 龍ヶ窪,Famous Spring百選 龍ヶ窪
4553,丸池公衆トイレ,丸Pond Public Restroom
4554,湯沢除雪ステーション（道路情報ターミナルみちしるべ湯沢）,Yuzawa除雪Station（道路情報TerminalみちしるべYuzawa）
4555,あずさ運動公園,あずさSports Park
4556,燕市吉田総合スポーツセンター,燕市吉田総合Sports Center
4557,伊那公園,伊那Park
4558,春日公園,春日Park
4559,中山霊園（南）,中山霊園（南）
4560,中山霊園（北）,中山霊園（北）
4561,弘法山古墳駐車場,弘法山古墳Parking Area
4562,白馬オリンピック大橋駐車場,Hakubaオリンピック大橋Parking Area
4563,みどり湖 花公園,みどりLake 花Park
4564,西山公園,西山Park
4565,連岳橋 駐車場,連岳橋 Parking Area
4566,鷹狩山 展望台,鷹狩山 Observation Deck
4567,安曇野市 県民豊科運動広場,Azumino City 県民豊科運動Plaza
4568,サンサンパーク白馬,サンサンPark Hakuba
4569,立石公園,立石Park
4570,沢入登山口,沢入登Yamaguchi
4571,しだれ栗森林公園 駐車場,しだれ栗Forest Park Parking Area
4572,石彫公園、花梨の館公衆トイレ,石彫Park、花梨の館Public Restroom
4573,岡谷湖畔公園,岡谷Lakeside Park
4574,赤砂崎公園,赤砂崎Park
4575,美ヶ原自然保護センター,美ヶ原自然保護Center
4576,もみじ湖 もみじのトンネル 駐車場,もみじLake もみじのトンネル Parking Area
4577,日影入公園,日影入Park
4578,ドームなぎさ,ドームなぎさ
4579,十二崎公園,十二崎Park
4580,（傾斜きつい）平和公園,（傾斜きつい）平和Park
4581,じゅんさい池公園,じゅんさいPond Park
4582,弁天潟風致公園,弁天潟風致Park
4583,お幕場森林公園駐車場,お幕場Forest Park Parking Area
4584,清潟公園,清潟Park
4585,戸隠森林植物園無料駐車場,戸隠森林植物園Free Parking Area
4586,飯縄山登山者駐車場,飯縄山登山者Parking Area
4587,戸隠神社中社,戸隠Shrine中社
4588,臥竜公園,臥竜Park
4589,ハーモ美術館・みずべ公園 駐車場,ハーモArt Museum・みずべPark Parking Area
4590,村松浜夜営場,村松Beach夜営場
4591,長岡ニュータウン公園,長岡ニュータウンPark
4592,お幕場 大池公園,お幕場 大Pond Park
4593,無料駐車場,Free Parking Area
4594,島見緑地,島見Green Space
4595,青海シーサイドパーク 西側駐車場（トイレは冬季閉鎖）,青海シーSide Park West Side Parking Area（Restroomは冬季閉鎖）
4596,高ボッチ高原（キャンプは有料）,高ボッチHighland（キャンプはPaid）
4597,八千穂レイク駐車場,八千穂レイクParking Area
4598,五十公野公園,五十公野Park
4599,毛木場駐車場（毛木平駐車場）,毛木場Parking Area（毛木平Parking Area）
4600,赤松山森林公園キャンプ場,赤Matsuyama Forest Park Campground
4601,たにはま公園,たにはまPark
4602,塩沢道路ステーション,塩沢道路Station
4603,御嶽山 6合目 中の湯駐車場,御嶽山 6合目 中 Hot Bath Parking Area
4604,軽井沢無料駐車場,Karuizawa Free Parking Area
4605,内村ダム 管理棟横,内村Dam 管理棟横
4606,安庭P,安庭P
4607,二居パーキング,二居パーKing
4608,軽井沢 湯川ふるさと公園 北側駐車場,Karuizawa 湯 River Hometown Park North Side Parking Area
4609,松本トンネル料金所横パーキング,Matsumotoトンネル料金所横パーKing
4610,無料駐車場とトイレ,Free Parking AreaとRestroom
4611,無料駐車場とトイレ,Free Parking AreaとRestroom
4612,無料駐車場とトイレ,Free Parking AreaとRestroom
4613,新潟県立聖籠緑地,Niigata県立聖籠Green Space
4614,糸魚川無料駐車場,糸魚 River Free Parking Area
4615,渋柿浜駐車帯,渋柿Beach Parking Zone
4616,雨飾高原登山口駐車場,雨飾Highland登Yamaguchi Parking Area
4617,みなとまち海浜公園,PortまちSeaside Park
4618,とんかつ太郎 分店,とんかつ太郎 分店
4619,"（<font color=""#ff0000"">トイレ夜間閉鎖</font>）シーサイドパーク名立",（Restroom Night Closure）シーSide Park名立
4620,すずらん峠駐車場（蓼科山登山口）,すずらんPass Parking Area（Tateshina山登Yamaguchi）
4621,阿智村営無料駐車場,阿智Village-run Free Parking Area
4622,信州むら,信州むら
4623,蓮華温泉無料駐車場（※携帯圏外）,蓮華Hot Spring Free Parking Area（※携帯圏外）
4624,白池公園駐車場,白Pond Park Parking Area
4625,平岩パーキング,平岩パーKing
4626,乗鞍高原温泉「せせらぎの湯」,Norikura Highland Hot Spring「Stream Hot Bath」
4627,伊那駅前の水飲み場,伊那Station Front Spring Water飲み場
4628,木曽駒冷水,木曽駒冷水
4629,蛇石キャンプ場,蛇石Campground
4630,妙高高原（火打山）,Myoko Highland（火打山）
4631,上川PA,上 River PA
4632,越後川口SA,越後 River口SA
4633,小布施PA,小布施PA
4634,ワイドブルーあいかわ,ワイドブルーあいかわ
4635,魚萬食堂,魚萬Diner
4636,（宿泊可能な健康ランド）割烹温泉 上越の湯,（宿泊可能なHealth Land）割烹Hot Spring 上越 Hot Bath
4637,ぶらっと(稲田店),ぶらっと(稲田店)
4638,ホンマ健康ランド,ホンマHealth Land
4639,水晶山温泉 満願成就の湯,水晶山Hot Spring 満願成就 Hot Bath
4640,白樺湖畔駐車場（車中泊禁止の可能性あり）,白樺Lakeside Parking Area（Car Overnight禁止の可能性Available）
4641,とんかつ 丸一 諏訪店,とんかつ 丸一 Suwa店
4642,ライダーハウス 温泉山小屋 ともしび,ライダーハウス Hot Spring山小屋 ともしび
4643,長野県 鹿教湯温泉交流センター,Nagano県 鹿教湯Hot Spring Community Center
4644,うるぎ温泉ささゆり荘（有料の車中泊プランあり）,うるぎHot Springささゆり荘（Paid Car OvernightプランAvailable）
4645,信州不動温泉さぎり荘,信州不動Hot Springさぎり荘
4646,RVパーク八ヶ岳高原「原村」もみの木,RVPark八ヶ岳Highland「原村」もみの木
4647,佐久平プラザ21の駐車場,佐久平Plaza21のParking Area
4648,RVパーク鬼無里の湯 ホテル＆コテージ,RVPark鬼無里 Hot Bath Hotel＆Cottage
4649,かじかの湯キャンプ場,かじか Hot Bath Campground
4650,Ｙｏｕ游ランド,Ｙｏｕ游Land
4651,八ヶ岳山荘駐車場,八ヶ岳山荘Parking Area
4652,豊野温泉 りんごの湯（RVパーク豊野温泉りんごの湯）,豊野Hot Spring りんご Hot Bath（RVPark豊野Hot Springりんご Hot Bath）
4653,ビレッジ安曇野,Village Azumino
4654,清津峡,清津峡
4655,奥山田温泉 満山荘,奥山田Hot Spring 満山荘
4656,白骨温泉 小梨の湯笹屋,白骨Hot Spring 小梨 Hot Bath笹屋
4657,白骨温泉 新宅旅館,白骨Hot Spring 新宅旅館
4658,燕温泉 燕ハイランドロッジ,燕Hot Spring 燕ハイLand Lodge
4659,燕温泉 ホテル岩戸屋,燕Hot Spring Hotel岩戸屋
4660,棧温泉,棧Hot Spring
4661,熊の湯温泉（熊ノ湯ホテル）,熊 Hot Bath Hot Spring（熊ノ湯Hotel）
4662,金城の里,金Castle no Sato
4663,松川霊園,松 River霊園
4664,町営野尻湖第一駐車場,Town-run野尻Lake No.1Parking Area
4665,まつもと里山キャンプ場,まつもと里山Campground
4666,道の駅 いくさかの郷,Roadside Station いくさか no Sato
4667,元祖 山賊,元祖 山賊
4668,志賀高原 清水名水公園（志賀源水）,Shiga Kogen Shimizu Famous Spring Park（志賀源水）
4669,白駒の池入り口有料駐車場,白駒のPond入り口Paid Parking Area
4670,野沢温泉第2駐車場,野沢Hot Spring#2Parking Area
4671,野沢温泉第3駐車場,野沢Hot Spring#3Parking Area
4672,野沢温泉横落駐車場,野沢Hot Spring横落Parking Area
4673,エムウェーブ 駐車場,エムウェーブ Parking Area
4674,ゆきむら夢工房,ゆきむら夢工房
4675,長峰スポーツ公園北側駐車場,長峰Sports Park North Side Parking Area
4676,戸倉千曲川緑地公園 駐車場,戸倉千曲 River Green Space Park Parking Area
4677,大出公園第2駐車場,大出Park#2Parking Area
4678,憩いの広場駐車場,憩いのPlaza Parking Area
4679,長峰スポーツ公園南側駐車場,長峰Sports Park South Side Parking Area
4680,八色の森公園:中央駐車場,八色 Forest Park:Central Parking Area
4681,八色の森公園:北側駐車場,八色 Forest Park:North Side Parking Area
4682,若穂中央公園,若穂Central Park
4683,夫神岳登山口駐車場,夫神岳登Yamaguchi Parking Area
4684,田沢温泉村営無料駐車場,田沢Hot Spring Village-run Free Parking Area
4685,浅間ふれあい公園駐車場,浅間Community Park Parking Area
4686,大原運動公園,大原Sports Park
4687,かたっくり駐車場,かたっくりParking Area
4688,りんごの丘公園,りんご Hill Park
4689,銭淵公園駐車場,銭淵Park Parking Area
4690,土樽自然公園駐車場,土樽Nature Park Parking Area
4691,大湯公園駐車場,大湯Park Parking Area
4692,みみずく広場,みみずくPlaza
4693,奥只見ダム無料駐車場,奥只見Dam Free Parking Area
4694,レストハウスふるさと（冬季トイレ閉鎖）,レストハウスHometown（冬季Restroom閉鎖）
4695,雨飾高原 露天風呂,雨飾Highland Open-air Bath
4696,登川河川公園駐車場,登 River River River Park Parking Area
4697,万年橋駐車場,万年橋Parking Area
4698,菅平ダボス駐車場,菅平ダボスParking Area
4699,さくら広場駐車場,Sakura Plaza Parking Area
4700,赤沼情報ステーション,赤Marsh情報Station
4701,赤沼公園駐車場,赤Marsh Park Parking Area
4702,六日町大橋下魚野川河川敷駐車場,六日町大橋下魚野 River River River敷Parking Area
4703,穴沢河川公園駐車場,穴沢 River River Park Parking Area
4704,中央道 飯田山本インターチェンジ近くの公園（名前無し）,Central道 Iida山本Interchangeチェンジ近くのPark（名前無し）
4705,名物 万代そば,名物 万代Soba
4706,保命水,保命水
4707,弁天清水,弁天Shimizu
4708,きらりうむ佐渡（相川浜公園）,きらりうむSado（相 River Beach Park）
4709,佐和田海水浴場,佐和田Swimming Beach
4710,道の駅 芸能とトキの里,Roadside Station 芸能とトキ no Sato
4711,長野運動公園総合運動場,Nagano Sports Park総合運動場
4712,杖突峠 峠の茶屋,杖突Pass Passの茶屋
4713,志賀高原平穏 公衆トイレと砂利の駐車場,Shiga Kogen平穏 Public Restroomと砂利のParking Area
4714,ミネラル工房,ミネラル工房
4715,真野漁港多目的広場、真野漁港キャンプ場（無料キャンプ場）,真野Fishing Port Multi-purpose Plaza、真野Fishing Port Campground（Free Campground）
4716,極楽湯 女池店,Gokurakuyu 女Pond店
4717,乗鞍BASE,Norikura BASE
4718,百合居温泉,百合居Hot Spring
4719,"<font color=""#ff0000""></font>三本滝登山口",三本Waterfall登Yamaguchi
4720,北大塩大清水,北大塩大Shimizu
4721,長興寺参道の湧水,長興Temple参道のNatural Spring
4722,五色温泉 五色の湯旅館,Goshiki Hot Spring Goshiki Hot Bath旅館
4723,森の駐車場,森のParking Area
4724,ぶらっと若里（銭湯は閉館）,ぶらっと若里（Public Bathは閉館）
4725,レストラン ナカタ,Restaurant ナカタ
4726,万葉超音波温泉,Manyo超音波Hot Spring
4727,星野温泉 トンボの湯,星野Hot Spring トンボ Hot Bath
4728,銀山平温泉白銀の湯,銀山平Hot Spring白銀 Hot Bath
4729,ゆ～パーク 薬師,ゆ～Park 薬師
4730,見晴らしの湯こまみ,見晴らし Hot Bathこまみ
4731,湯らりあ 六日町温泉公衆浴場,湯らりあ 六日町Hot Spring公衆Bathhouse
4732,戸倉観世温泉,戸倉観世Hot Spring
4733,松代PA,松代PA
4734,道の駅 野沢温泉,Roadside Station 野沢Hot Spring
4735,桜清水オートキャンプ場,桜Shimizu Auto Campground
4736,道の駅 たがみ,Roadside Station たがみ
4737,[標高1360ｍ] 十石峠展望台駐車場,[標高1360ｍ] 十石Pass Observation Deck Parking Area
4738,フレンド 喜多町店,フレンド 喜多町店
4739,みかづき 万代店,みかづき 万代店
4740,とんかつ太郎,とんかつ太郎
4741,花桃の里臨時駐車場,花桃 no Sato臨時Parking Area
4742,乗鞍高原 第3駐車場 (やまぼうし駐車場),Norikura Highland #3Parking Area (やまぼうしParking Area)
4743,乗鞍高原 第2駐車場 (金山駐車場),Norikura Highland #2Parking Area (金山Parking Area)
4744,観光案内所前駐車場,Sightseeing案内所前Parking Area
4745,小布施総合公園 駐車場,小布施General Park Parking Area
4746,松原湖湖畔近くの広い町営駐車場,松原Lake Lakeside近くの広いTown-run Parking Area
4747,小布施マレットゴルフ場の駐車場,小布施マレットゴルフ場のParking Area
4748,かじかの里公園（キャンプ場）,かじか no Sato Park（Campground）
4749,道の駅 ふるさと豊田,Roadside Station Hometown豊田
4750,道の駅 FARMUS 木島平,Roadside Station FARMUS 木島平
4751,チャオルの森駐車場,チャオル Forest Parking Area
4752,STAYPORT Nagano,STAYPORT Nagano
4753,上山田温泉 湯元 かめ乃湯,上山田Hot Spring 湯元 かめ乃湯
4754,筒石駅,筒石駅
4755,調整池 駐車場 (西),調整Pond Parking Area (西)
4756,黒埼PA,黒埼PA
4757,道の駅 雪のふるさと やすづか,Roadside Station 雪のHometown やすづか
4758,南長野運動公園第四駐車場,南Nagano Sports Park第四Parking Area
4759,北信濃ふるさとの森文化公園 オートキャンプ場,北信濃Hometown Forest文化Park Auto Campground
4760,諸上寺公園 展望台,諸上Temple Park Observation Deck
4761,道の駅 阿賀の里,Roadside Station 阿賀 no Sato
4762,沓打名水公園,沓打Famous Spring Park
4763,若里公園駐車場,若里Park Parking Area
4764,北信濃ふるさとの森文化公園,北信濃Hometown Forest文化Park
4765,南長野運動公園第三駐車場,南Nagano Sports Park第三Parking Area
4766,一茶ゆかりの里駐車場,一茶ゆかり no Sato Parking Area
4767,道の駅 やまのうち,Roadside Station やまのうち
4768,道の駅 越後出雲崎 天領の里,Roadside Station 越後Izumo崎 天領 no Sato
4769,道の駅 あがの,Roadside Station あがの
4770,ダック・菅池 公衆トイレ,ダック・菅Pond Public Restroom
4771,姨捨SA,姨捨SA
4772,あぐりの湯こもろ,あぐり Hot Bathこもろ
4773,中尾駐車場,中尾Parking Area
4774,七味温泉 山王荘,七味Hot Spring 山王荘
4775,松本市 美ヶ原温泉駐車場 白糸の湯駐車場,Matsumoto City 美ヶ原Hot Spring Parking Area 白糸 Hot Bath Parking Area
4776,小木みなと公園,小木Port Park
4777,花蒔公園駐車場,花蒔Park Parking Area
4778,"（<font color=""red"">トイレ無し</font>）湯川ふるさと公園第四駐車場",（No Restroom）湯 River Hometown Park第四Parking Area
4779,南長野運動公園,南Nagano Sports Park
4780,小布施総合公園東側駐車場,小布施General Park East Side Parking Area
4781,道の駅 いりひろせ,Roadside Station いりひろせ
4782,道の駅 信越さかえ,Roadside Station 信越さかえ
4783,平沢海水浴場,平沢Swimming Beach
4784,松ヶ崎ヒストリーパーク,松ヶ崎ヒストリーPark
4785,つくばいの水,つくばい Spring Water
4786,豊栄SA,豊栄SA
4787,道の駅 さかきた,Roadside Station さかきた
4788,噴水広場駐車場,噴水Plaza Parking Area
4789,売木の湧水,売木のNatural Spring
4790,CamPark（キャンパーク）STAYPORT 車中泊場,Cam Park（キャンPark）STAYPORT Car Overnight場
4791,道の駅 オアシスおぶせ,Roadside Station オアシスおぶせ
4792,道の駅 歌舞伎の里大鹿,Roadside Station 歌舞伎 no Sato大鹿
4793,山の湯,山 Hot Bath
4794,土樽共同浴場 岩の湯,土樽Public Bath 岩 Hot Bath
4795,駒子の湯,駒子 Hot Bath
4796,乗鞍高原温泉 湯けむり館,Norikura Highland Hot Spring 湯けむり館
4797,武石観光センター,武石Sightseeing Center
4798,白鳥園 湯のさとちくま,白鳥園 湯のさとちくま
4799,（トイレ無し？）なぎさショッピングモール,（No Restroom？）なぎさショッピングモール
4800,ピラタス蓼科ロープウェイ駐車場,ピラタスTateshinaロープウェイParking Area
4801,高遠・弁財天河原駐車場,高遠・弁財天 River原Parking Area
4802,道の駅 南アルプスむら長谷,Roadside Station 南アルプスむら長谷
4803,道の駅 花の駅千曲川,Roadside Station 花の駅千曲 River
4804,美鈴温泉オートキャンプ場,美鈴Hot Spring Auto Campground
4805,篠ノ井中央公園駐車場,篠ノ井Central Park Parking Area
4806,（車中泊ご遠慮くださいの看板）旅の駅 鬼無里,（Car Overnightご遠慮くださいの看板）旅の駅 鬼無里
4807,道の駅 R290とちお,Roadside Station R290とちお
4808,道の駅 しなの,Roadside Station しなの
4809,道の駅 あらい,Roadside Station あらい
4810,"<b><font color=""red"">（トイレ無し）</font></b>メセナホール南側駐車場",（No Restroom）メセナホールSouth Side Parking Area
4811,黒耀の水,黒耀 Spring Water
4812,安曇野の里（安曇野わさび田湧水群）,Azumino no Sato（Azuminoわさび田Natural Spring群）
4813,日の出の泉「薬祖水」（まつもと城下町湧水群）,Sunriseの泉「薬祖水」（まつもとCastle下町Natural Spring群）
4814,深志の湧水（まつもと城下町湧水群）,深志のNatural Spring（まつもとCastle下町Natural Spring群）
4815,源智の井戸（まつもと城下町湧水群）,源智の井戸（まつもとCastle下町Natural Spring群）
4816,伊織霊水（まつもと城下町湧水群）,伊織霊水（まつもとCastle下町Natural Spring群）
4817,小布施総合公園 臨時駐車場,小布施General Park 臨時Parking Area
4818,調整池 駐車場 (東),調整Pond Parking Area (東)
4819,高木運動公園 諏訪湖公園駐車場,高木Sports Park Suwa Lake Park Parking Area
4820,乗鞍高原観光センター,Norikura Highland Sightseeing Center
4821,大王わさび農場（安曇野わさび田湧水群）,大王わさび農場（Azuminoわさび田Natural Spring群）
4822,四ツ郷屋海水浴場,四ツ郷屋Swimming Beach
4823,ラーメンたいち,Ramenたいち
4824,いち井,いち井
4825,加治川治水記念公園,加治 River治水記念Park
4826,大曲河川公園,大曲 River River Park
4827,松本市田溝池農村公園,Matsumoto City田溝Pond Rural Park
4828,手打ちそば おんたけ,手打ちSoba おんたけ
4829,イオンモール松本,イオンモールMatsumoto
4830,道の駅 花夢里にいつ,Roadside Station 花夢里にいつ
4831,道の駅 みかわ（新潟）,Roadside Station Mikawa（Niigata）
4832,道の駅 長野市大岡特産センター,Roadside Station Nagano City大岡特産Center
4833,道の駅 信州新町,Roadside Station 信州新-cho
4834,ドン・キホーテ 新潟駅南店,ドン・キホーテ Niigata駅南店
4835,土樽PA,土樽PA
4836,四川料理 日出人,四 River料理 日出人
4837,道の駅 良寛里 わしま,Roadside Station 良寛里 わしま
4838,戸倉キティーパーク,戸倉キティーPark
4839,高ボッチ高原,高ボッチHighland
4840,キッチンくらんぼ,キッチンくらんぼ
4841,せきとり 本店,せきとり Main Store
4842,廻転寿司弁慶 新潟ピア万代店,廻転寿司弁慶 Niigataピア万代店
4843,湯の花銭湯瑞祥 上山田本館,湯の花Public Bath瑞祥 上山田本館
4844,乗鞍岳,Norikura岳
4845,大積PA,大積PA
4846,麺屋 あごすけ,麺屋 あごすけ
4847,ナカザワ セルフ,ナカザワ セルフ
4848,五泉PA,五泉PA
4849,片倉館,片倉館
4850,道の駅 小谷,Roadside Station 小谷
4851,（がっつり傾斜）燕温泉駐車場トイレ,（がっつり傾斜）燕Hot Spring Parking Area Restroom
4852,道の駅 朝日 みどりの里,Roadside Station 朝日 みどり no Sato
4853,道の駅 ＳＯＲＡＩＲＯ国上,Roadside Station ＳＯＲＡＩＲＯ国上
4854,道の駅 関川桂の関,Roadside Station 関 River桂の関
4855,硯川公衆トイレ、前山駐車場,硯 River Public Restroom、前山Parking Area
4856,道の駅 ちぢみの里おぢや,Roadside Station ちぢみ no Satoおぢや
4857,道の駅 よしかわ杜氏の郷,Roadside Station よしかわ杜氏 no Sato
4858,道の駅 胎内,Roadside Station 胎内
4859,道の駅 じょんのびの里 高柳,Roadside Station じょんのび no Sato 高柳
4860,道の駅 みつまた,Roadside Station みつまた
4861,木戸池駐車場,木戸Pond Parking Area
4862,山田牧場スキー場駐車場,山田Ranchスキー場Parking Area
4863,湯の丸スキー場 駐車場,湯の丸スキー場 Parking Area
4864,道の駅 クロステン十日町,Roadside Station クロステン十日-cho
4865,湯けむり屋敷 薬師の湯（車中泊有料）,湯けむり屋敷 薬師 Hot Bath（Car Overnight Paid）
4866,高峰高原ビジターセンター,高峰HighlandビジターCenter
4867,扇沢 市営無料駐車場,扇沢 City-run Free Parking Area
4868,波田扇子田運動公園,波田扇子田Sports Park
4869,月岡公園,月岡Park
4870,笹ヶ峰高原,笹ヶ峰Highland
4871,高遠城址公園（長野）,高遠Castle址Park（Nagano）
4872,小諸城址 懐古園（長野）,小諸Castle址 懐古園（Nagano）
4873,須坂市臥竜公園（長野）,須坂市臥竜Park（Nagano）
4874,大河津分水（新潟）,大 River津分水（Niigata）
4875,村松公園（新潟）,村松Park（Niigata）
4876,高田公園（新潟）,高田Park（Niigata）
4877,とんかつ櫻守,とんかつ櫻守
4878,快活CLUB 松本南店,Kaikatsu CLUB Matsumoto南店
4879,山田温泉 風景館,山田Hot Spring 風景館
4880,上田 道と川の駅 おとぎの里（道の駅）,Ueda 道と Riverの駅 おとぎ no Sato（Roadside Station）
4881,新井PA,新井PA
4882,造り酒屋の前の湧き水,造り酒屋の前の湧き水
4883,乗鞍高原,Norikura Highland
4884,千畳敷カール〜中央アルプス駒ケ岳ロープウェイ,千畳敷カール〜Centralアルプス駒ケ岳ロープウェイ
4885,白樺高原（蓼科山）,白樺Highland（Tateshina山）
4886,秋山郷,秋山郷
4887,アルプス公園東側駐車場,アルプスPark East Side Parking Area
4888,清津峡無料駐車場,清津峡Free Parking Area
4889,上高地,Kamikochi
4890,うずら家（戸隠そば）,うずら家（戸隠Soba）
4891,赤石荘,赤石荘
4892,うなぎのまつか,うなぎのまつか
4893,長岡市営陸上競技場,長岡City-run陸上競技場
4894,南城公園芝生広場,南Castle Park芝生Plaza
4895,軽井沢（白糸の滝）,Karuizawa（白糸のWaterfall）
4896,軽井沢（雲場池）,Karuizawa（雲場Pond）
4897,明治亭 駒ヶ根本店,明治亭 駒ヶ根Main Store
4898,新潟PA,Niigata PA
4899,すわっこランド,すわっこLand
4900,猿庫の泉,猿庫の泉
4901,道の駅 みかわ（名水）,Roadside Station Mikawa（Famous Spring）
4902,無料駐車場とトイレ,Free Parking AreaとRestroom
4903,道の駅 西山ふるさと公苑,Roadside Station 西山Hometown公苑
4904,道の駅 笹川流れ,Roadside Station 笹 River流れ
4905,塩沢石打SA,塩沢石打SA
4906,阿賀野川SA（下り側に下道用駐車場24時間OK）,阿賀野 River SA（下り側に下道用Parking Area24時間OK）
4907,志賀高原,Shiga Kogen
4908,白骨温泉,白骨Hot Spring
4909,小谷温泉 山田屋,小谷Hot Spring 山田屋
4910,加賀井温泉一陽館,加賀井Hot Spring一陽館
4911,赤倉温泉 板倉旅館,赤倉Hot Spring 板倉旅館
4912,地獄谷温泉 後楽館,地獄谷Hot Spring 後楽館
4913,"<font color=""red""></font>渋温泉 共同浴場９つ",渋Hot Spring Public Bath９つ
4914,松川渓谷温泉 滝の湯,松 River Valley / Gorge Hot Spring Waterfall Hot Bath
4915,屋敷温泉 秀清館,屋敷Hot Spring 秀清館
4916,中房温泉,中房Hot Spring
4917,田沢温泉 有乳湯,田沢Hot Spring 有乳湯
4918,別所温泉 大湯,別所Hot Spring 大湯
4919,上諏訪 大和温泉,上Suwa 大和Hot Spring
4920,奥蓼科温泉 渋辰野館,奥Tateshina Hot Spring 渋辰野館
4921,奥湯沢 貝掛温泉,奥Yuzawa 貝掛Hot Spring
4922,奥蓼科温泉 渋御殿湯,奥Tateshina Hot Spring 渋御殿湯
4923,白骨温泉 泡の湯旅館,白骨Hot Spring 泡 Hot Bath旅館
4924,蓮華温泉 蓮華温泉ロッジ,蓮華Hot Spring 蓮華Hot Spring Lodge
4925,道の駅 まつだいふるさと会館,Roadside Station まつだいHometown会館
4926,観音霊水,観音霊水
4927,杭州飯店,杭州飯店
4928,主水公園駐車場,主水Park Parking Area
4929,ギルドハウス十日町,ギルドハウス十日-cho
4930,うしお,うしお
4931,燕温泉 黄金の湯,燕Hot Spring 黄金 Hot Bath
4932,中央道 原PA,Central道 原PA
4933,大塩温泉 コミュニティセンター西内,大塩Hot Spring コミュニティCenter西内
4934,"（<font color=""red"">閉鎖</font>）上越市三ノ輪台 いこいの広場 駐車場",（閉鎖）上越市三ノ輪台 いこいのPlaza Parking Area
4935,海水浴場駐車場,Swimming Beach Parking Area
4936,更科ふれあい公園,更科Community Park
4937,二代目竹渕,二代目竹渕
4938,梓川SA,梓 River SA
4939,栄PA,栄PA
4940,大和PA,大和PA
4941,草笛本店,草笛Main Store
4942,湯沢中央公園P,Yuzawa Central Park P
4943,無料駐車場とトイレ,Free Parking AreaとRestroom
4944,無料駐車場とトイレ,Free Parking AreaとRestroom
4945,やなのうなぎ 観光荘 松本店,やなのうなぎ Sightseeing荘 Matsumoto店
4946,道の駅 あおき、秋の松茸定食,Roadside Station あおき、秋の松茸定食
4947,川中島温泉テルメDOME,River中島Hot SpringテルメDOME
4948,地蔵温泉十福の湯,地蔵Hot Spring十福 Hot Bath
4949,平尾温泉 みはらしの湯,平尾Hot Spring みはらし Hot Bath
4950,湯の華銭湯瑞祥 松本館,湯の華Public Bath瑞祥 Matsumoto館
4951,白馬塩の道温泉 倉下の湯,Hakuba塩の道Hot Spring 倉下 Hot Bath
4952,レッドウッドイン,レッドウッドイン
4953,まだらおの湯,まだらお Hot Bath
4954,おぶせ温泉 穴観音の湯,おぶせHot Spring 穴観音 Hot Bath
4955,八峰の湯,八峰 Hot Bath
4956,高峰温泉,高峰Hot Spring
4957,白骨温泉公共野天風呂,白骨Hot Spring公共野天風呂
4958,七味温泉紅葉館別館 野天風呂,七味Hot Spring紅葉館別館 野天風呂
4959,びんぐし湯さん館,びんぐし湯さん館
4960,ふれあいセンター もみの湯,Community Center もみ Hot Bath
4961,湯楽里館,Yura里館
4962,広徳の湯,広徳 Hot Bath
4963,うるぎ温泉 こまどりの湯,うるぎHot Spring こまどり Hot Bath
4964,国民宿舎松代荘,国民宿舎松代荘
4965,みはらしの湯,みはらし Hot Bath
4966,金沢温泉 金鶏の湯,金沢Hot Spring 金鶏 Hot Bath
4967,むれ温泉 天狗の館,むれHot Spring 天狗の館
4968,安曇野 しゃくなげの湯,Azumino しゃくなげ Hot Bath
4969,坂巻温泉旅館,坂巻Hot Spring Inn
4970,大室温泉まきばの湯,大室Hot Springまきば Hot Bath
4971,金井温泉 金北の里,金井Hot Spring 金北 no Sato
4972,和田宿温泉ふれあいの湯,和田宿Hot Spring Community Hot Bath
4973,木曽駒天神温泉 国民宿舎清雲荘,木曽駒天神Hot Spring 国民宿舎清雲荘
4974,かのせ温泉赤湯,かのせHot Spring赤湯
4975,越後の里親鸞聖人 西方の湯,越後 no Sato親鸞聖人 西方 Hot Bath
4976,桜の湯,桜 Hot Bath
4977,田川浦温泉旅館,田 River浦Hot Spring Inn
4978,ふれあい交流センター「大芝の湯」,Community Community Center「大芝 Hot Bath」
4979,天然温泉 釜ぶたの湯,Natural Hot Spring 釜ぶた Hot Bath
4980,ラーラ松本,ラーラMatsumoto
4981,公衆浴場 鹿島の湯 蓮華の湯,公衆Bathhouse 鹿島 Hot Bath 蓮華 Hot Bath
4982,長岡市高齢者センターとちお 越後とちお温泉おいらこの湯,長岡市高齢者Centerとちお 越後とちおHot Springおいらこ Hot Bath
4983,白糸の湯,白糸 Hot Bath
4984,新津温泉,新津Hot Spring
4985,勝木 ゆり花温泉,勝木 ゆり花Hot Spring
4986,鹿教湯温泉 文殊の湯,鹿教湯Hot Spring 文殊 Hot Bath
4987,塩の湯温泉 サンセット中条,塩 Hot Bath Hot Spring サンセット中条
4988,湖畔の湯,Lakeside Hot Bath
4989,戸倉国民温泉,戸倉国民Hot Spring
4990,上諏訪温泉 諏訪市総合福祉センター 湯小路 いきいき元気館,上Suwa Hot Spring Suwa City総合福祉Center 湯小路 いきいき元気館
4991,下諏訪温泉 旦過の湯,下Suwa Hot Spring 旦過 Hot Bath
4992,下諏訪温泉 新湯,下Suwa Hot Spring 新湯
4993,くつろぎの湯,くつろぎ Hot Bath
4994,沓掛温泉小倉乃湯,沓掛Hot Spring小倉乃湯
4995,親不知交流センター まるたん坊,親不知Community Center まるたん坊
4996,ふれあいセンター東部,Community Center東部
4997,越後栃尾本舗,越後栃尾本舗
4998,大塩温泉 共同浴場,大塩Hot Spring Public Bath
4999,出湯温泉共同浴場,出湯Hot Spring Public Bath
5000,出湯温泉 華報寺 共同浴場,出湯Hot Spring 華報Temple Public Bath
5001,RVパーク:斑尾高原キャンピングパーク,RVPark:斑尾HighlandキャンピングPark
5002,更埴情報ステーション,更埴情報Station
5003,東和田情報ステーション,東和田情報Station
5004,町営新軽井沢駐車場,Town-run新Karuizawa Parking Area
5005,清津川フィッシングパーク,清津 RiverフィッシングPark
5006,上田市民の森公園 駐車場,Ueda City民 Forest Park Parking Area
5007,道の駅 大芝高原,Roadside Station 大芝Highland
5008,道の駅 大桑,Roadside Station 大桑
5009,道の駅 日義木曽駒高原,Roadside Station 日義木曽駒Highland
5010,道の駅 女神の里たてしな,Roadside Station 女神 no Satoたてしな
5011,道の駅 ほっとぱ～く・浅科,Roadside Station ほっとぱ～く・浅科
5012,道の駅 ヘルシーテラス佐久南,Roadside Station ヘルシーTerrace佐久南
5013,道の駅 雷電くるみの里️,Roadside Station 雷電くるみ no Sato
5014,佐久平PA、平尾温泉 みはらしの湯️,佐久平PA、平尾Hot Spring みはらし Hot Bath
5015,道の駅 ビーナスライン蓼科湖,Roadside Station ビーナスラインTateshina Lake
5016,佐久市 布施温泉公園️,佐久 City 布施Hot Spring Park
5017,ミズベリング三条（無料キャンプ場）,ミズベリング三条（Free Campground）
5018,道の駅 燕三条地場産センター,Roadside Station 燕三条地場産Center
5019,道の駅 ゆのたに,Roadside Station ゆのたに
5020,道の駅 ながおか花火館,Roadside Station ながおか花火館
5021,道の駅 南魚沼,Roadside Station 南魚Marsh
5022,道の駅 パティオにいがた,Roadside Station パティオにいがた
5023,道の駅 豊栄,Roadside Station 豊栄
5024,道の駅 越後川口,Roadside Station 越後 River口
5025,道の駅 能生,Roadside Station 能生
5026,道の駅 瀬替えの郷せんだ,Roadside Station 瀬替え no Satoせんだ
5027,道の駅 うみてらす名立（新潟）,Roadside Station うみてらす名立（Niigata）
5028,ミオンなかさと/都市公園ミオンの森,ミオンなかさと/都市Parkミオン Forest
5029,道の駅 ほりがねの里,Roadside Station ほりがね no Sato
5030,道の駅 池田 (池田町ハーブセンター）,Roadside Station Pond田 (Pond田町ハーブCenter）
5031,道の駅 白馬,Roadside Station Hakuba
5032,道の駅 三岳,Roadside Station 三岳
5033,道の駅 今井恵みの里,Roadside Station 今井恵み no Sato
5034,道の駅 安曇野松川,Roadside Station Azumino松 River
5035,駒ケ岳SA（駒ヶ岳SA）,駒ケ岳SA（駒ヶ岳SA）
5036,道の駅 あおき,Roadside Station あおき
5037,高峰マウンテンパーク,高峰マウンテンPark
5038,道の駅 風穴の里,Roadside Station 風穴 no Sato
5039,道の駅 マルメロの駅ながと,Roadside Station マルメロの駅ながと
5040,道の駅 みまき,Roadside Station みまき
5041,道の駅 八千穂高原,Roadside Station 八千穂Highland
5042,道の駅 木曽ならかわ,Roadside Station 木曽ならかわ
5043,道の駅 小坂田公園,Roadside Station 小坂田Park
5044,道の駅 奈良井木曽の大橋,Roadside Station Nara井木曽の大橋
5045,道の駅 木曽福島,Roadside Station 木曽Fukushima
5046,道の駅 木曽川源流の里きそむら,Roadside Station 木曽 River源流 no Satoきそむら
5047,道の駅 信州蔦木宿,Roadside Station 信州蔦木宿
5048,陣馬形山キャンプ場,陣馬形山Campground
5049,道の駅 あいぽーと佐渡,Roadside Station あいぽーとSado
5050,三才山トンネル料金所,三才山トンネル料金所
5051,ぶらっと若里,ぶらっと若里
5052,道の駅 庭園の郷 保内,Roadside Station 庭園 no Sato 保内
5053,荒川PA,荒 River PA
5054,雲母温泉 上関共同浴場,雲母Hot Spring 上関Public Bath
5055,RVパーク 小布施屋,RVPark 小布施屋
5056,RVパークこころ屋,RVParkこころ屋
5057,懐古園駐車場,懐古園Parking Area
5058,道の駅 そばの城,Roadside Station Soba Castle
5059,ひすいの湯,ひすい Hot Bath
5060,ゆの駅 ゆんぐアネックス（宿泊可能な健康ランド）,ゆの駅 ゆんぐアネックス（宿泊可能なHealth Land）
5061,リゾートホテル蓼科,Resort Hotel Tateshina
5062,八方の湯,八方 Hot Bath
5063,ゆーとろん 水神の湯,ゆーとろん 水神 Hot Bath
5064,高峰高原 登山口（ここは高峰高原ホテルの従業員用駐車場との報告あり）,高峰Highland 登Yamaguchi（ここは高峰Highland Hotelの従業員用Parking Areaとの報告Available）
5065,刈羽PA,刈羽PA
5066,黒姫野尻湖PA,黒姫野尻Lake PA
5067,座光寺PA,座光Temple PA
5068,山谷PA,山谷PA
5069,小黒川PA,小黒 River PA
5070,千曲川さかきPA,千曲 RiverさかきPA
5071,大潟PA,大潟PA
5072,筑北PA,筑北PA
5073,東部湯の丸SA,東部湯の丸SA
5074,道の駅 おがわ,Roadside Station おがわ
5075,道の駅 漢学の里しただ,Roadside Station 漢学 no Satoしただ
5076,道の駅 信濃路下條,Roadside Station 信濃路下條
5077,道の駅 神林,Roadside Station 神林
5078,道の駅 中条,Roadside Station 中条
5079,米山SA,米山SA
5080,堀之内PA,堀之内PA
5081,妙高SA,Myoko SA
5082,名立谷浜SA,名立谷Beach SA
5083,蓮台寺PA,蓮台Temple PA
5084,麦草峠駐車場,麦草Pass Parking Area
5085,高嶺展望台,高嶺Observation Deck
5086,阿智村 やまなみ広場,阿智-mura やまなみPlaza
5087,火打山登山口、笹ヶ峰駐車場、笹ヶ峰キャンプ場️,火打山登Yamaguchi、笹ヶ峰Parking Area、笹ヶ峰Campground
5088,枝折峠,枝折Pass
5089,星峠の棚田 きゃっしいトイレ,星Passの棚田 きゃっしいRestroom
5090,御嶽山・田の原駐車場、御嶽山田ノ原登山口駐車場,御嶽山・田の原Parking Area、御嶽山田ノ原登Yamaguchi Parking Area
5091,天蓋山 無料駐車場,天蓋山 Free Parking Area
5092,天蓋山周辺,天蓋山周辺
5093,夕立神パノラマ公園 駐車場,夕立神パノラマPark Parking Area
5094,北八ヶ岳・大河原峠,北八ヶ岳・大 River原Pass
5095,八ヶ岳ふれあい公園（野辺山高原）,八ヶ岳Community Park（野辺山Highland）
5096,ネズモチ平 登山口駐車場,ネズモチ平 登Yamaguchi Parking Area
5097,しらびそ高原 クレーター跡地、通称「土砂捨て場」,しらびそHighland クレーター跡地、通称「土砂捨て場」
5098,しらびそ高原 ホテル天の川の駐車場,しらびそHighland Hotel天の River Parking Area
5099,紫雲寺記念公園,紫雲Temple記念Park
5100,道の駅 ぽかぽかランド美麻,Roadside Station ぽかぽかLand美麻
5101,霧ヶ峰ビーナスライン無料駐車場、霧の駅,霧ヶ峰ビーナスラインFree Parking Area、霧の駅
5102,みのわ天竜公園,みのわ天竜Park
5103,いずみ湖公園駐車場,いずみLake Park Parking Area
5104,大桑村スポーツ公園,大桑村Sports Park
5105,もみじ湖イベント広場,もみじLakeイベントPlaza
5106,樽尾沢キャンプ場,樽尾沢Campground
5107,庄内公園,Shonai Park
5108,山ノ神自然園,山ノ神自然園
5109,諏訪市 蓼の海公園,Suwa City 蓼の海Park
5110,金沢公園,金沢Park
5111,富士見パノラマリゾート,Fuji見パノラマResort
5112,女神湖近くの無料駐車場とトイレ,女神Lake近くのFree Parking AreaとRestroom
5113,城山公園,Castle山Park
5114,八島ビジターセンター駐車場,八島ビジターCenter Parking Area
5115,長池憩いの森公園駐車場,長Pond憩い Forest Park Parking Area
5116,新潟市 西海岸公園,Niigata City 西Coast Park
5117,道の駅 親不知ピアパーク,Roadside Station 親不知ピアPark
5118,道の駅 越後 市振の関,Roadside Station 越後 市振の関
5119,銀山平森林公園駐車場（冬季閉鎖）,銀山平Forest Park Parking Area（冬季閉鎖）
5120,美山公園 フォッサマグナミュージアム,美山Park フォッサマグナミュージアム
5121,芳川公園,芳 River Park
5122,八方 第3駐車場,八方 #3Parking Area
5123,八方 第2駐車場（八方の湯駐車場）,八方 #2Parking Area（八方 Hot Bath Parking Area）
5124,みどり湖PA,みどりLake PA
5125,大町市運動公園,大町市Sports Park
5126,豊科南部総合公園,豊科南部General Park
5127,木曽駒冷水公園 無料オートキャンプ場️、木曽駒ヶ岳 コガラ登山口駐車場,木曽駒冷水Park Free Auto Campground、木曽駒ヶ岳 コガラ登Yamaguchi Parking Area
5128,茅野市運動公園（第二駐車場）,茅野市Sports Park（第二Parking Area）
5129,諏訪湖SA,Suwa Lake SA
5130,諏訪中央公園 駐車場,Suwa Central Park Parking Area
5131,すわっこランド駐車場,すわっこLand Parking Area
5132,オートレスト木曽路,オートレスト木曽路
5133,木曽文化公園,木曽文化Park
5134,青木村総合運動公園 北側駐車場,青木村総合Sports Park North Side Parking Area
5135,追分宿 町営無料駐車場、追分公園,追分宿 Town-run Free Parking Area、追分Park
5136,軽井沢 湯川ふるさと公園 南側駐車場,Karuizawa 湯 River Hometown Park South Side Parking Area
5137,アルプス公園南側駐車場,アルプスPark South Side Parking Area
5138,ふれあいダム公園（※トイレは冬季閉鎖）,Community Dam Park（※Restroomは冬季閉鎖）
5139,美鈴湖 西側駐車場,美鈴Lake West Side Parking Area
5140,美鈴湖 東側公衆トイレ,美鈴Lake East Side Public Restroom
5141,内村ダム河川公園,内村Dam River River Park
5142,東御中央公園,東御Central Park
5143,白骨温泉️公共駐車場,白骨Hot Spring Public Parking
5144,山田牧場公衆トイレ,山田Ranch Public Restroom
5145,笠岳登山口 駐車場、笠岳峠の茶屋,笠岳登Yamaguchi Parking Area、笠岳Passの茶屋
5146,平瀬緑地,平瀬Green Space
5147,くるま泊P新潟たがみ,くるま泊PNiigataたがみ
5148,松本城,Matsumoto Castle
5149,善光寺,善光Temple
5150,乗鞍高原 一の瀬 駐車場,Norikura Highland 一の瀬 Parking Area
5151,三才山トンネル,三才山トンネル
5152,松本トンネル,Matsumotoトンネル
5153,千曲市総合観光会館 駐車場,千曲市総合Sightseeing会館 Parking Area
5154,阿智PA,阿智PA
5155,辰野PA,辰野PA
5156,青島食堂,青島Diner
5157,木曽駒森林公園、木曽駒オートキャンプ場,木曽駒Forest Park、木曽駒Auto Campground
5158,ふれあいさなだ館 真田温泉健康ランド,Communityさなだ館 真田Hot Spring Health Land
5159,東北,東北
5160,東北,東北
5161,関東・山梨・静岡,関東・山梨・Shizuoka
5162,関東・山梨・静岡,関東・山梨・Shizuoka
5163,近畿・東海・北陸,近畿・東海・北陸
5164,近畿・東海・北陸,近畿・東海・北陸
5165,近畿・東海・北陸,近畿・東海・北陸
5166,久宝寺緑地 P3(北地区駐車場),久宝Temple Green Space P3(北地区Parking Area)
5167,久宝寺緑地 第1駐車場,久宝Temple Green Space #1Parking Area
5168,とやま健康パーク,とやまHealth Park
5169,恵那市 小里川ダム、おりがわ湖️,恵那 City 小里 River Dam、おりがわLake
5170,道の駅 おばあちゃん市・山岡,Roadside Station おばあちゃん City・山岡
5171,名古屋市 枇杷島橋緑地,名古屋 City 枇杷島橋Green Space
5172,清須市 みずとぴぁ庄内 ビオトープ,清須 City みずとぴぁShonai ビオトープ
5173,春日井市 R19 内津峠 簡易PA,春日井 City R19 内津Pass 簡易PA
5174,大津市 びわこ文化公園,Otsu City びわこ文化Park
5175,どろ焼き・お好み焼き 喃風 姫路本店,どろ焼き・お好み焼き 喃風 Himeji Main Store
5176,道の駅 こんぜの里りっとう,Roadside Station こんぜ no Satoりっとう
5177,道の駅 草津,Roadside Station Kusatsu
5178,道の駅 アグリの郷栗東,Roadside Station アグリ no Sato栗東
5179,草津PA,Kusatsu PA
5180,寝屋川市公園墓地,寝屋 River City Park墓地
5181,道の駅 京都 テオテラスいで,Roadside Station Kyoto テオTerraceいで
5182,道の駅 姫路,Roadside Station Himeji
5183,道の駅 きなりの郷 下北山,Roadside Station きなり no Sato 下北山
5184,道の駅 すもと ウェルネスパーク五色（仮）,Roadside Station すもと ウェルネスPark Goshiki（仮）
5185,丹波篠山市ふるさと公園（道の駅 こんだ温泉ぬくもりの郷️）,丹波篠山市Hometown Park（Roadside Station こんだHot Springぬくもり no Sato）
5186,野洲市 湖岸緑地 中主吉川公園,野洲 City Lake岸Green Space 中主吉 River Park
5187,道の駅 竜王かがみの里,Roadside Station 竜王かがみ no Sato
5188,道の駅 アグリパーク竜王,Roadside Station アグリPark竜王
5189,道の駅 湖北みずどりステーション,Roadside Station Lake北みずどりStation
5190,道の駅 せせらぎの里こうら,Roadside Station Stream no Satoこうら
5191,下呂温泉️合掌村 駐車場,Gero Hot Spring合掌-mura Parking Area
5192,下呂温泉 合掌村 いで湯朝市 駐車場,Gero Hot Spring 合掌-mura いで湯朝 City Parking Area
5193,下呂温泉無料浴場,Gero Hot Spring Free Bathhouse
5194,京都市 中地ロードパーク,Kyoto City 中地Road Park
5195,道の駅 能勢 くりの郷,Roadside Station 能勢 くり no Sato
5196,神戸市 上津公園,Kobe City 上津Park
5197,道の駅 つぐ高原グリーンパーク,Roadside Station つぐHighland Green Park
5198,淡路市 淡路島公園 B駐車場,淡路 City 淡路島Park BParking Area
5199,淡路市 江崎公園,淡路 City 江崎Park
5200,神戸市 木見中央公園,Kobe City 木見Central Park
5201,道の駅 淡河,Roadside Station 淡 River
5202,淡路市 一宮ふるさとセンター、淡路市立香りの公園,淡路 City 一宮Hometown Center、淡路市立香りのPark
5203,道の駅 東浦ターミナルパーク,Roadside Station 東浦Terminal Park
5204,淡路市 岩屋漁港駐車場、岩屋海水浴場,淡路 City 岩屋Fishing Port Parking Area、岩屋Swimming Beach
5205,淡路島南PA,淡路島南PA
5206,リヴァージュ・スパひきがわ,リヴァージュ・Spaひきがわ
5207,道の駅 志原海岸（津波に注意）,Roadside Station 志原Coast（津波に注意）
5208,ホルモン マルフク 本店,ホルモン マルフク Main Store
5209,神通川水辺プラザ 駐車場(わんぱく広場),神通 River水辺Plaza Parking Area(わんぱくPlaza)
5210,神通川水辺プラザ 駐車場(しらさぎコース),神通 River水辺Plaza Parking Area(しらさぎコース)
5211,神通川水辺プラザ 自然ふれあい学習館,神通 River水辺Plaza 自然Community学習館
5212,濁河温泉 市営露天風呂,濁 River Hot Spring City-run Open-air Bath
5213,御嶽山 濁河温泉（小坂口ルート）登山道駐車場,御嶽山 濁 River Hot Spring（小坂口ルート）Hiking Trail Parking Area
5214,知明湖キャンプ場,知明Lake Campground
5215,宝塚北SA,宝塚北SA
5216,多賀SA️,多賀SA
5217,道の駅 あいとうマーガレットステーション,Roadside Station あいとうマーガレットStation
5218,亀岡市 亀岡運動公園,亀岡 City 亀岡Sports Park
5219,道の駅 近江母の郷‍,Roadside Station 近江母 no Sato‍
5220,道の駅 塩津海道 あぢかまの里,Roadside Station 塩津海道 あぢかま no Sato
5221,道の駅 藤樹の里あどがわ,Roadside Station 藤樹 no Satoあどがわ
5222,京都市 栃本河川公園,Kyoto City 栃本 River River Park
5223,道の駅 ウッディー京北,Roadside Station ウッディー京北
5224,道の駅 ガレリアかめおか,Roadside Station ガレリアかめおか
5225,道の駅 いながわ,Roadside Station いながわ
5226,猪名川町総合福祉センター・ゆうあいセンター,猪名 River-cho総合福祉Center・ゆうあいCenter
5227,"<font color=""red""></font>一庫ダム 黒川駐車場 一庫公園 湖畔の駐車場",一庫Dam 黒 River Parking Area 一庫Park Lakeside Parking Area
5228,豊田東IC近くの河川敷,豊田東IC近くの River River敷
5229,名古屋 パーキングファイブ,名古屋 パーKingファイブ
5230,アクアイグニス淡路島,アクアイグニス淡路島
5231,モネの池（根道神社）,モネのPond（根道Shrine）
5232,あじさい園駐車場（モネの池 駐車場）,あじさい園Parking Area（モネのPond Parking Area）
5233,湯村温泉 薬師湯 駐車場,湯村Hot Spring 薬師湯 Parking Area
5234,魚増水産,魚増水産
5235,南あわじ市 慶野松原 海水浴場️,南あわじ City 慶野松原 Swimming Beach
5236,道の駅 うずしお,Roadside Station うずしお
5237,ユーフォリア千里浜（車中泊有料）,ユーフォリア千里Beach（Car Overnight Paid）
5238,眉丈台地自然緑地公園 北側駐車場,眉丈台地自然Green Space Park North Side Parking Area
5239,眉丈台地自然緑地公園 南側駐車場,眉丈台地自然Green Space Park South Side Parking Area
5240,淡路市 多賀の浜 海水浴場️,淡路 City 多賀のBeach Swimming Beach
5241,伊勢市 音無山駐車場,Ise City 音無山Parking Area
5242,伊勢市 朝熊ケ岳、朝熊岳道登山口,Ise City 朝熊ケ岳、朝熊岳道登Yamaguchi
5243,伊勢市 二見浦公園、夫婦岩無料駐車場,Ise City 二見浦Park、夫婦岩Free Parking Area
5244,伊勢市 民話の駅 蘇民、松下社,Ise City 民話の駅 蘇民、松下社
5245,山陽道 権現湖PA️,山陽道 権現Lake PA
5246,道の駅 山中温泉 ゆけむり健康村,Roadside Station 山中Hot Spring ゆけむりHealth-mura
5247,緑PA（風呂️あり）,緑PA（風呂Available）
5248,サンライズ淡路,サンライズ淡路
5249,柴木総合公園,柴木General Park
5250,滝ロードパーク,Waterfall Road Park
5251,滝港海岸広場 トイレは冬季閉鎖（12月-2月末まで閉鎖）,Waterfall Port Coast Plaza Restroomは冬季閉鎖（12月-2月末まで閉鎖）
5252,宝達志水（押水）運動公園,宝達志水（押水）Sports Park
5253,谷公園 第3駐車場,谷Park #3Parking Area
5254,高松運動公園,Takamatsu Sports Park
5255,豊橋市 豊橋総合スポーツ公園️,豊橋 City 豊橋総合Sports Park
5256,阿児ふるさと公園,阿児Hometown Park
5257,志摩市 アメニティ道路磯部ステーション,志摩 City アメニティ道路磯部Station
5258,磯部ふれあい公園,磯部Community Park
5259,養老温泉ゆせんの里ホテルなでしこ,養老Hot Springゆせん no Sato Hotelなでしこ
5260,道の駅 クレール平田,Roadside Station クレール平田
5261,道の駅 クロスウェイなかまち,Roadside Station クロスウェイなかまち
5262,名神 養老SA,名神 養老SA
5263,道の駅 みつ,Roadside Station みつ
5264,カーパーク大和上市駅前,カーPark大和上市Station Front
5265,道の駅 九頭竜,Roadside Station 九頭竜
5266,道の駅 上平,Roadside Station 上平
5267,鳥羽市 千鳥ヶ浜海水浴場️,Toba City 千鳥ヶBeach Swimming Beach
5268,鳥羽中央公園,Toba Central Park
5269,五十鈴公園駐車場,五十鈴Park Parking Area
5270,松阪市駐車場、竹輝銅庵モーモースタジアム️,松阪市Parking Area、竹輝銅庵モーモースタジアム
5271,道の駅 いが️（伊賀）,Roadside Station いが（伊賀）
5272,玉城町 大仏山公園,玉Castle-cho 大仏山Park
5273,瑞浪市民公園️、いこいの広場,瑞浪市民Park、いこいのPlaza
5274,道の駅 土岐美濃焼街道 どんぶり会館,Roadside Station 土岐美濃焼街道 どんぶり会館
5275,甲南PA,甲南PA
5276,豊橋市 葦毛湿原️、長尾池広場 駐車場,豊橋 City 葦毛Wetlands、長尾Pond Plaza Parking Area
5277,道の駅 ふれあいの里HASUパーク（旧：道の駅 立田ふれあいの里）,Roadside Station Community no Sato HASUPark（旧：Roadside Station 立田Community no Sato）
5278,下北山スポーツ公園,下北山Sports Park
5279,ドライブインよしだ,ドライブインよしだ
5280,木津川市 木津川台公園️,木津 River City 木津 River台Park
5281,生駒市 くろんど池️（有料キャンプ場併設）（3-11月の土日8-17時は800円徴収されるので注意）,生駒 City くろんどPond（Paid Campground併設）（3-11月の土日8-17時は800円徴収されるので注意）
5282,刈谷市 洲原公園️ 駐車場,刈谷 City 洲原Park Parking Area
5283,犬山市 桃太郎公園,犬山 City 桃太郎Park
5284,犬山市 不老公園,犬山 City 不老Park
5285,道の駅 伊勢志摩,Roadside Station Ise志摩
5286,みよし市 三好公園️,みよし City 三好Park
5287,津市 香良洲公園,津 City 香良洲Park
5288,松阪市 西黒部地区海岸公園,松阪 City 西黒部地区Coast Park
5289,津市 浜風公園,津 City Beach風Park
5290,津市 西山公園,津 City 西山Park
5291,可児市 可児川下流域自然公園、鳩吹山登山者用駐車場,可児 City 可児 River Downstream域Nature Park、鳩吹山登山者用Parking Area
5292,道の駅 津かわげ,Roadside Station 津かわげ
5293,亀山市 亀山公園,亀山 City 亀山Park
5294,みわ屋 本店,みわ屋 Main Store
5295,浜詰園地(夕日公園) 駐車場,Beach詰Recreation Area(夕日Park) Parking Area
5296,竹野海岸,竹野Coast
5297,天名乃湯,天名乃湯
5298,鈴鹿市 深谷公園,鈴鹿 City 深谷Park
5299,亀山市 関総合スポーツ公園️ 多目的グラウンド,亀山 City 関総合Sports Park Multi-purposeグラウンド
5300,甲賀市 鈴鹿峠,甲賀 City 鈴鹿Pass
5301,道の駅 あやま,Roadside Station あやま
5302,道の駅 あいの土山,Roadside Station あいの土山
5303,木津川市 上人ヶ平遺跡公園,木津 River City 上人ヶ平遺跡Park
5304,明石市 西二見緑地、望海公園,明石 City 西二見Green Space、望海Park
5305,播磨町 あえのはま広場,播磨-cho あえのはまPlaza
5306,RVパーク MC Resort 花城温泉,RVPark MC Resort 花Castle Hot Spring
5307,氷見市 朝日山公園,氷見 City 朝日山Park
5308,姫路市 朝日山公園,Himeji City 朝日山Park
5309,姫路市立白浜新開野球場️,Himeji City立Shirahama新開野球場
5310,播磨町 新島南緑地 南公園,播磨-cho 新島南Green Space 南Park
5311,ラーメンショップ なまず峠店,Ramenショップ なまずPass店
5312,安濃SA,安濃SA
5313,道の駅 飯高駅,Roadside Station 飯高駅
5314,道の駅 おくとろ,Roadside Station おくとろ
5315,湯の華アイランド,湯の華Island
5316,タイムズ御堂筋平野町,タイムズ御堂筋平野-cho
5317,ラーメン山岡家 四日市塩浜店,Ramen山岡家 四日市塩Beach店
5318,中華そば うらしま,Chinese Soba うらしま
5319,中華そば しま彰,Chinese Soba しま彰
5320,山為食堂,山為Diner
5321,井出商店,井出商店
5322,浜口石油,Beach口石油
5323,道の駅 スカイドーム神岡（旧称：宙ドーム・神岡）,Roadside Station スカイドーム神岡（旧称：宙ドーム・神岡）
5324,国立京都国際会館駐車場,国立Kyoto国際会館Parking Area
5325,谷口屋,谷口屋
5326,瓜割の滝,瓜割のWaterfall
5327,東六甲展望台,東六甲Observation Deck
5328,伊吹山 山頂駐車場,伊吹山 Summit Parking Area
5329,スーパーセンタートライアル寝屋川大成店,スーパーCenterトライアル寝屋 River大成店
5330,西代蓮池公園,西代蓮Pond Park
5331,妙法寺川左岸公園,妙法Temple River左岸Park
5332,垂水健康公園,垂水Health Park
5333,奥飛騨温泉郷 あかんだな駐車場,奥飛騨Hot Spring郷 あかんだなParking Area
5334,東諸福公園 駐車場（タイムズ東諸福公園）,東諸福Park Parking Area（タイムズ東諸福Park）
5335,大東中央公園,大東Central Park
5336,兵庫県立甲子園浜海浜公園駐車場,兵庫県立甲子園Beach Seaside Park Parking Area
5337,笠置キャンプ場,笠置Campground
5338,赤穂海浜公園駐車場,赤穂Seaside Park Parking Area
5339,浜黒崎キャンプ場,Beach黒崎Campground
5340,"<font color=""red""></font>浜坂県民サンビーチキャンプ場（有料キャンプ場）",Beach坂県民サンBeach Campground（Paid Campground）
5341,くつわ池自然公園キャンプ場,くつわPond Nature Park Campground
5342,平湯キャンプ場,平湯Campground
5343,生駒山麓公園 野外活動センター,生駒Foot of Mountain Park 野外活動Center
5344,第7ギョーザの店,#7ギョーザの店
5345,十三峠広場,十三Pass Plaza
5346,ぼくらの広場 展望台,ぼくらのPlaza Observation Deck
5347,永平寺,永平Temple
5348,楽々うどん,楽々うどん
5349,柳津運動場の東側,柳津運動場のEast Side
5350,香芝SA,香芝SA
5351,若草山山頂駐車場,若草山Summit Parking Area
5352,不動川公園,不動 River Park
5353,東有年沖田遺跡公園,東有年沖田遺跡Park
5354,和歌山県立橋本体育館,Wakayama県立橋本体育館
5355,五色園,Goshiki園
5356,勅使水辺公園,勅使水辺Park
5357,名古屋市みどりが丘公園,名古屋市みどりが丘Park
5358,一庫ダム 下の駐車場,一庫Dam 下のParking Area
5359,富山空港多目的緑地公園,富山空Port Multi-purpose Green Space Park
5360,まちの駅クロスピアくみやま,まちの駅クロスピアくみやま
5361,兵庫区役所前駐車場,兵庫区役所前Parking Area
5362,タイムズ 山科区総合庁舎来庁者駐車場（トイレ遠い）,タイムズ 山科区総合庁舎来庁者Parking Area（Restroom遠い）
5363,赤松PA,赤松PA
5364,ふなまち,ふなまち
5365,味仙 藤ヶ丘店,味仙 藤ヶ丘店
5366,京都市立壬生浴場,Kyoto City立壬生Bathhouse
5367,城山駐車場,Castle山Parking Area
5368,足羽山公園,足羽山Park
5369,城光寺運動公園,Castle光Temple Sports Park
5370,斎宮池 駐車場,斎宮Pond Parking Area
5371,羽根ピースフル公園,羽根ピースフルPark
5372,稲永公園,稲永Park
5373,新茶屋川公園（名古屋の車中泊スポット）,新茶屋 River Park（名古屋のCar Overnight Spot）
5374,上野南公園 南側駐車場,上野南Park South Side Parking Area
5375,日高公園,Hidaka Park
5376,宮川ラブリバー公園駐車場,宮 RiverラブリバーPark Parking Area
5377,三陵墓東古墳（※トイレは冬期閉鎖）,三陵墓東古墳（※Restroomは冬期閉鎖）
5378,名勝 龍王梅林 駐車場,名勝 龍王梅林 Parking Area
5379,打越台グラウンド,打越台グラウンド
5380,桜山公園,桜山Park
5381,ニジゲンノモリ 兵庫県立淡路島公園アニメパーク,ニジゲンノモリ 兵庫県立淡路島ParkアニメPark
5382,龍神村 曼荼羅美術館、季楽里 龍神 公衆トイレ,Ryujin-mura 曼荼羅Art Museum、季楽里 Ryujin Public Restroom
5383,玄武洞公園,玄武洞Park
5384,赤塚山公園 東側駐車場,赤塚山Park East Side Parking Area
5385,倉橋ふれあい公園,倉橋Community Park
5386,能登島大橋ロードパーク,能登島大橋Road Park
5387,鬼ヶ城センター駐車場,鬼ヶCastle Center Parking Area
5388,蒼滝公共駐車場,蒼Waterfall Public Parking
5389,城山展望台登り口駐車場（傾斜あり）,Castle山Observation Deck登り口Parking Area（傾斜Available）
5390,希望の丘公園,希望 Hill Park
5391,鷹の松墓地公園,鷹の松墓地Park
5392,紀の川市 麻生津中公園,紀の River City 麻生津中Park
5393,土岐高山城跡の森,土岐高山Castle跡 Forest
5394,江島公園,江島Park
5395,さがらの森,さがら Forest
5396,上野南公園 北側駐車場,上野南Park North Side Parking Area
5397,蓮湖渚公園,蓮Lake渚Park
5398,蒲郡市ちゅうぶ中央公園（トイレ遠い）,蒲郡市ちゅうぶCentral Park（Restroom遠い）
5399,野坂いこいの森 上の駐車場,野坂いこい Forest 上のParking Area
5400,風屋ダム 展望台,風屋Dam Observation Deck
5401,山地ふるさと公園,山地Hometown Park
5402,万場調整池 東側駐車場,万場調整Pond East Side Parking Area
5403,岩崎城趾公園,岩崎Castle趾Park
5404,滝畑ダム,Waterfall畑Dam
5405,竜吟峡 ドラゴン21,竜吟峡 ドラゴン21
5406,勅使墓園 北側駐車場,勅使墓園 North Side Parking Area
5407,初瀬ダム,初瀬Dam
5408,シドニー港公園 駐車場,シドニーPort Park Parking Area
5409,富双緑地公園 東側P,富双Green Space Park East Side P
5410,富双緑地公園 西側P,富双Green Space Park West Side P
5411,東野公園,東野Park
5412,霞港公園,霞Port Park
5413,勅使墓園 南側駐車場,勅使墓園 South Side Parking Area
5414,万場調整池 南側駐車場,万場調整Pond South Side Parking Area
5415,大山田せせらぎ公園,Daisen田Stream Park
5416,堀尾跡公園,堀尾跡Park
5417,関ケ原町 関ケ原ふれあいセンター,関ケ原-cho 関ケ原Community Center
5418,野坂いこいの森第１駐車場,野坂いこい Forest第１Parking Area
5419,あじさい園内駐車場,あじさい園内Parking Area
5420,神通川緑地,神通 River Green Space
5421,せせらぎ運動公園,Stream Sports Park
5422,菅崎園地 駐車場,菅崎Recreation Area Parking Area
5423,九谷ダム（携帯圏外＆トイレ冬季閉鎖）,九谷Dam（携帯圏外＆Restroom冬季閉鎖）
5424,田口砂防公園,田口砂防Park
5425,堀越展望台駐車場,堀越Observation Deck Parking Area
5426,北部公園,北部Park
5427,御津山園地,御津山Recreation Area
5428,グリーンパークおおしま（格安キャンプ場あり）,Green Parkおおしま（Budget Campground Available）
5429,大野お台場公園,大野お台場Park
5430,金石・大野ふれあいの森,金石・大野Community Forest
5431,とよおか湖公園,とよおかLake Park
5432,平池緑地公園,平Pond Green Space Park
5433,白川ダム運動場多目的グランド,白 River Dam運動場Multi-purposeグLand
5434,富山県総合運動公園 北駐車場,富山県総合Sports Park 北Parking Area
5435,定光寺公園,定光Temple Park
5436,白崎公園,白崎Park
5437,あやの台中央公園,あやの台Central Park
5438,歌の森運動公園,歌 Forest Sports Park
5439,湯ノ峰温泉無料駐車場,湯ノ峰Hot Spring Free Parking Area
5440,松原公園駐車場,松原Park Parking Area
5441,千里浜運動公園,千里Beach Sports Park
5442,飯高林業総合センター,飯高林業総合Center
5443,古川緑地テニスコート 駐車場,古 River Green Spaceテニスコート Parking Area
5444,健康の森梅ノ子運動公園 北側駐車場,Health Forest梅ノ子Sports Park North Side Parking Area
5445,健康の森梅ノ子運動公園 南側駐車場,Health Forest梅ノ子Sports Park South Side Parking Area
5446,笠松トンボ天国横の駐車場,笠松トンボ天国横のParking Area
5447,松太枝浜海水浴場、雨晴キャンプ場,松太枝Beach Swimming Beach、雨晴Campground
5448,武平峠駐車場（トイレやばい＆傾斜）,武平Pass Parking Area（Restroomやばい＆傾斜）
5449,赤塚山公園 西側駐車場,赤塚山Park West Side Parking Area
5450,小浜漁港,小Beach Fishing Port
5451,宮奥ダム その1,宮奥Dam その1
5452,安城市総合運動公園,安Castle City総合Sports Park
5453,見江島江展望台駐車場,見江島江Observation Deck Parking Area
5454,木浜1 北駐車場,木Beach1 北Parking Area
5455,和邇浜,和邇Beach
5456,片野海岸駐車場,片野Coast Parking Area
5457,駒渡ポケットパーク,駒渡ポケットPark
5458,宮奥ダム その2,宮奥Dam その2
5459,じょんころ広場,じょんころPlaza
5460,杣谷峠トイレ,杣谷Pass Restroom
5461,大宇陀かぎろいの丘万葉公園,大宇陀かぎろい Hill Manyo Park
5462,今浜海浜トイレ,今Beach Seaside Restroom
5463,庭田山頂公園,庭田Summit Park
5464,北山貯水池駐車場,北山貯水Pond Parking Area
5465,八井内屋形橋前公衆便所,八井内屋形橋前公衆便所
5466,三滝川いこいの広場,三Waterfall RiverいこいのPlaza
5467,龍ヶ鼻ダム,龍ヶ鼻Dam
5468,赤目渓谷入口駐車場,赤目Valley / Gorge入口Parking Area
5469,乙女ケ池駐車場,乙女ケPond Parking Area
5470,潮岬観光タワー,潮Cape Sightseeingタワー
5471,十三峠展望台,十三Pass Observation Deck
5472,青土ダム駐車場,青土Dam Parking Area
5473,桜淵公園,桜淵Park
5474,琵琶湖 湖岸緑地 支那２駐車場,Lake Biwa Lake岸Green Space 支那２Parking Area
5475,二上山万葉の森 駐車場,二上山Manyo Forest Parking Area
5476,バイパス沿いの無料P,バイパス沿いのFree P
5477,白山 中宮レストハウス,白山 中宮レストハウス
5478,白子港緑地,白子Port Green Space
5479,青土ダム北側駐車場,青土Dam North Side Parking Area
5480,豊浜漁港,豊Beach Fishing Port
5481,（トイレが夜間閉鎖）六甲山天覧台、六甲山上駅 駐車場,（RestroomがNight Closure）六甲山天覧台、六甲山上駅 Parking Area
5482,青土ダム 第三駐車場,青土Dam 第三Parking Area
5483,白山山麓吉岡園地,白山Foot of Mountain吉岡Recreation Area
5484,冨具崎漁港,冨具崎Fishing Port
5485,（夜間閉鎖）石ケ谷公園駐車場,（Night Closure）石ケ谷Park Parking Area
5486,中池見湿地 樫曲駐車場,中Pond見湿地 樫曲Parking Area
5487,とんかつ稲穂,とんかつ稲穂
5488,七尾城山展望台駐車場,七尾Castle山Observation Deck Parking Area
5489,馬籠宿無料駐車場,馬籠宿Free Parking Area
5490,わんぱく広場,わんぱくPlaza
5491,（トイレ遠い）天理市営駐車場 山の辺の道(杣之内),（Restroom遠い）天理City-run Parking Area 山の辺の道(杣之内)
5492,（トイレ無し）有田川温泉鮎茶屋前 河川敷き公園,（No Restroom）有田 River Hot Spring鮎茶屋前 River River敷きPark
5493,くろべ名水公園（黒部川扇状地湧水群）,くろべFamous Spring Park（黒部 River扇状地Natural Spring群）
5494,殿様清水,殿様Shimizu
5495,無料駐車場,Free Parking Area
5496,白山一里野温泉駐車場,白山一里野Hot Spring Parking Area
5497,東富山パーキング,東富山パーKing
5498,山崎運動公園,山崎Sports Park
5499,清須市多目的グラウンド,清須市Multi-purposeグラウンド
5500,道の駅 十津川郷,Roadside Station 十津 River郷
5501,高峰SA（下りのみ）,高峰SA（下りのみ）
5502,伊賀上野PA（下りのみ）,伊賀上野PA（下りのみ）
5503,墓の木公園キャンプ場,墓の木Park Campground
5504,小船キャンプ場（無料キャンプ場）,小船Campground（Free Campground）
5505,せせらぎの湯 ※水着必須,Stream Hot Bath ※水着必須
5506,「平成の名水百選」不動滝の霊水,「平成のFamous Spring百選」不動Waterfallの霊水
5507,宮リバー渡会パーク駐車場,宮リバー渡会Park Parking Area
5508,大湊海岸駐車場,大湊Coast Parking Area
5509,蔵土多目的広場 トイレあり,蔵土Multi-purpose Plaza Restroom Available
5510,湊町PA,湊町PA
5511,"（<font color=""red"">トイレ無し</font>）武平峠西駐車場",（No Restroom）武平Pass西Parking Area
5512,山本屋総本家 本家,山本屋総本家 本家
5513,津市榊原自然の森温泉保養館 湯の瀬 ラムちゃんパーク,津市榊原自然 Forest Hot Spring Recreation館 湯の瀬 ラムちゃんPark
5514,田縣神社,田縣Shrine
5515,嬉野SA,嬉野SA
5516,西宮市立霊園甲山墓園 入り口の駐車スペース,西宮市立霊園甲山墓園 入り口の駐車スペース
5517,イオン尼崎,イオン尼崎
5518,T.Yパーキング有馬,T. YパーKing有馬
5519,道の駅 奥永源寺 渓流の里,Roadside Station 奥永源Temple 渓流 no Sato
5520,道の駅 虫喰岩,Roadside Station 虫喰岩
5521,氷見漁港2F 魚市場食堂,氷見Fishing Port2F 魚Market Diner
5522,きときと食堂,きときとDiner
5523,気比の浜キャンプ場,気比のBeach Campground
5524,道の駅 飛騨たかね工房,Roadside Station 飛騨たかね工房
5525,道の駅 ひだ朝日村,Roadside Station ひだ朝日-mura
5526,道の駅 豊根グリーンポート宮嶋,Roadside Station 豊根Greenポート宮嶋
5527,道の駅 アグリステーションなぐら,Roadside Station アグリStationなぐら
5528,麻耶姫湖青少年旅行村,麻耶姫Lake青少年Vacation Village
5529,道の駅 はが,Roadside Station はが
5530,高田千本桜,高田千本桜
5531,無料駐車場とトイレ,Free Parking AreaとRestroom
5532,夢見が丘展望台(比叡山ドライブウェイ),夢見が丘Observation Deck(比叡山ドライブウェイ)
5533,道の駅 海山,Roadside Station 海山
5534,煮込みうどん かに屋,煮込みうどん かに屋
5535,すし玉,すし玉
5536,高野龍神スカイライン,高野Ryujinスカイライン
5537,比叡山横川地区,比叡山横 River地-ku
5538,御所南PA,御所南PA
5539,お食事処 天守閣 展望台,お食事処 天守閣 Observation Deck
5540,荻町城跡展望台,荻町Castle跡Observation Deck
5541,白山スーパー林道,白山スーパー林道
5542,有磯海SA,有磯海SA
5543,道の駅 近つ飛鳥の里・太子,Roadside Station 近つ飛鳥 no Sato・太子
5544,加東市立旅館東条福祉センター とどろき荘,加東市立旅館東条福祉Center とどろき荘
5545,タイムパーキング 唐橋琵琶町,タイムパーKing 唐橋琵琶-cho
5546,タイムズ天神通三条,タイムズ天神通三条
5547,リパーク中堂寺北町（京都の車中泊スポット）,リPark中堂Temple北-cho（Kyoto Car Overnight Spot）
5548,なにわ健康ランド湯～トピア（RVSTATION 東大阪湯～トピア）（有料で車中泊も可能）,なにわHealth Land湯～トピア（RVSTATION 東Osaka湯～トピア）（PaidでCar Overnightも可能）
5549,タイムズ鴨川西ランプ,タイムズ鴨 River西ランプ
5550,壬生温泉 はなの湯（線路沿いでうるさい）,壬生Hot Spring はな Hot Bath（線路沿いでうるさい）
5551,さるびの温泉オートキャンプサイト,さるびのHot SpringオートCampsite
5552,くるり（RVパーク 丹波 くるり）（※外来入浴不可）,くるり（RVPark 丹波 くるり）（※外来入浴不可）
5553,ゆららの湯奈良店,ゆらら Hot Bath Nara店
5554,島ヶ原温泉 やぶっちゃの湯 オートキャンプ場,島ヶ原Hot Spring やぶっちゃ Hot Bath Auto Campground
5555,あすかの湯,あすか Hot Bath
5556,美輝の里 ホテル美輝（トイレ非常に遠い）,美輝 no Sato Hotel美輝（Restroom非常に遠い）
5557,伏見力の湯（有料で車中泊も可能だが夜間トイレ無し）,伏見力 Hot Bath（PaidでCar Overnightも可能だが夜間No Restroom）
5558,熊野の宿海ひかり別館（で車中泊可能）,Kumanoの宿海ひかり別館（でCar Overnight可能）
5559,（車中泊は有料）湯けむり屋敷 和おんの湯,（Car OvernightはPaid）湯けむり屋敷 和おん Hot Bath
5560,天然温泉かけ流し ゆうゆう会館（車中泊有料）,Natural Hot Springかけ流し ゆうゆう会館（Car Overnight Paid）
5561,ささゆりの湯 オートキャンプ場,ささゆり Hot Bath Auto Campground
5562,みかた温泉きららの湯（有料で車中泊可能）,みかたHot Springきらら Hot Bath（PaidでCar Overnight可能）
5563,鷹の湯 駐車場,鷹 Hot Bath Parking Area
5564,（要予約、車中泊有料）蒲生の湯 オートキャンプ場,（要予約、Car Overnight Paid）蒲生 Hot Bath Auto Campground
5565,タテバ隣のコインパーキング,タテバ隣のCoin Parking
5566,RVパーク VISON,RVPark VISON
5567,アクアイグニス,アクアイグニス
5568,中宮温泉駐車場,中宮Hot Spring Parking Area
5569,鳥羽展望台,Toba Observation Deck
5570,長久酒場(和歌山・白浜),長久酒場(Wakayama・Shirahama)
5571,明治屋(大阪・天王寺),明治屋(Osaka・天王Temple)
5572,淡墨公園,淡墨Park
5573,大阪市立科学館,Osaka City立科学館
5574,あべのハルカス,あべのハルカス
5575,白米の千枚田,白米の千枚田
5576,Hotel & RentaCar660 玉乃湯,Hotel & Renta Car660 玉乃湯
5577,海のホテル一の滝,Sea Hotel一のWaterfall
5578,伊勢神宮内宮A1・A2駐車場,Ise神宮内宮A1・A2Parking Area
5579,彩華ラーメン 本店,彩華Ramen Main Store
5580,中華そば 一力,Chinese Soba 一力
5581,須磨海浜公園,須磨Seaside Park
5582,須磨ヨットハーバー駐車場,須磨ヨットハーバーParking Area
5583,瀞峡,瀞峡
5584,立山駅駐車場,立山駅Parking Area
5585,道の駅 宿場町ひらふく,Roadside Station 宿場町ひらふく
5586,十二町潟オニバス発生地公衆トイレ,十二町潟オニバス発生地Public Restroom
5587,小矢部運動公園,小矢部Sports Park
5588,富山新港元気の森公園,富山新Port元気 Forest Park
5589,砺波総合運動公園,砺波総合Sports Park
5590,里湯ちりはま,里湯ちりはま
5591,グランスパ かの苑,グランSpa かの苑
5592,AYABE PEACE Park&Camp（あやべピースパークアンドキャンプ、キャンプ場）,AYABE PEACE Park&Camp（あやべピースParkアンドキャンプ、Campground）
5593,紀ノ光台南公園,紀ノ光台南Park
5594,牛岳パノラマ駐車場,牛岳パノラマParking Area
5595,市営下呂温泉第3駐車場,City-run Gero Hot Spring#3Parking Area
5596,友ヶ島,友ヶ島
5597,石垣池公園 鈴鹿の車中泊スポット,Ishigaki Pond Park 鈴鹿のCar Overnight Spot
5598,富浜緑地,富Beach Green Space
5599,住之江公園駅付近駐車場,住之江Park駅付近Parking Area
5600,大須大光院 コインパーキング,大須大光院 Coin Parking
5601,大津SA（下り側にシャワーあり）,Otsu SA（下り側にシャワーAvailable）
5602,滑川市スポーツ・健康の森公園,滑 River City Sports・Health Forest Park
5603,県道沿いの無料駐車場,県道沿いのFree Parking Area
5604,杖石農林産物直売所,杖石農林産物直売所
5605,滝原公園 駐車場,Waterfall原Park Parking Area
5606,無料駐車場とトイレ,Free Parking AreaとRestroom
5607,奥びわ湖パークウェイつづら尾崎展望台,奥びわLake Parkウェイつづら尾崎Observation Deck
5608,夫婦滝,夫婦Waterfall
5609,"福井県大野市市役所（<font color=""red"">※トイレ不明</font>）",福井県大野市市役所（※Restroom不明）
5610,キリコ会館駐車場,キリコ会館Parking Area
5611,マリンタウン駐車場,マリンタウンParking Area
5612,（トイレ無し）マリンタウン右端の駐車場,（No Restroom）マリンタウン右端のParking Area
5613,鴨ヶ浦駐車場,鴨ヶ浦Parking Area
5614,ふるさと体験実習館横駐車場,Hometown体験実習館横Parking Area
5615,道の駅 輪島,Roadside Station 輪島
5616,窓岩駐車場,窓岩Parking Area
5617,道下サンセットパーク,道下サンセットPark
5618,光浦駐車場,光浦Parking Area
5619,海のそばの駐車場,Sea Soba Parking Area
5620,（夜間閉鎖）三木総合防災公園東ゲートメイン駐車場,（Night Closure）三木総合防災Park東ゲートメインParking Area
5621,勢和村キャンプ場（無料キャンプ場）,勢和村Campground（Free Campground）
5622,道の駅 海南サクアス,Roadside Station 海南サクアス
5623,木場潟公園 西園地,木場潟Park 西Recreation Area
5624,水口スポーツの森駐車場,水口Sports Forest Parking Area
5625,菩提寺PA,菩提Temple PA
5626,砺波総合運動公園 第5駐車場,砺波総合Sports Park #5Parking Area
5627,安宅海浜公園 駐車場,安宅Seaside Park Parking Area
5628,能勢町役場 けやき資料館 駐車場,能勢町役場 けやき資料館 Parking Area
5629,伏見稲荷大社,伏見稲荷大社
5630,五老ケ岳公園,五老ケ岳Park
5631,日高川ふれあい水辺公園,Hidaka River Community水辺Park
5632,海王丸パーク駐車場,海王丸Park Parking Area
5633,コウノトリの郷公園,コウノトリ no Sato Park
5634,しおかぜ香苑,しおかぜ香苑
5635,新庄総合公園,新庄General Park
5636,倶利伽羅公園,倶利伽羅Park
5637,新宮港緑地公園,新宮Port Green Space Park
5638,辻川山公園,辻 River山Park
5639,柏原パーキング,柏原パーKing
5640,鯖江市嚮陽会館 駐車場,鯖江市嚮陽会館 Parking Area
5641,尼御前岬駐車場（石川県）,尼御前Cape Parking Area（石 River県）
5642,和田山PA（南行きのみ）,和田山PA（南行きのみ）
5643,道の駅 舟屋の里伊根,Roadside Station 舟屋 no Sato伊根
5644,道の駅 シルクのまち かや,Roadside Station シルクのまち かや
5645,道の駅 清流白川クオーレの里,Roadside Station 清流白 Riverクオーレ no Sato
5646,竹田街道の駅,竹田街Roadside Station
5647,道の駅 織姫の里なかのと,Roadside Station 織姫 no Satoなかのと
5648,水橋フィッシャリーナ駐車場,水橋フィッシャリーナParking Area
5649,湯谷温泉 駐車場,湯谷Hot Spring Parking Area
5650,藤原岳登山用駐車場,藤原岳登山用Parking Area
5651,天川東公園,天 River東Park
5652,天空の茶畑,天空の茶畑
5653,阿蘇シーサイドパーク駐車場,AsoシーSide Park Parking Area
5654,炬口漁港,炬口Fishing Port
5655,兵庫県播磨中央公園 第５駐車場,兵庫県播磨Central Park 第５Parking Area
5656,道の駅 奥伊勢おおだい,Roadside Station 奥Iseおおだい
5657,天神崎元島第一駐車場,天神崎元島No.1Parking Area
5658,大江河東公園駐車場北側奥,大江 River東Park Parking Area North Side奥
5659,（愛知県）岡崎公園駐車場,（愛知県）岡崎Park Parking Area
5660,トライアル滋賀大津店,トライアル滋賀Otsu店
5661,舞鶴PA,舞鶴PA
5662,三国海浜自然公園駐車場,三国Seaside Nature Park Parking Area
5663,道の駅 とっとパーク小島,Roadside Station とっとPark小島
5664,三国海浜自然公園前の駐車場,三国Seaside Nature Park前のParking Area
5665,道の駅 紀伊長島マンボウ,Roadside Station 紀伊長島マンボウ
5666,道の駅 あなみず,Roadside Station あなみず
5667,加斗PA,加斗PA
5668,霞ヶ城公園（四季の森）,霞ヶCastle Park（四季 Forest）
5669,滝原ふれあいの里公園,Waterfall原Community no Sato Park
5670,まねきのえきそば,まねきのえきSoba
5671,竹田城駐車場(山城の郷),竹田Castle Parking Area(山Castle no Sato)
5672,サンテパルク田原の駐車場,サンテパルク田原のParking Area
5673,袖ヶ浜海水浴場（シャワーは夏季のみ）,袖ヶBeach Swimming Beach（シャワーは夏季のみ）
5674,三段池公園（第1駐車場）,三段Pond Park（#1Parking Area）
5675,大島北野河川公園（トイレは冬季閉鎖）,大島北野 River River Park（Restroomは冬季閉鎖）
5676,川北温泉「ふれあいの湯」,River北Hot Spring「Community Hot Bath」
5677,道の駅 舞鶴港とれとれセンター,Roadside Station 舞鶴PortとれとれCenter
5678,ファミリーマート小浜東市場店,Familyマート小Beach東Market店
5679,立山町総合公園,立山町General Park
5680,道の駅 播磨いちのみや,Roadside Station 播磨いちのみや
5681,道の駅 熊野・板屋九郎兵衛の里,Roadside Station Kumano・板屋九郎兵衛 no Sato
5682,道の駅 千枚田ポケットパーク,Roadside Station 千枚田ポケットPark
5683,桂川PA,桂 River PA
5684,簡易パーキングエリア（豊岡市新堂）,簡易パーKing Area（豊岡市新堂）
5685,ぱんだ家,ぱんだ家
5686,神明公園,神明Park
5687,立ヶ畑ダムの道路脇,立ヶ畑Damの道路脇
5688,北潟湖畔公園・サイクリングパーク第2駐車場,北潟Lakeside Park・サイクリングPark#2Parking Area
5689,茨木千提寺PA（上下あり）,茨木千提Temple PA（上下Available）
5690,伊吹PA,伊吹PA
5691,小浜市まちの駅,小Beach Cityまちの駅
5692,日末蓮池公園,日末蓮Pond Park
5693,天神崎丸山灯台 前公衆トイレ,天神崎丸山灯台 前Public Restroom
5694,鍋平公園,鍋平Park
5695,くじらの駐車場,くじらのParking Area
5696,（トイレが夜間閉鎖）石川県石引駐車場,（RestroomがNight Closure）石 River県石引Parking Area
5697,道の駅 白崎海洋公園,Roadside Station 白崎海洋Park
5698,内灘町総合公園,内灘町General Park
5699,七尾城登山口駐車場,七尾Castle登Yamaguchi Parking Area
5700,道の駅 奥伊勢木つつ木館,Roadside Station 奥Ise木つつ木館
5701,ちゃんぽん亭総本家 本店（ちゃんぽん亭 本店）,ちゃんぽん亭総本家 Main Store（ちゃんぽん亭 Main Store）
5702,道の駅 美濃白川,Roadside Station 美濃白 River
5703,市営下呂温泉駐車場,City-run Gero Hot Spring Parking Area
5704,追分鳥居の水,追分鳥居 Spring Water
5705,おにぎりの桃太郎 久保田本店,おにぎりの桃太郎 久保田Main Store
5706,淡河PA（上下シャワー）,淡 River PA（上下シャワー）
5707,道の駅 たいら,Roadside Station たいら
5708,立雲峡駐車場,立雲峡Parking Area
5709,セレパーク１８条東（大阪の車中泊スポット）,セレPark１８条東（Osaka Car Overnight Spot）
5710,道の駅 みさき,Roadside Station みさき
5711,道の駅 くみはまSANKAIKAN,Roadside Station くみはまSANKAIKAN
5712,中居湾ふれあいパーク,中居湾Community Park
5713,加賀野八幡神社井戸,加賀野八幡Shrine井戸
5714,まさごそば,まさごSoba
5715,河合ふれあいパーク,River合Community Park
5716,東福寺近くのコインパーキング,東福Temple近くのCoin Parking
5717,粟生運動公園 駐車場,粟生Sports Park Parking Area
5718,レクトピアパーク 駐車場,レクトピアPark Parking Area
5719,乙女ケ池,乙女ケPond
5720,新港の森スポーツ広場 駐車場,新Port Forest Sports Plaza Parking Area
5721,物見山運動公園 駐車場,物見山Sports Park Parking Area
5722,岩瀬カナル会館,岩瀬カナル会館
5723,蔵王山駐車場,Zao山Parking Area
5724,野麦峠お助小屋,野麦Passお助小屋
5725,七尾城跡,七尾Castle跡
5726,ファミリーマート 郡上愛宕店,Familyマート 郡上愛宕店
5727,美術館手前無料駐車場,Art Museum手前Free Parking Area
5728,メロンファーム ハンバーガー,メロンファーム ハンバーガー
5729,立岩(たていわ),立岩(たていわ)
5730,道の駅 あさご,Roadside Station あさご
5731,奥伊勢PA,奥Ise PA
5732,（夜間閉鎖の可能性あり）安宅の関 駐車場、安宅関跡,（Night Closureの可能性Available）安宅の関 Parking Area、安宅関跡
5733,岐阜タンメン岐阜本店,岐阜タンメン岐阜Main Store
5734,賤母清水 道の駅賤母の水,賤母Shimizu Roadside Station賤母 Spring Water
5735,タンタン清水,タンタンShimizu
5736,喫茶マウンテン（昭和区）,喫茶マウンテン（Showa区）
5737,道の駅 田原めっくんはうす,Roadside Station 田原めっくんはうす
5738,"（<font color=""red"">※トイレ無し</font>）スロープのある駐車場（海老江海浜公園）",（※No Restroom）スロープのあるParking Area（海老江Seaside Park）
5739,道の駅 狼煙,Roadside Station 狼煙
5740,御在所SA,御在所SA
5741,東郷PA,東郷PA
5742,加西SA,加西SA
5743,豊田上郷SA（旧称：上郷SA）,豊田上郷SA（旧称：上郷SA）
5744,ポケットパーク海岸桟敷のと七見,ポケットPark Coast桟敷のと七見
5745,道の駅 すずなり,Roadside Station すずなり
5746,富山県総合運動公園 西駐車場,富山県総合Sports Park 西Parking Area
5747,フラワーパーク沖塚原パークゴルフ場,フラワーPark沖塚原Parkゴルフ場
5748,鳥川ホタルの里湧水群（延命水）,鳥 Riverホタル no Sato Natural Spring群（延命水）
5749,桜形細野霊水,桜形細野霊水
5750,道の駅 越前おおの 荒島の郷,Roadside Station 越前おおの 荒島 no Sato
5751,信楽焼ミュージアム横駐車場,信楽焼ミュージアム横Parking Area
5752,サニープレイス神戸三宮駐車場,サニープレイスKobe三宮Parking Area
5753,マキノ高原のメタセコイア並木,マキノHighlandのメタセコイア並木
5754,（トイレ無し）ふるさと西別院の道路迎えの駐車場,（No Restroom）Hometown西別院の道路迎えのParking Area
5755,簡易パーキング ふじわら,簡易パーKing ふじわら
5756,安宅の関 東側駐車場,安宅の関 East Side Parking Area
5757,道の駅 たいじ,Roadside Station たいじ
5758,浜地海水浴場駐車場,Beach地Swimming Beach Parking Area
5759,道の駅 あまるべ,Roadside Station あまるべ
5760,尾張一宮PA,尾張一宮PA
5761,煙樹ヶ浜,煙樹ヶBeach
5762,カフェサザンのある無料駐車場,カフェサザンのあるFree Parking Area
5763,南郷大橋近くのトイレ,南郷大橋近くのRestroom
5764,富山南総合公園 北側駐車場,富山南General Park North Side Parking Area
5765,道の駅 明宝,Roadside Station 明宝
5766,ロードパーク なかうみの里,Road Park なかうみ no Sato
5767,呉羽山公園都市緑化植物園東駐車場,呉羽山Park都市緑化植物園東Parking Area
5768,寄り道パーキング美川大橋,寄り道パーKing美 River大橋
5769,道の駅 ロック・ガーデン ひちそう,Roadside Station ロック・Garden ひちそう
5770,琵琶湖畔の無料P,Lake Biwa畔のFree P
5771,道の駅 つくで手作り村,Roadside Station つくで手作り-mura
5772,道の駅 海の京都 宮津,Roadside Station Sea Kyoto 宮津
5773,さざれ石公園,さざれ石Park
5774,阿児の松原海水浴場,阿児の松原Swimming Beach
5775,南張海水浴場,南張Swimming Beach
5776,八丁浜シーサイドパーク,八丁BeachシーSide Park
5777,三方五湖PA,三方五Lake PA
5778,小松ふれあい健康広場駐車場,小松Community Health Plaza Parking Area
5779,根木ポケットパーク,根木ポケットPark
5780,羽咋運動公園駐車場,羽咋Sports Park Parking Area
5781,小さな公園,小さなPark
5782,紅山登山口駐車場,紅山登Yamaguchi Parking Area
5783,道の駅 菰野,Roadside Station 菰野
5784,加登屋食堂,加登屋Diner
5785,サカエパーキング,サカエパーKing
5786,柏川オートキャンプ場,柏 River Auto Campground
5787,えびせんべいの里刈谷オアシス店,えびせんべい no Sato刈谷オアシス店
5788,弁財天公園,弁財天Park
5789,太田リバーサイドパーク,太田リバーSide Park
5790,市川SA（上下あり）,City River SA（上下Available）
5791,道の駅 フレッシュあさご,Roadside Station フレッシュあさご
5792,魚津駅前のうまい水,魚津Station Frontのうまい水
5793,道の駅 馬瀬 美輝の里 南飛騨・馬瀬川温泉,Roadside Station 馬瀬 美輝 no Sato 南飛騨・馬瀬 River Hot Spring
5794,下北山温泉 きなりの湯,下北山Hot Spring きなり Hot Bath
5795,よふど温泉,よふどHot Spring
5796,松任海浜温泉 おつかりさま,松任Seaside Hot Spring おつかりさま
5797,美川温泉元湯ほんだ,美 River Hot Spring元湯ほんだ
5798,美川温泉 安産(やすまる)の湯,美 River Hot Spring 安産(やすまる) Hot Bath
5799,道の駅 もっくる新城,Roadside Station もっくる新Castle
5800,竹田城下町観光駐車場,竹田Castle下町Sightseeing Parking Area
5801,タイムズ高山本町,タイムズ高山本-cho
5802,神通川第二ダム駐車場,神通 River第二Dam Parking Area
5803,ヤスサキワイプラザ グルメ館 新保店 周辺駐車場,ヤスサキワイPlaza グルメ館 新保店 周辺Parking Area
5804,SOMEN コインパーキング,SOMEN Coin Parking
5805,松尾寺公園,松尾Temple Park
5806,日本へそ公園駐車場,日本へそPark Parking Area
5807,藤ノ木山自然公園 駐車場,藤ノ木山Nature Park Parking Area
5808,林間広場,林間Plaza
5809,黒井城跡 無料駐車場,黒井Castle跡 Free Parking Area
5810,氷上さくら公園 駐車場,氷上Sakura Park Parking Area
5811,井ノ奥公園 駐車場,井ノ奥Park Parking Area
5812,道の駅 山田錦発祥のまち・多可,Roadside Station 山田錦発祥のまち・多可
5813,ザ・パーク 姫路花影町1丁目,ザ・Park Himeji花影町1丁目
5814,難波中パーキング,難波中パーKing
5815,コインパーキング ブレイク24,Coin Parking ブレイク24
5816,城山公園,Castle山Park
5817,城下町東広場駐車場,Castle下町東Plaza Parking Area
5818,牡蠣の朋,牡蠣の朋
5819,道の駅 織部の里もとす,Roadside Station 織部 no Satoもとす
5820,からすき谷公園（標高188m）,からすき谷Park（標高188m）
5821,庄川水記念公園,庄 River水記念Park
5822,トップワン西宮第１駐車場 阪神今津駅付近の有料コインパーキング,トップワン西宮第１Parking Area 阪神今津駅付近のPaid Coin Parking
5823,鈴鹿臨時駐車場 (下りのみ)（期間限定PA？）,鈴鹿臨時Parking Area (下りのみ)（期間限定PA？）
5824,横山展望台,横山Observation Deck
5825,犬ヶ岬園地（丹後松島展望所）,犬ヶCape Recreation Area（丹後Matsushima展望所）
5826,道の駅 瑞穂の里・さらびき,Roadside Station 瑞穂 no Sato・さらびき
5827,土山SA（上下集約）,土山SA（上下集約）
5828,道の駅 丹後王国 食のみやこ（旧名称：道の駅 丹後あじわいの郷）,Roadside Station 丹後王国 食のみやこ（旧名称：Roadside Station 丹後あじわい no Sato）
5829,P-CLUB日暮通,P-CLUB日暮通
5830,東員町中部公園,東員町中部Park
5831,道の駅 ラステンほらど,Roadside Station ラステンほらど
5832,道の駅 夢さんさん谷汲,Roadside Station 夢さんさん谷汲
5833,道の駅 うなづき,Roadside Station うなづき
5834,道の駅 したら,Roadside Station したら
5835,道の駅 南飛騨小坂はなもも,Roadside Station 南飛騨小坂はなもも
5836,谷瀬の吊り橋,谷瀬の吊り橋
5837,道の駅 熊野・花の窟,Roadside Station Kumano・花の窟
5838,大斎原入口・駐車場 狭い無料駐車場,大斎原入口・Parking Area 狭いFree Parking Area
5839,イカの駅つくモール,イカの駅つくモール
5840,ディオ大東店,ディオ大東店
5841,宇奈月駅前の有料駐車場,宇奈月Station Front Paid Parking Area
5842,市営小幡観光駐車場,City-run小幡Sightseeing Parking Area
5843,道の駅 のとじま,Roadside Station のとじま
5844,（変質者 出没注意）源氏浜 無料駐車場 琵琶湖,（変質者 出没注意）源氏Beach Free Parking Area Lake Biwa
5845,味仙 今池本店,味仙 今Pond Main Store
5846,麺屋はなび 高畑本店,麺屋はなび 高畑Main Store
5847,カレーのチャンピオン 野々市本店,カレーのチャンピオン 野々市Main Store
5848,道の駅 銀の馬車道・神河,Roadside Station 銀の馬車道・神 River
5849,創造の泉,創造の泉
5850,鈴鹿PA（PIT SUZUKA）（新名神高速道路）,鈴鹿PA（PIT SUZUKA）（新名神高速道路）
5851,吹田SA,吹田SA
5852,大府PA（下り側ぷらっとパーク24時間OK）,大府PA（下り側ぷらっとPark24時間OK）
5853,池ノ平公園,Pondノ平Park
5854,吉備湯浅PA(下),吉備湯浅PA(下)
5855,松ノ木峠PA,松ノ木Pass PA
5856,立雲峡駐車場,立雲峡Parking Area
5857,天橋立,天橋立
5858,鶴仙渓,鶴仙渓
5859,ビーナスブリッジ＆ビーナステラス,ビーナスブリッジ＆ビーナスTerrace
5860,摩耶山 掬星台,摩耶山 掬星台
5861,下福島公園のコインパーキング,下Fukushima Park Coin Parking
5862,貪瞋癡(とんじんち),貪瞋癡(とんじんち)
5863,洋食の朝日,洋食の朝日
5864,うなふじ（最強コスパ）,うなふじ（最強コSpa）
5865,美はる,美はる
5866,櫟本高塚公園,櫟本高塚Park
5867,松岡公園,松岡Park
5868,南寝屋川公園,南寝屋 River Park
5869,鶉緑地,鶉Green Space
5870,道の駅 内灘サンセットパーク,Roadside Station 内灘サンセットPark
5871,奥卯辰山健民公園,奥卯辰山健民Park
5872,水橋温泉 ごくらくの湯,水橋Hot Spring ごくらく Hot Bath
5873,小浜公園,小Beach Park
5874,神戸ハーバーランドumie,KobeハーバーLandumie
5875,道の駅 みなべ,Roadside Station みなべ
5876,道の駅 桜峠,Roadside Station 桜Pass
5877,別所岳SA（上下あり）,別所岳SA（上下Available）
5878,越中境PA,越中境PA
5879,まきがね公園,まきがねPark
5880,赤目四十八滝,赤目四十八Waterfall
5881,旭湯（京都市）,旭湯（Kyoto City）
5882,ごろごろ水採水場,ごろごろ水採水場
5883,どんと屋,どんと屋
5884,むろいけ園地 大阪 穴場車中泊スポット（路上駐車）,むろいけRecreation Area Osaka 穴場Car Overnight Spot（路上駐車）
5885,第一旭 槙島店,No.1旭 槙島店
5886,大枝公園,大枝Park
5887,亀すし 総本店,亀すし 総Main Store
5888,箕面大滝,箕面大Waterfall
5889,とんかつ ひろ喜,とんかつ ひろ喜
5890,ラーメン紡,Ramen紡
5891,樫野埼灯台駐車場,樫野埼灯台Parking Area
5892,嵐山,嵐山
5893,道の駅 奥熊野古道ほんぐう,Roadside Station 奥Kumano古道ほんぐう
5894,（トイレ無しなので注意）伊勢やすらぎ公園墓地駐車場,（No Restroomなので注意）IseやすらぎPark墓地Parking Area
5895,西宮名塩SA,西宮名塩SA
5896,西紀SA,西紀SA
5897,北側入り口,North Side入り口
5898,生駒山展望台,生駒山Observation Deck
5899,泉神社湧水,泉Shrine Natural Spring
5900,恵利原の水穴（天の岩戸）（えりはらのみずあな,恵利原 Spring Water穴（天の岩戸）（えりはらのみずあな
5901,東山（清水寺）,東山（Shimizu Temple）
5902,大仙陵古墳（大山古墳）,大仙陵古墳（Daisen古墳）
5903,東大寺、正倉院,東大Temple、正倉院
5904,古都京都の文化財（説明用アイコン）,古都Kyotoの文化財（説明用アイコン）
5905,法隆寺地域の仏教建造物,法隆Temple地域の仏教建造物
5906,伏見の御香水,伏見の御香水
5907,十王村の水,十王-mura Spring Water
5908,磯清水,磯Shimizu
5909,龍神の湧水,Ryujin Natural Spring
5910,野中の清水,野中のShimizu
5911,離宮の水,離宮 Spring Water
5912,神戸牛丼 広重,Kobe牛丼 広重
5913,長篠設楽原PA（ナガシノシタラガハラ）,長篠設楽原PA（ナガシノシタラガハラ）
5914,岡崎SA（NEOPASA岡崎）,岡崎SA（NEOPASA岡崎）
5915,鴻の湯駐車場,鴻 Hot Bath Parking Area
5916,上荒川PA,上荒 River PA
5917,森小路PA(ミニPA),森小路PA(ミニPA)
5918,高雄（神護寺）,高雄（神護Temple）
5919,熊野市紀和町河原,Kumano City紀和-cho River原
5920,とりいち明和店,とりいち明和店
5921,牛銀 本店、洋食屋牛銀,牛銀 Main Store、洋食屋牛銀
5922,名産松阪肉 朝日屋,名産松阪肉 朝日屋
5923,五斗蒔PA,五斗蒔PA
5924,湯〜とぴあ宝（宿泊可能な健康ランド）,湯〜とぴあ宝（宿泊可能なHealth Land）
5925,手取峡谷,手取峡谷
5926,若草山 奈良市 新日本三大夜景,若草山 Nara City 新日本三大夜景
5927,道の駅 蓮如の里あわら,Roadside Station 蓮如 no Satoあわら
5928,道の駅 ようか但馬蔵,Roadside Station ようか但馬蔵
5929,道の駅 倶利伽羅 源平の郷,Roadside Station 倶利伽羅 源平 no Sato
5930,道の駅 うみんぴあ大飯,Roadside Station うみんぴあ大飯
5931,道の駅 桜の郷 荘川,Roadside Station 桜 no Sato 荘 River
5932,道の駅 とぎ海街道,Roadside Station とぎ海街道
5933,道の駅 メルヘンおやべ（風呂とは別にコインシャワー）,Roadside Station メルヘンおやべ（風呂とは別にコインシャワー）
5934,道の駅 庄川,Roadside Station 庄 River
5935,道の駅 すさみ,Roadside Station すさみ
5936,道の駅 神鍋高原,Roadside Station 神鍋Highland
5937,道の駅 越前,Roadside Station 越前
5938,道の駅 あゆの里 矢田川,Roadside Station あゆ no Sato 矢田 River
5939,宝達志水町 志乎・桜の里 古墳公園,宝達志水-cho 志乎・桜 no Sato 古墳Park
5940,ほおのき平駐車場,ほおのき平Parking Area
5941,道の駅 星のふる里ふじはし,Roadside Station 星のふる里ふじはし
5942,道の駅 飛騨金山ぬく森の里温泉 道の温泉駅かれん,Roadside Station 飛騨金山ぬく森 no Sato Hot Spring 道のHot Spring駅かれん
5943,道の駅 椿はなの湯,Roadside Station 椿はな Hot Bath
5944,道の駅 シーサイド高浜,Roadside Station シーSide高Beach
5945,市ノ瀬駐車場（白山登山口）,市ノ瀬Parking Area（白山登Yamaguchi）
5946,道の駅 スプリングスひよし,Roadside Station スプリングスひよし
5947,花はす公園駐車場,花はすPark Parking Area
5948,道の駅 みのかも（ぎふ清流里山公園）（旧：日本昭和村）,Roadside Station みのかも（ぎふ清流里山Park）（旧：日本Showa-mura）
5949,刈谷市総合運動公園 駐車場,刈谷市総合Sports Park Parking Area
5950,かどや食堂（豊岡市）,かどやDiner（豊岡市）
5951,まつもとの来来憲,まつもとの来来憲
5952,四日市港ポートビル うみてらす14,四日市Portポートビル うみてらす14
5953,なみへい,なみへい
5954,垂坂公園 展望台,垂坂Park Observation Deck
5955,木場潟公園 東園地,木場潟Park 東Recreation Area
5956,いきいきパークみさき,いきいきParkみさき
5957,愛宕池公園,愛宕Pond Park
5958,桃源郷運動公園,桃源郷Sports Park
5959,烏丸記念公園,烏丸記念Park
5960,矢橋帰帆 島公園,矢橋帰帆 島Park
5961,松ヶ崎公園 グラウンド,松ヶ崎Park グラウンド
5962,松阪高須グラウンド,松阪高須グラウンド
5963,笠松みなと公園,笠松Port Park
5964,伊香立公園,伊香立Park
5965,WASAMATA HUTTE,WASAMATA HUTTE
5966,国営木曽三川公園 東海広場 東エリア,国営木曽三 River Park 東海Plaza 東Area
5967,吉野川河川敷公園リバーパークおおよど,Yoshino River River River敷ParkリバーParkおおよど
5968,下呂 縄文公園 峰一合遺跡公園,Gero 縄文Park 峰一合遺跡Park
5969,勝浦港桟橋駐車場 勝浦漁港緑地公園 無料駐車場,勝浦Port桟橋Parking Area 勝浦Fishing Port Green Space Park Free Parking Area
5970,紀三井寺の三井水,紀三井Templeの三井水
5971,吉野山,Yoshino山
5972,宇治橋上流の桜,宇治橋Upstreamの桜
5973,岡崎公園（愛知）,岡崎Park（愛知）
5974,霞間ヶ渓公園（岐阜）,霞間ヶ渓Park（岐阜）
5975,海津大崎（滋賀）,海津大崎（滋賀）
5976,笠置山自然公園（京都）,笠置山Nature Park（Kyoto）
5977,紀三井寺（和歌山）,紀三井Temple（Wakayama）
5978,吉野山（奈良）,Yoshino山（Nara）
5979,宮川堤（三重）,宮 River堤（三重）
5980,郡山城跡（奈良）,Koriyama Castle跡（Nara）
5981,五条川の桜並木（愛知）,五条 Riverの桜並木（愛知）
5982,根尾谷淡墨桜（岐阜）,根尾谷淡墨桜（岐阜）
5983,根來寺（和歌山）,根來Temple（Wakayama）
5984,三多気（三重）,三多気（三重）
5985,山崎川四季の道（愛知）,山崎 River四季の道（愛知）
5986,七川ダム湖（和歌山）,七 River Dam Lake（Wakayama）
5987,夙川公園（兵庫）,夙 River Park（兵庫）
5988,新境川堤（岐阜）,新境 River堤（岐阜）
5989,仁和寺の御室桜（京都）,仁和Templeの御室桜（Kyoto）
5990,造幣局 桜の通り抜け（大阪）,造幣局 桜のStreet抜け（Osaka）
5991,大阪城公園（大阪）,Osaka Castle Park（Osaka）
5992,醍醐寺（京都）,醍醐Temple（Kyoto）
5993,鶴舞公園（愛知）,鶴舞Park（愛知）
5994,奈良公園（奈良）,Nara Park（Nara）
5995,日岡山公園,日Okayama Park
5996,姫路城（兵庫）,Himeji Castle（兵庫）
5997,豊公園（滋賀）,豊Park（滋賀）
5998,万博記念公園（大阪）,万博記念Park（Osaka）
5999,明石公園（兵庫県）（兵庫）,明石Park（兵庫県）（兵庫）
6000,嵐山（京都）,嵐山（Kyoto）
6001,足羽川桜並木（福井）,足羽 River桜並木（福井）
6002,足羽山公園（福井）,足羽山Park（福井）
6003,松川公園（富山）,松 River Park（富山）
6004,高岡古城公園（富山）,高岡古Castle Park（富山）
6005,兼六園（石川）,兼六園（石 River）
6006,丸岡城（霞ヶ城公園）（福井）,丸岡Castle（霞ヶCastle Park）（福井）
6007,又兵衛桜 駐車場（桜シーズンは駐車一回500円）,又兵衛桜 Parking Area（桜シーズンは駐車一回500円）
6008,哲学の道〜白川疎水通,哲学の道〜白 River疎水通
6009,高石PA,高石PA
6010,泉大津大型専用PA,泉Otsu大型専用PA
6011,南芦屋浜PA,南芦屋Beach PA
6012,香嵐渓,香嵐渓
6013,快活CLUB 24号奈良店,Kaikatsu CLUB 24号Nara店
6014,快活CLUB グランド六甲店,Kaikatsu CLUB グLand六甲店
6015,快活CLUB 新堀川店,Kaikatsu CLUB 新堀 River店
6016,快活CLUB 茶屋が坂駅前店,Kaikatsu CLUB 茶屋が坂Station Front店
6017,快活CLUB城東古市店,Kaikatsu CLUBCastle東古市店
6018,快活CLUB 名古屋競馬場前店,Kaikatsu CLUB 名古屋競馬場前店
6019,快活CLUB 大和高田店,Kaikatsu CLUB 大和高田店
6020,千里浜海岸,千里Beach Coast
6021,黒門市場の東側エリア 安い駐車場多数あり,黒門Market East Side Area 安いParking Area多数Available
6022,黒部峡谷（欅平駅周辺）,黒部峡谷（欅平駅周辺）
6023,黒部峡谷（宇奈月駅周辺）,黒部峡谷（宇奈月駅周辺）
6024,黒部峡谷,黒部峡谷
6025,嵩山の水穴,嵩山 Spring Water穴
6026,とんかつ定,とんかつ定
6027,西山PA,西山PA
6028,尼崎PA(ミニPA),尼崎PA(ミニPA)
6029,刀根PA,刀根PA
6030,屏風山PA,屏風山PA
6031,ドライブステーション板蔵（給水スポット）,ドライブStation板蔵（給水Spot）
6032,香落渓,香落渓
6033,うなぎの初音,うなぎの初音
6034,荒田公園 周辺のコインパーキング,荒田Park Nearby Coin Parking
6035,宇治（興聖寺）,宇治（興聖Temple）
6036,永源寺,永源Temple
6037,下呂温泉,Gero Hot Spring
6038,岩屋堂公園,岩屋堂Park
6039,湖東三山 金剛輪寺,Lake東三山 金剛輪Temple
6040,湖東三山 西明寺,Lake東三山 西明Temple
6041,湖東三山 百済寺（国史跡）,Lake東三山 百済Temple（国史跡）
6042,虎渓山永保寺,虎渓山永保Temple
6043,御在所岳,御在所岳
6044,高野山,Koyasan
6045,山科毘沙門堂,山科毘沙門堂
6046,乗鞍スカイライン,Norikuraスカイライン
6047,大原（三千院）,大原（三千院）
6048,大台ヶ原,大台ヶ原
6049,大本山 東福寺,大本山 東福Temple
6050,談山神社,談山Shrine
6051,中山七里,中山七里
6052,長谷寺（奈良県）,長谷Temple（Nara県）
6053,奈良公園,Nara Park
6054,日吉大社,日吉大社
6055,飛騨美濃せせらぎ街道,飛騨美濃Stream街道
6056,付知峡,付知峡
6057,鳳来寺山,鳳来Temple山
6058,養老公園,養老Park
6059,洛北（貴船神社）,洛北（貴船Shrine）
6060,嵐山（常寂光寺）,嵐山（常寂光Temple）
6061,鶴見緑地駐車場,鶴見Green Space Parking Area
6062,室津PA,室津PA
6063,紀ノ川SA,紀ノ River SA
6064,社PA,社PA
6065,湯の峰温泉 つぼ湯、薬湯,湯の峰Hot Spring つぼ湯、薬湯
6066,千里浜なぎさドライブウェイの公衆トイレ近く,千里BeachなぎさドライブウェイのPublic Restroom近く
6067,岡崎公園駐車場（レンタルサイクルあり）,岡崎Park Parking Area（レンタルサイクルAvailable）
6068,赤福本店,赤福Main Store
6069,ラ・ムー東大阪店,ラ・ムー東Osaka店
6070,兼六園,兼六園
6071,QUICK PIT,QUICK PIT
6072,道の駅 飛騨古川いぶし,Roadside Station 飛騨古 Riverいぶし
6073,道の駅 熊野古道中辺路,Roadside Station Kumano古道中辺路
6074,とりそば下地橋,とりSoba下地橋
6075,七越峯森林公園,七越峯Forest Park
6076,串本 潮岬キャンプ場 水道あり,串本 潮Cape Campground 水道Available
6077,九頭竜湖,九頭竜Lake
6078,金沢まいもん寿司 本店,金沢まいもん寿司 Main Store
6079,上月PA,上月PA
6080,道の駅 瀞峡街道 熊野川,Roadside Station 瀞峡街道 Kumano River
6081,下御霊神社の御香水,下御霊Shrineの御香水
6082,染井の水,染井 Spring Water
6083,ラーメン 無鉄砲本店,Ramen 無鉄砲Main Store
6084,東山山頂公園 展望台,東山Summit Park Observation Deck
6085,RVパーク京都南 鴨川RVサイト,RVPark Kyoto南 鴨 River RVサイト
6086,高安,高安
6087,古和秀水,古和秀水
6088,御清水,御Shimizu
6089,瓜裂清水,瓜裂Shimizu
6090,穴の谷の霊水,穴の谷の霊水
6091,立山玉殿の湧水,立山玉殿のNatural Spring
6092,（夜間閉鎖）日進市総合運動公園,（Night Closure）日進市総合Sports Park
6093,東山墓地,東山墓地
6094,（トイレ遠い）P.ZONE 掬星台,（Restroom遠い）P. ZONE 掬星台
6095,びっくりや,びっくりや
6096,亀八食堂,亀八Diner
6097,道の駅 てんきてんき丹後,Roadside Station てんきてんき丹後
6098,味のお福,味のお福
6099,ラーメン家 みつ葉,Ramen家 みつ葉
6100,道の駅 能登空港,Roadside Station 能登空Port
6101,道の駅 うすずみ桜の里・ねお,Roadside Station うすずみ桜 no Sato・ねお
6102,名古屋トラックステーション,名古屋トラックStation
6103,キリコ会館もてなし広場で御神乗太鼓実演,キリコ会館もてNone Plazaで御神乗太鼓実演
6104,道の駅 パーク七里御浜,Roadside Station Park七里御Beach
6105,海鮮丼専門店 木津 魚市食堂,海鮮丼専門店 木津 魚市Diner
6106,南紀田辺 扇ヶ浜,南紀田辺 扇ヶBeach
6107,伊良湖岬駐車場,伊良Lake Cape Parking Area
6108,道の駅 赤羽根,Roadside Station 赤羽根
6109,たまき水辺の楽校（無料のオートキャンプ場）,たまき水辺の楽校（Free Auto Campground）
6110,コーヒーハウス ロッキー,コーヒーハウス ロッキー
6111,清水坂観光駐車場（京都の車中泊スポット）,Shimizu坂Sightseeing Parking Area（Kyoto Car Overnight Spot）
6112,川島PA,River島PA
6113,龍野西SA（下道用ウェルカムゲート上下24時間OK）,龍野西SA（下道用ウェルカムゲート上下24時間OK）
6114,東大阪環状線 休憩所,東Osaka環状線 休憩所
6115,道の駅 上宝,Roadside Station 上宝
6116,奥飛騨温泉郷,奥飛騨Hot Spring郷
6117,ばーばらラーメン 幸田店,ばーばらRamen 幸田店
6118,けんぞう蕎麦,けんぞう蕎麦
6119,あみだそば 遊歩庵,あみだSoba 遊歩庵
6120,越前そばの里,越前Soba no Sato
6121,行列の出来る店 萬口,行列の出来る店 萬口
6122,永平寺,永平Temple
6123,山源,山源
6124,（有料1000円）六甲ガーデンテラス 神戸の車中泊スポット,（Paid1000円）六甲Garden Terrace Kobe Car Overnight Spot
6125,尼御前SA,尼御前SA
6126,RVパーク京都北,RVPark Kyoto北
6127,ベトコンラーメン 小牧新京,ベトコンRamen 小牧新京
6128,丹後由良海水浴場,丹後由良Swimming Beach
6129,宗祇水（白雲水）（そうぎすい）,宗祇水（白雲水）
6130,弁天前食堂（樫野釣公園センターレストラン）,弁天前Diner（樫野釣Park Center Restaurant）
6131,信濃屋,信濃屋
6132,ふうりん 芦屋店 楓林,ふうりん 芦屋店 楓林
6133,へだまの水,へだま Spring Water
6134,高野山頂岩清水 八葉のめぐみ,Koyasan頂岩Shimizu 八葉のめぐみ
6135,西ざわ笑店,西ざわ笑店
6136,山岡家 音羽蒲郡店,山岡家 音羽蒲郡店
6137,金城温泉元湯,金Castle Hot Spring元湯
6138,安富PA,安富PA
6139,東大阪PA（下り方面、和歌山方面のみなので注意）,東Osaka PA（下り方面、Wakayama方面のみなので注意）
6140,矢場とん 矢場町本店,矢場とん 矢場町Main Store
6141,かつみや,かつみや
6142,ホテル浦島連絡船桟橋,Hotel浦島連絡船桟橋
6143,ポートアイランド北公園,ポートIsland北Park
6144,あつた蓬莱軒 本店,あつた蓬莱軒 Main Store
6145,立山アルペンルート,立山アルペンルート
6146,ひるがの高原SA,ひるがのHighland SA
6147,（冬季限定）川湯温泉 仙人風呂,（冬季限定） River湯Hot Spring 仙人風呂
6148,六甲おとめ塚温泉,六甲おとめ塚Hot Spring
6149,甲良町温水プール・香良の湯,甲良町温水プール・香良 Hot Bath
6150,平和らくらくプラザ,平和らくらくPlaza
6151,新町南共同浴場 新町温泉,新町南Public Bath 新町Hot Spring
6152,井手町共同浴場 いで湯,井手町Public Bath いで湯
6153,松ヶ島共同浴場,松ヶ島Public Bath
6154,とんかつマンジェ,とんかつマンジェ
6155,道の駅 アルプ飛騨古川,Roadside Station アルプ飛騨古 River
6156,神坂PA,神坂PA
6157,揖保川PA,揖保 River PA
6158,串本海中公園,串本海中Park
6159,（トイレ無し）里の駅 大原,（No Restroom）里の駅 大原
6160,やすらぎ砂防公園,やすらぎ砂防Park
6161,松野湖西駐車場,松野Lake西Parking Area
6162,小松原海岸,小松原Coast
6163,小島海岸,小島Coast
6164,京都御所、中立売西駐車場,Kyoto御所、中立売西Parking Area
6165,潮岬の駐車場 トイレあり,潮Cape Parking Area Restroom Available
6166,香嵐渓 宮町駐車場,香嵐渓 宮町Parking Area
6167,三里浜緩衝緑地公園駐車場,三里Beach緩衝Green Space Park Parking Area
6168,淡墨桜駐車場,淡墨桜Parking Area
6169,志方東公園,志方東Park
6170,無料駐車場,Free Parking Area
6171,無料駐車場＆トイレ,Free Parking Area＆Restroom
6172,道の駅 一枚岩,Roadside Station 一枚岩
6173,嵯峨豆腐 森嘉,嵯峨豆腐 森嘉
6174,俺のラーメンあっぱれ屋,俺のRamenあっぱれ屋
6175,但熊,但熊
6176,ヨーロッパ軒 総本店,ヨーロッパ軒 総Main Store
6177,多気PA,多気PA
6178,湖東三山PA,Lake東三山PA
6179,手取渓谷,手取Valley / Gorge
6180,太平洋ロングビーチ（ロングビーチ 伊良湖）,太平洋ロングBeach（ロングBeach 伊良Lake）
6181,煙樹海岸キャンプ場,煙樹Coast Campground
6182,又兵衛桜,又兵衛桜
6183,ぎょうざの美鈴,ぎょうざの美鈴
6184,天理PA,天理PA
6185,みずはの湯,みずは Hot Bath
6186,ヤマダデンキ なんば 駐車場が2時間無料！,ヤマダデンキ なんば Parking Areaが2時間Free！
6187,ファミリーマート 安治川口駅西店 周辺のコインパーキング,Familyマート 安治 River口駅西店 Nearby Coin Parking
6188,セブン-イレブン 大阪桜島3丁目店 周辺のコインパーキング,セブン-イレブン Osaka桜島3丁目店 Nearby Coin Parking
6189,高山ダム湖公園,高山Dam Lake Park
6190,滝畑ダム 北側駐車場,Waterfall畑Dam North Side Parking Area
6191,健民海浜公園,健民Seaside Park
6192,黄檗公園,黄檗Park
6193,京田辺PA,京田辺PA
6194,丸岡城 駐車場,丸岡Castle Parking Area
6195,中国料理かなめ,中国料理かなめ
6196,亀山PA,亀山PA
6197,東山（永観堂）,東山（永観堂）
6198,中島PA,中島PA
6199,公衆トイレ,Public Restroom
6200,海津大崎トイレ,海津大崎Restroom
6201,ふれあいセンター（生駒）,Community Center（生駒）
6202,"<font color=""red"">（年末年始の臨時駐車場）</font>五十鈴公園北側P",（年末年始の臨時Parking Area）五十鈴Park North Side P
6203,東尋坊,東尋坊
6204,大阪シティバス（大阪市営バス）守口営業所,Osakaシティバス（Osaka City-runバス）守口営業所
6205,宝が池公園 駐車場,宝がPond Park Parking Area
6206,神戸メリケンパーク駐車場,KobeメリケンPark Parking Area
6207,岩倉東公園,岩倉東Park
6208,京阪パーキング三条駅前,京阪パーKing三条Station Front
6209,洋食屋ゆうき,洋食屋ゆうき
6210,JR生地駅前給水ポイント（黒部川扇状地湧水群）,JR生地Station Front給水ポイント（黒部 River扇状地Natural Spring群）
6211,無料駐車場,Free Parking Area
6212,無料駐車場,Free Parking Area
6213,太地町立くじらの博物館前駐車場,太地町立くじらのMuseum前Parking Area
6214,三国山駐車場（有料キャンプ場併設）,三国山Parking Area（Paid Campground併設）
6215,朽木キャンプ場,朽木Campground
6216,道の駅 細入,Roadside Station 細入
6217,おりおり2,おりおり2
6218,東山物産,東山物産
6219,はし家,はし家
6220,新玉亭,新玉亭
6221,なかしん,なかしん
6222,京橋PA(神戸),京橋PA(Kobe)
6223,北鯖江PA,北鯖江PA
6224,淡路北スマートICから入って淡路SAを利用可能,淡路北スマートICから入って淡路SAを利用可能
6225,知多美浜 野間海岸ステーション,知多美Beach 野間Coast Station
6226,フルーツランド南国,フルーツLand南国
6227,堺浜楽天温泉祥福,堺Beach楽天Hot Spring祥福
6228,極楽湯 福井店,Gokurakuyu 福井店
6229,天然温泉かきつばた,Natural Hot Springかきつばた
6230,天然温泉 風の森,Natural Hot Spring 風 Forest
6231,金沢ゆめのゆ,金沢ゆめのゆ
6232,ゆdesse枚方 泉の湯（旧：スパバレイ枚方南）,ゆdesse枚方 泉 Hot Bath（旧：Spaバレイ枚方南）
6233,名湯宝乃湯,名湯宝乃湯
6234,クアハウス長島,クアハウス長島
6235,美人の湯しろとり かみほの湯,美人 Hot Bathしろとり かみほ Hot Bath
6236,あかねの湯 姫路南店,あかね Hot Bath Himeji南店
6237,松阪温泉熊野の郷,松阪Hot Spring Kumano no Sato
6238,花しょうぶ（鈴鹿）,花しょうぶ（鈴鹿）
6239,名東温泉 花しょうぶ,名東Hot Spring 花しょうぶ
6240,ゆららの湯 押熊店,ゆらら Hot Bath 押熊店
6241,たかお温泉 光の湯,たかおHot Spring 光 Hot Bath
6242,風の湯河内長野店,風 Hot Bath River内Nagano店
6243,入の波温泉 山鳩湯,入の波Hot Spring 山鳩湯
6244,龍の湯,龍 Hot Bath
6245,牧歌の里 温泉・牧華（冬季のみ営業）,牧歌 no Sato Hot Spring・牧華（冬季のみ営業）
6246,天然露天温泉スパスミノエ,Natural露天Hot Spring Spaスミノエ
6247,伊勢みたすの湯,Iseみたす Hot Bath
6248,橿原ぽかぽか温泉,橿原ぽかぽかHot Spring
6249,ひめしゃがの湯,ひめしゃが Hot Bath
6250,淀川花火大会の無料観覧場所,淀 River花火大会のFree観覧場所
6251,太平のゆ なんば店,太平のゆ なんば店
6252,スーパー銭湯＆炭酸泉発祥の店 天空SPA HILLS 竜泉寺の湯 〜りゅうせんじのゆ〜 名古屋守山本店,スーパーPublic Bath＆炭酸泉発祥の店 天空SPA HILLS 竜泉Temple Hot Bath 〜りゅうせんじのゆ〜 名古屋守山Main Store
6253,敦賀きらめき温泉リラ・ポート,敦賀きらめきHot Springリラ・ポート
6254,湯泉地温泉 滝の湯,湯泉地Hot Spring Waterfall Hot Bath
6255,湯の平温泉,湯の平Hot Spring
6256,槍見舘,槍見舘
6257,明宝温泉 湯星館,明宝Hot Spring 湯星館
6258,越のゆ 福井店,越のゆ 福井店
6259,しそう よい温泉 よい温泉観光,しそう よいHot Spring よいHot Spring Sightseeing
6260,天橋立温泉 「智恵の湯」,天橋立Hot Spring 「智恵 Hot Bath」
6261,伊賀の国 大山田温泉 そうぞの森 さるびの,伊賀の国 Daisen田Hot Spring そうぞ Forest さるびの
6262,パルシェ香りの湯,パルシェ香り Hot Bath
6263,龍神温泉 元湯,Ryujin Hot Spring 元湯
6264,とうえい温泉 花まつりの湯,とうえいHot Spring 花まつり Hot Bath
6265,極楽温泉 幸の湯,極楽Hot Spring 幸 Hot Bath
6266,コージュ高鷲（ふたこえ温泉）,コージュ高鷲（ふたこえHot Spring）
6267,スーパー銭湯ふろ屋,スーパーPublic Bathふろ屋
6268,美湯 松帆の郷,美湯 松帆 no Sato
6269,かもきみの湯,かもきみ Hot Bath
6270,亀の井ホテル 大和平群（旧：かんぽの宿 大和平群）,亀の井Hotel 大和平群（旧：かんぽの宿 大和平群）
6271,あさひの湯,あさひ Hot Bath
6272,有馬温泉 金の湯,有馬Hot Spring 金 Hot Bath
6273,片岡温泉 アクアイグニス,片岡Hot Spring アクアイグニス
6274,東浦花の湯,東浦花 Hot Bath
6275,タイムズ芦屋中央公園,タイムズ芦屋Central Park
6276,皆月青少年旅行村キャンプ場、車中泊有料,皆月青少年Vacation Village Campground、Car Overnight Paid
6277,しきぶ温泉湯楽里,しきぶHot Spring Yura里
6278,楽ちんの湯 金沢店,楽ちん Hot Bath 金沢店
6279,スパヒルズ,Spaヒルズ
6280,スーパー銭湯「花の湯」姫路飾磨店,スーパーPublic Bath「花 Hot Bath」Himeji飾磨店
6281,ふれあいの里ささみね 牛岳温泉健康センター,Community no Satoささみね 牛岳Hot Spring Health Center
6282,南濃温泉 水晶の湯,南濃Hot Spring 水晶 Hot Bath
6283,四日市 満殿の湯,四日 City 満殿 Hot Bath
6284,健康パークあざい BADEあざい,Health Parkあざい BADEあざい
6285,梅の郷 月ヶ瀬温泉,梅 no Sato 月ヶ瀬Hot Spring
6286,中宮温泉 にしやま旅館,中宮Hot Spring にしやま旅館
6287,町立老人福祉センター中荘温泉,町立老人福祉Center中荘Hot Spring
6288,とがやま温泉 天女の湯,とがやまHot Spring 天女 Hot Bath
6289,ハチ北温泉,ハチ北Hot Spring
6290,入鹿温泉 ホテル瀞流荘,入鹿Hot Spring Hotel瀞流荘
6291,くしはら温泉 ささゆりの湯,くしはらHot Spring ささゆり Hot Bath
6292,奥飛騨温泉ひらゆの森,奥飛騨Hot Springひらゆ Forest
6293,黒滝の湯,黒Waterfall Hot Bath
6294,たかすみ温泉,たかすみHot Spring
6295,銀の湯（有馬温泉）,銀 Hot Bath（有馬Hot Spring）
6296,滑川市民交流プラザ あいらぶ湯,滑 River City民Community Plaza あいらぶ湯
6297,勝山温泉センター水芭蕉,勝山Hot Spring Center水芭蕉
6298,楽だの湯,楽だ Hot Bath
6299,鈴鹿さつき温泉,鈴鹿さつきHot Spring
6300,御食国若狭おばま食文化館 濱の湯,御食国若狭おばま食文化館 濱 Hot Bath
6301,うずしお温泉 ゆとりっく,うずしおHot Spring ゆとりっく
6302,かすみ矢田川温泉,かすみ矢田 River Hot Spring
6303,南あわじリフレッシュ交流ハウス ゆーぷる,南あわじリフレッシュCommunityハウス ゆーぷる
6304,鳳来ゆ～ゆ～ありいな,鳳来ゆ～ゆ～Availableいな
6305,三田洞神仏温泉,三田洞神仏Hot Spring
6306,箕輪の里温泉,箕輪 no Sato Hot Spring
6307,ヘルシー温泉タテバ,ヘルシーHot Springタテバ
6308,おふろや和光（大阪市）,おふろや和光（Osaka City）
6309,極楽湯 枚方店,Gokurakuyu 枚方店
6310,極楽湯東大阪店,Gokurakuyu東Osaka店
6311,梅香温泉,梅香Hot Spring
6312,末広湯,末広湯
6313,平和温泉,平和Hot Spring
6314,大福湯（大阪市）,大福湯（Osaka City）
6315,ふろやさんわ,ふろやさんわ
6316,宝栄湯（大阪市）,宝栄湯（Osaka City）
6317,北中島新温泉,北中島新Hot Spring
6318,末盛湯（大阪市）,末盛湯（Osaka City）
6319,新大庭温泉,新大庭Hot Spring
6320,千鳥温泉(自転車湯),千鳥Hot Spring(自転車湯)
6321,入船温泉（西成区）,入船Hot Spring（西成区）
6322,夢の公衆浴場 五色,夢の公衆Bathhouse Goshiki
6323,新小春温泉,新小春Hot Spring
6324,ふれ愛温泉矢田,ふれ愛Hot Spring矢田
6325,シーサイドヴィラ渤海,シーSideヴィラ渤海
6326,ひょっこり温泉 島の湯,ひょっこりHot Spring 島 Hot Bath
6327,湯泉地温泉「泉湯」,湯泉地Hot Spring「泉湯」
6328,十津川温泉庵の湯,十津 River Hot Spring庵 Hot Bath
6329,ふれあい温泉 おじろん,Community Hot Spring おじろん
6330,国民宿舎鷹巣荘,国民宿舎鷹巣荘
6331,薬師湯殿,薬師湯殿
6332,清児の湯,清児 Hot Bath
6333,明日香村健康福祉センター たちばな 太子の湯,明日香村Health福祉Center たちばな 太子 Hot Bath
6334,辻わくわくランド,辻わくわくLand
6335,スーパー銭湯アサヒ乃湯,スーパーPublic Bathアサヒ乃湯
6336,新マネキ温泉,新マネキHot Spring
6337,久美浜温泉 湯元館,久美Beach Hot Spring 湯元館
6338,ジョイフル朴の木 宿儺(すくな)の湯,ジョイフル朴の木 宿儺(すくな) Hot Bath
6339,りすぱ豊橋,りすぱ豊橋
6340,ホテルのせ川,Hotelのせ River
6341,吉野山最大のViewポイント,Yoshino山最大のViewポイント
6342,丸吉湯,丸吉湯
6343,三興湯（尼崎）,三興湯（尼崎）
6344,石田湯,石田湯
6345,銀水湯（京都）,銀水湯（Kyoto）
6346,太秦温泉,太秦Hot Spring
6347,泉湯（京都）,泉湯（Kyoto）
6348,船岡温泉,船岡Hot Spring
6349,湯元山荘 湯ノ口温泉（熊野市）,湯元山荘 湯ノ口Hot Spring（Kumano City）
6350,ユーフォリア千里浜,ユーフォリア千里Beach
6351,サフラン湯,サフラン湯
6352,きいながしま古里温泉,きいながしま古里Hot Spring
6353,里山の湯（辰口温泉総湯）,里山 Hot Bath（辰口Hot Spring総湯）
6354,いなみ交流館ラフォーレ,いなみCommunity館ラフォーレ
6355,湯めどころ宇奈月総湯,湯めどころ宇奈月総湯
6356,日方江温泉,日方江Hot Spring
6357,柳湯（砺波）,柳湯（砺波）
6358,内灘町福祉センター ほのぼの湯,内灘町福祉Center ほのぼ Hot Bath
6359,丸岡温泉たけくらべ,丸岡Hot Springたけくらべ
6360,昭和レトロ銭湯 一乃湯,ShowaレトロPublic Bath 一乃湯
6361,三国温泉 ゆあぽーと,三国Hot Spring ゆあぽーと
6362,余熱館ささおか,余熱館ささおか
6363,星のくに・大塔温泉星乃湯,星のくに・大塔Hot Spring星乃湯
6364,和倉温泉総湯,和倉Hot Spring総湯
6365,白浜温泉 崎の湯,Shirahama Hot Spring 崎 Hot Bath
6366,下市温泉 秋津荘 明水館,下市Hot Spring 秋津荘 明水館
6367,斑鳩町ふれあい交流センター いきいきの里,斑鳩町Community Community Center いきいき no Sato
6368,白龍の湯,白龍 Hot Bath
6369,山中温泉総湯 菊の湯,山中Hot Spring総湯 菊 Hot Bath
6370,村岡温泉（兵庫県）,村岡Hot Spring（兵庫県）
6371,境鉱泉,境鉱泉
6372,ゆうあいの里 ふれあいセンター,ゆうあい no Sato Community Center
6373,シェア金沢 天然温泉,シェア金沢 Natural Hot Spring
6374,串本温泉 サンゴの湯,串本Hot Spring サンゴ Hot Bath
6375,水橋温泉 ごくらくの湯,水橋Hot Spring ごくらく Hot Bath
6376,ゆハウス となみのゆ,ゆハウス となみのゆ
6377,湯谷温泉（富山）,湯谷Hot Spring（富山）
6378,ピュア涌泉寺,ピュア涌泉Temple
6379,有磯の湯,有磯 Hot Bath
6380,霞の郷温泉,霞 no Sato Hot Spring
6381,pocapoca諸江の湯,pocapoca諸江 Hot Bath
6382,鯖江市地域交流センター 市民ホールつつじ,鯖江市地域Community Center 市民ホールつつじ
6383,プラ座ゆ,プラ座ゆ
6384,高田温泉 さくら荘,高田Hot Spring Sakura荘
6385,道の駅 あわじの生しらす丼,Roadside Station あわじの生しらす丼
6386,キューピー湯,キューピー湯
6387,柚耶の里,柚耶 no Sato
6388,湯ったりハウス（姫路）,湯ったりハウス（Himeji）
6389,湯あそびひろば憩いの湯,湯あそびひろば憩い Hot Bath
6390,千代の湯（加古川）,千代 Hot Bath（加古 River）
6391,湯屋 鷹の湯 （公衆浴場）,湯屋 鷹 Hot Bath （公衆Bathhouse）
6392,離宮の湯,離宮 Hot Bath
6393,下呂温泉 幸乃湯,Gero Hot Spring 幸乃湯
6394,有松温泉れもん湯,有松Hot Springれもん湯
6395,木場温泉,木場Hot Spring
6396,かたらいの里,かたらい no Sato
6397,下呂温泉 白鷺の湯,Gero Hot Spring 白鷺 Hot Bath
6398,松乃湯,松乃湯
6399,橋本市エコパーク紀望の里,橋本市エコPark紀望 no Sato
6400,あみーシャン大飯,あみーシャン大飯
6401,総合福祉センター（竜吟荘）,総合福祉Center（竜吟荘）
6402,共同浴場いずみ湯,Public Bathいずみ湯
6403,朽木オートキャンプ場,朽木Auto Campground
6404,ほっこり湯（宝塚）,ほっこり湯（宝塚）
6405,あのう温泉,あのうHot Spring
6406,桜井市共同浴場,桜井市Public Bath
6407,浜坂海岸レクリェーションセンター 松の湯,Beach坂CoastレクリェーションCenter 松 Hot Bath
6408,新穂高の湯,新穂高 Hot Bath
6409,荒神の湯,荒神 Hot Bath
6410,都祁福祉センター,都祁福祉Center
6411,平湯民俗館 平湯の湯,平湯民俗館 平湯 Hot Bath
6412,白鳥の湯 亀山市,白鳥 Hot Bath 亀山 City
6413,比良招福温泉の湯元館「ホリデーアフタヌーン」,比良招福Hot Spring Hot Bath元館「ホリデーアフタヌーン」
6414,RVパーク津ぅ,RVPark津ぅ
6415,和歌山市立温泉浴場 芦原共同浴場,Wakayama City立Hot Spring Bathhouse 芦原Public Bath
6416,RVパーク 丹波篠山（※外来入浴不可）,RVPark 丹波篠山（※外来入浴不可）
6417,タイムズ吉野５丁目（大阪の車中泊スポット）,タイムズYoshino５丁目（Osaka Car Overnight Spot）
6418,ショウワパーク今福東,ショウワPark今福東
6419,西成のコインパーキング,西成のCoin Parking
6420,巽東緑地,巽東Green Space
6421,リパーク守口市駅前第２（大阪の車中泊スポット）,リPark守口市Station Front第２（Osaka Car Overnight Spot）
6422,三井のリパーク 神戸大石南町１丁目,三井のリPark Kobe大石南町１丁目
6423,リパーク 垂水学が丘４丁目第３,リPark 垂水学が丘４丁目第３
6424,ワールドパーク鳳駐車場,ワールドPark鳳Parking Area
6425,三井のリパーク 東園田町２丁目第２,三井のリPark 東園田町２丁目第２
6426,パラカ 大阪市瓦屋町第１,パラカ Osaka City瓦屋町第１
6427,明石海浜公園,明石Seaside Park
6428,大蔵海岸駐車場,大蔵Coast Parking Area
6429,越前おおの結ステーション多目的広場兼駐車場,越前おおの結Station Multi-purpose Plaza兼Parking Area
6430,ラ・ムー 神戸灘店,ラ・ムー Kobe灘店
6431,タイムズ新高５丁目（トイレ遠い）,タイムズ新高５丁目（Restroom遠い）
6432,舞洲緑地東駐車場,舞洲Green Space東Parking Area
6433,赤穂市 丸山県民サンビーチ️,赤穂 City 丸山県民サンBeach
6434,大阪府守口市 土居公園 周辺のコインパーキング️,Osaka府守口 City 土居Park Nearby Coin Parking
6435,道の駅 パレットピアおおの（暴走族のたまり場）,Roadside Station パレットピアおおの（暴走族のたまり場）
6436,道の駅 池田温泉️（※DQNが集まる可能性あり）,Roadside Station Pond田Hot Spring（※DQNが集まる可能性Available）
6437,道の駅 丹波おばあちゃんの里,Roadside Station 丹波おばあちゃん no Sato
6438,道の駅 村岡ファームガーデン,Roadside Station 村岡ファームGarden
6439,道の駅 あおがき,Roadside Station あおがき
6440,道の駅 なかじまロマン峠,Roadside Station なかじまロマンPass
6441,道の駅 ハチ北,Roadside Station ハチ北
6442,道の駅 やぶ,Roadside Station やぶ
6443,道の駅 ころ柿の里しか,Roadside Station ころ柿 no Satoしか
6444,道の駅 KOKOくろべ,Roadside Station KOKOくろべ
6445,道の駅 ウェーブパークなめりかわ,Roadside Station ウェーブParkなめりかわ
6446,道の駅 能登食祭市場,Roadside Station 能登食祭Market
6447,道の駅 万葉の里 高岡,Roadside Station Manyo no Sato 高岡
6448,道の駅 山陰海岸ジオパーク浜坂の郷,Roadside Station 山陰CoastジオPark Beach坂 no Sato
6449,道の駅 北はりまエコミュージアム,Roadside Station 北はりまエコミュージアム
6450,道の駅 のと千里浜,Roadside Station のと千里Beach
6451,古洞の森温泉,古洞 Forest Hot Spring
6452,道の駅 ちはやあかさか,Roadside Station ちはやあかさか
6453,道の駅 かなん,Roadside Station かなん
6454,道の駅 吉野路上北山,Roadside Station Yoshino路上北山
6455,道の駅 杉の湯 川上,Roadside Station 杉 Hot Bath River上
6456,道の駅 根来さくらの里,Roadside Station 根来Sakura no Sato
6457,道の駅 とうじょう,Roadside Station とうじょう
6458,道の駅 宇陀路室生,Roadside Station 宇陀路室生
6459,道の駅 柿の郷くどやま,Roadside Station 柿 no Satoくどやま
6460,道の駅 みき（道の駅 三木）,Roadside Station みき（Roadside Station 三木）
6461,道の駅 ねごろ歴史の丘,Roadside Station ねごろ歴史 Hill
6462,道の駅 愛彩ランド,Roadside Station 愛彩Land
6463,古墳の湯,古墳 Hot Bath
6464,道の駅 なら歴史芸術文化村,Roadside Station なら歴史芸術文化-mura
6465,道の駅 針T・R・S（テラス）（暴走族の集会場）,Roadside Station 針T・R・S（Terrace）（暴走族の集会場）
6466,道の駅 藤川宿,Roadside Station 藤 River宿
6467,道の駅 筆柿の里・幸田,Roadside Station 筆柿 no Sato・幸田
6468,道の駅 浅井三姉妹の郷,Roadside Station 浅井三姉妹 no Sato
6469,道の駅 伊吹の里 旬彩の森,Roadside Station 伊吹 no Sato 旬彩 Forest
6470,道の駅 月見の里・南濃、南濃温泉️ 月見の森 駐車場,Roadside Station 月見 no Sato・南濃、南濃Hot Spring 月見 Forest Parking Area
6471,道の駅 パスカル清見,Roadside Station パスカル清見
6472,道の駅 吉野路 黒滝,Roadside Station Yoshino路 黒Waterfall
6473,道の駅 大和路へぐり,Roadside Station 大和路へぐり
6474,道の駅 マチテラス日進,Roadside Station マチTerrace日進
6475,道の駅 花街道付知,Roadside Station 花街道付知
6476,道の駅 白川郷,Roadside Station 白 River郷
6477,道の駅 古今伝授の里やまと,Roadside Station 古今伝授 no Satoやまと
6478,道の駅 瀬戸しなの,Roadside Station 瀬戸しなの
6479,道の駅 むげ川,Roadside Station むげ River
6480,道の駅 柳津,Roadside Station 柳津
6481,道の駅 にしお岡ノ山,Roadside Station にしお岡ノ山
6482,道の駅 美並,Roadside Station 美並
6483,道の駅 モンデウス飛騨位山️,Roadside Station モンデウス飛騨位山
6484,道の駅 美濃にわか茶屋,Roadside Station 美濃にわか茶屋
6485,道の駅 五木のやかた・かわうえ,Roadside Station 五木のやかた・かわうえ
6486,道の駅 吉野路大淀ｉセンター,Roadside Station Yoshino路大淀ｉCenter
6487,道の駅 飛騨白山️,Roadside Station 飛騨白山
6488,（新）中島PA,（新）中島PA
6489,道の駅 清流の里しろとり,Roadside Station 清流 no Satoしろとり
6490,道の駅 志野・織部,Roadside Station 志野・織部
6491,道の駅 大日岳,Roadside Station 大日岳
6492,道の駅 白山文化の里長滝（旧：道の駅 白鳥）,Roadside Station 白山文化 no Sato長Waterfall（旧：Roadside Station 白鳥）
6493,道の駅 ななもり清見,Roadside Station ななもり清見
6494,道の駅 お茶の京都 みなみやましろ村,Roadside Station お茶のKyoto みなみやましろ-mura
6495,大阪木津市場２階コインパーキング(屋内),Osaka木津Market２階Coin Parking(屋内)
6496,刈谷PA,刈谷PA
6497,道の駅 とよはし,Roadside Station とよはし
6498,道の駅 デンパーク安城,Roadside Station デンPark安Castle
6499,道の駅 あいおい白龍城、相生市立 中央公園️,Roadside Station あいおい白龍Castle、相生市立 Central Park
6500,道の駅 しんぐう,Roadside Station しんぐう
6501,道の駅 福良,Roadside Station 福良
6502,道の駅 さかい（福井県）,Roadside Station さかい（福井県）
6503,道の駅 南えちぜん山海里,Roadside Station 南えちぜん山海里
6504,道の駅 砺波、チューリップ公園,Roadside Station 砺波、チューリップPark
6505,道の駅 越前たけふ,Roadside Station 越前たけふ
6506,道の駅 若狭おばま,Roadside Station 若狭おばま
6507,淡路SA、ハイウェイオアシス,淡路SA、Highway Oasis
6508,道の駅 みくに,Roadside Station みくに
6509,道の駅 西山公園,Roadside Station 西山Park
6510,道の駅 一向一揆の里,Roadside Station 一向一揆 no Sato
6511,南条SA,南条SA
6512,道の駅 若狭美浜はまびより,Roadside Station 若狭美Beachはまびより
6513,道の駅 雨晴,Roadside Station 雨晴
6514,道の駅 河野,Roadside Station River野
6515,道の駅 一乗谷あさくら水の駅,Roadside Station 一乗谷あSakura水の駅
6516,道の駅 妹子の郷,Roadside Station 妹子 no Sato
6517,桜ヶ池クアガーデン駐車場,桜ヶPondクアGarden Parking Area
6518,城端（ジョウハナ）SA、下道用のぷらっとパークあり,Castle端（ジョウハナ）SA、下道用のぷらっとPark Available
6519,（Sランクは上り側（福井方面）のみ）徳光PA（風呂とは別にコインシャワー）,（Sランクは上り側（福井方面）のみ）徳光PA（風呂とは別にコインシャワー）
6520,道の駅 氷見,Roadside Station 氷見
6521,道の駅 夜叉ヶ池の里さかうち,Roadside Station 夜叉ヶPond no Satoさかうち
6522,道の駅 こまつ木場潟,Roadside Station こまつ木場潟
6523,道の駅 福光 なんといっぷく茶屋,Roadside Station 福光 なんといっぷく茶屋
6524,道の駅 パークイン丹生ヶ丘,Roadside Station Parkイン丹生ヶ丘
6525,道の駅 くつき新本陣,Roadside Station くつき新本陣
6526,道の駅 恐竜渓谷かつやま,Roadside Station 恐竜Valley / Gorgeかつやま
6527,道の駅 びわ湖大橋米プラザ,Roadside Station びわLake大橋米Plaza
6528,"道の駅 めぐみ白山<font color=""red"">（※爆音改造車が集まる場合あり）</font>",Roadside Station めぐみ白山（※爆音改造車が集まる場合Available）
6529,道の駅 あわじ,Roadside Station あわじ
6530,道の駅 井波,Roadside Station 井波
6531,道の駅 若狭熊川宿,Roadside Station 若狭熊 River宿
6532,道の駅 しらやまさん,Roadside Station しらやまさん
6533,道の駅 しんあさひ風車村,Roadside Station しんあさひ風車-mura
6534,道の駅 三方五湖,Roadside Station 三方五Lake
6535,道の駅 禅の里,Roadside Station 禅 no Sato
6536,道の駅 瀬女,Roadside Station 瀬女
6537,たけくらべ広場キャンプ場,たけくらべPlaza Campground
6538,道の駅 まるごと射水（旧：道の駅 カモンパーク新湊）,Roadside Station まるごと射水（旧：Roadside Station カモンPark新湊）
6539,霞の郷温泉,霞 no Sato Hot Spring
6540,三国サンセットビーチ,三国サンセットBeach
6541,富山市 春日公園、春日児童公園,富山 City 春日Park、春日児童Park
6542,鶴姫公園（※トイレ閉鎖）,鶴姫Park（※Restroom閉鎖）
6543,道の駅 四季の郷公園 FOOD HUNTER PARK,Roadside Station 四季 no Sato Park FOOD HUNTER PARK
6544,道の駅 丹波マーケス,Roadside Station 丹波マーケス
6545,道の駅 ふたかみパーク當麻,Roadside Station ふたかみPark當麻
6546,道の駅 きりら坂下,Roadside Station きりら坂下
6547,道の駅 宇陀路大宇陀,Roadside Station 宇陀路大宇陀
6548,道の駅 京丹波 味夢の里,Roadside Station 京丹波 味夢 no Sato
6549,道の駅 紀ノ川万葉の里,Roadside Station 紀ノ River Manyo no Sato
6550,道の駅 青洲の里,Roadside Station 青洲 no Sato
6551,道の駅 但馬楽座,Roadside Station 但馬楽座
6552,道の駅 しらとりの郷・羽曳野,Roadside Station しらとり no Sato・羽曳野
6553,道の駅 賤母,Roadside Station 賤母
6554,道の駅 京都新光悦村,Roadside Station Kyoto新光悦-mura
6555,道の駅 龍游館,Roadside Station 龍游館
6556,道の駅 くしがきの里,Roadside Station くしがき no Sato
6557,道の駅 明恵ふるさと館,Roadside Station 明恵Hometown館
6558,道の駅 上矢作ラ・フォーレ福寿の里,Roadside Station 上矢作ラ・フォーレ福寿 no Sato
6559,道の駅 龍神,Roadside Station Ryujin
6560,道の駅 しらまの里,Roadside Station しらま no Sato
6561,道の駅 ふるさとセンター大塔,Roadside Station Hometown Center大塔
6562,道の駅 どんぐりの里いなぶ,Roadside Station どんぐり no Satoいなぶ
6563,道の駅 レスティ 唐古・鍵,Roadside Station レスティ 唐古・鍵
6564,道の駅 かつらぎ,Roadside Station かつらぎ
6565,道の駅 但馬のまほろば,Roadside Station 但馬のまほろば
6566,道の駅 そばの郷らっせぃみさと,Roadside Station Soba no Satoらっせぃみさと
6567,道の駅 農匠の郷やくの ※温泉は休館中,Roadside Station 農匠 no Satoやくの ※Hot Springは休館中
6568,道の駅 可児ッテ「ＣＡＮＩＴＴＥ」,Roadside Station 可児ッテ「ＣＡＮＩＴＴＥ」
6569,道の駅 平成,Roadside Station 平成
6570,道の駅 イノブータンランド・すさみ,Roadside Station イノブータンLand・すさみ
6571,道の駅 くちくまの,Roadside Station くちくまの
6572,道の駅 奥河内くろまろの郷,Roadside Station 奥 River内くろまろ no Sato
6573,道の駅 かつらぎ西（かつらぎ西PA）,Roadside Station かつらぎ西（かつらぎ西PA）
6574,道の駅 いずみ山愛の里,Roadside Station いずみ山愛 no Sato
6575,道の駅 茶倉駅,Roadside Station 茶倉駅
6576,道の駅 美杉,Roadside Station 美杉
6577,道の駅 伊勢本街道 御杖,Roadside Station Ise本街道 御杖
6578,宇陀市 心の森総合福祉公園、大宇陀温泉 あきののゆ駐車場,宇陀 City 心 Forest総合福祉Park、大宇陀Hot Spring あきののゆParking Area
6579,道の駅 吉野路大塔（風呂は土日祝日限定）,Roadside Station Yoshino路大塔（風呂は土日祝日限定）
6580,桜ヶ池公園駐車場,桜ヶPond Park Parking Area
6581,和泉葛城山駐車場,和泉葛Castle山Parking Area
6582,関SA,関SA
6583,とんかつ あさくら,とんかつ あSakura
6584,名阪上野ドライブイン,名阪上野ドライブイン
6585,甲山森林公園駐車場,甲山Forest Park Parking Area
6586,豊橋PA（下りのみ）,豊橋PA（下りのみ）
6587,八尾PA（吹田方面、北方面のみ）,八尾PA（吹田方面、北方面のみ）
6588,道の駅 熊野きのくに,Roadside Station Kumanoきのくに
6589,道の駅 なち,Roadside Station なち
6590,宝栄湯（有田）,宝栄湯（有田）
6591,辰口町 総合福祉会館（ふれあい温泉）,辰口-cho 総合福祉会館（Community Hot Spring）
6592,RVパーク湯元榊原館,RVPark湯元榊原館
6593,三井のリパーク 八尾陽光園１丁目,三井のリPark 八尾陽光園１丁目
6594,神戸ハーバーランド温泉 万葉倶楽部,KobeハーバーLand Hot Spring Manyo倶楽部
6595,南紀勝浦温泉 ホテル浦島,南紀勝浦Hot Spring Hotel浦島
6596,RVパーク谷口屋,RVPark谷口屋
6597,"RVパーク京都中央 <font color=""red"">※線路沿い</font>",RVPark Kyoto Central ※線路沿い
6598,RVパークsmart湯浅町観光用駐車場,RVParksmart湯浅町Sightseeing用Parking Area
6599,RVパーク 六甲山の上美術館,RVPark 六甲山の上Art Museum
6600,RVパーク平城京朱雀門ひろば,RVPark平Castle京朱雀門ひろば
6601,RVパーク大和の里 富雄中町,RVPark大和 no Sato 富雄中-cho
6602,RVパーク城崎温泉 いなばや,RVPark Castle崎Hot Spring いなばや
6603,RVパークビーエル桑名,RVParkビーエル桑名
6604,RVパークオートキャンプ場米三郎,RVPark Auto Campground米三郎
6605,RVパークロマントピア月ヶ瀬,RVParkロマントピア月ヶ瀬
6606,RVパーク立山ライチョウ谷,RVPark立山ライチョウ谷
6607,タイムズ立葉１丁目,タイムズ立葉１丁目
6608,タイムズ天神橋第６,タイムズ天神橋第６
6609,タイムズ新神戸第２,タイムズ新Kobe第２
6610,かつらぎ温泉 八風の湯,かつらぎHot Spring 八風 Hot Bath
6611,（京都の超穴場 車中泊スポット）タイムズ銀閣寺第２,（Kyotoの超穴場 Car Overnight Spot）タイムズ銀閣Temple第２
6612,伊良湖ビューホテル,伊良LakeビューHotel
6613,城崎温泉 外湯巡り（説明用マーク）,Castle崎Hot Spring 外湯巡り（説明用マーク）
6614,スパワールド,Spaワールド
6615,RVパーク飛騨まんが王国（宮川温泉 おんり〜湯）,RVPark飛騨まんが王国（宮 River Hot Spring おんり〜湯）
6616,花山温泉,花山Hot Spring
6617,天白公園駐車場,天白Park Parking Area
6618,湯快リゾート 伊勢・志摩 鳥羽彩朝楽〈プレミアム〉,湯快Resort Ise・志摩 Toba彩朝楽〈プレミアム〉
6619,鶴見緑地湯元 水春,鶴見Green Space湯元 水春
6620,龍神温泉 下御殿,Ryujin Hot Spring 下御殿
6621,バーデハウス大沢温泉,バーデハウス大沢Hot Spring
6622,テルメ金沢,テルメ金沢
6623,飛騨高山 自家源泉の湯 臥龍の郷,飛騨高山 自家源泉 Hot Bath 臥龍 no Sato
6624,コロナの湯豊川店,コロナ Hot Bath豊 River店
6625,宇治天然温泉 源氏の湯,宇治Natural Hot Spring 源氏 Hot Bath
6626,天然温泉 海王,Natural Hot Spring 海王
6627,湯屋 FUROBAKKA,湯屋 FUROBAKKA
6628,虹岳島荘,虹岳島荘
6629,有馬温泉 上大坊,有馬Hot Spring 上大坊
6630,神州温泉あるごの湯,神州Hot Springあるご Hot Bath
6631,榊原温泉 榊原館湯の庄,榊原Hot Spring 榊原館湯の庄
6632,歴史ロマンの湯 しみず温泉,歴史ロマン Hot Bath しみずHot Spring
6633,山小屋祖母谷温泉,山小屋祖母谷Hot Spring
6634,音ノ花温泉,音ノ花Hot Spring
6635,コロナの湯中川店,コロナ Hot Bath中 River店
6636,草津湯元水春,Kusatsu湯元水春
6637,守山 天然温泉 ほたるの湯,守山 Natural Hot Spring ほたる Hot Bath
6638,室堂、みくりが池温泉,室堂、みくりがPond Hot Spring
6639,あねがわ温泉,あねがわHot Spring
6640,仁左衛門の湯,仁左衛門 Hot Bath
6641,なにわの湯,なにわ Hot Bath
6642,極楽湯 津店,Gokurakuyu 津店
6643,RVパーク ねやフィッシングパーク太公望（無料のRVパーク）,RVPark ねやフィッシングPark太公望（Free RVPark）
6644,"（<font color=""red"">春先の潮干狩りのシーズン〜夏は夜間閉鎖</font>）御殿場海水浴場 無料駐車場",（春先の潮干狩りのシーズン〜夏はNight Closure）御殿場Swimming Beach Free Parking Area
6645,ぎふ大和PA,ぎふ大和PA
6646,せと赤津PA,せと赤津PA
6647,マンボウの丘,マンボウ Hill
6648,阿久比PA,阿久比PA
6649,綾部PA,綾部PA
6650,安宅PA,安宅PA
6651,鞍ヶ池PA,鞍ヶPond PA
6652,印南SA,印南SA
6653,羽島PA,羽島PA
6654,古城山PA,古Castle山PA
6655,虎渓山PA,虎渓山PA
6656,呉羽PA,呉羽PA
6657,高岡PA,高岡PA
6658,黒丸PA,黒丸PA
6659,阪神高速 白川PA,阪神高速 白 River PA
6660,三木SA,三木SA
6661,守山PA,守山PA
6662,女形谷PA,女形谷PA
6663,小矢部川SA,小矢部 River SA
6664,新城PA,新Castle PA
6665,神田PA,神田PA
6666,杉津PA,杉津PA
6667,泉大津PA,泉Otsu PA
6668,賎ヶ岳SA（賤ヶ岳）,賎ヶ岳SA（賤ヶ岳）
6669,前開PA,前開PA
6670,朝潮橋PA,朝潮橋PA
6671,朝来SA,朝来SA
6672,道の駅 R427かみ,Roadside Station R427かみ
6673,道の駅 San Pin 中津,Roadside Station San Pin 中津
6674,道の駅 あらぎの里,Roadside Station あらぎ no Sato
6675,道の駅 いおり,Roadside Station いおり
6676,道の駅 くしもと橋杭岩,Roadside Station くしもと橋杭岩
6677,道の駅 しみず,Roadside Station しみず
6678,道の駅 すず塩田村,Roadside Station すず塩田-mura
6679,道の駅 ちくさ,Roadside Station ちくさ
6680,道の駅 みなみ波賀,Roadside Station みなみ波賀
6681,道の駅 伊良湖クリスタルポルト,Roadside Station 伊良Lakeクリスタルポルト
6682,道の駅 紀州備長炭記念公園,Roadside Station 紀州備長炭記念Park
6683,道の駅 紀宝町ウミガメ公園,Roadside Station 紀宝町ウミガメPark
6684,道の駅 赤神,Roadside Station 赤神
6685,道の駅 瀧之拝太郎,Roadside Station 瀧之拝太郎
6686,道の駅 茶の里東白川,Roadside Station 茶 no Sato東白 River
6687,道の駅 白尾ふれあいパーク,Roadside Station 白尾Community Park
6688,道の駅 半布里の郷 とみか,Roadside Station 半布里 no Sato とみか
6689,道の駅 飛騨街道なぎさ,Roadside Station 飛騨街道なぎさ
6690,道の駅 美山ふれあい広場,Roadside Station 美山Community Plaza
6691,道の駅 富有柿の里いとぬき,Roadside Station 富有柿 no Satoいとぬき
6692,道の駅 鳳来三河三石,Roadside Station 鳳来三 River三石
6693,道の駅 名田庄,Roadside Station 名田庄
6694,道の駅 利賀,Roadside Station 利賀
6695,道の駅 和,Roadside Station 和
6696,道の駅 和良,Roadside Station 和良
6697,内津峠PA（中央自動車道）,内津Pass PA（Central自動車道）
6698,南丹PA,南丹PA
6699,入善PA,入善PA
6700,白鳥PA,白鳥PA
6701,飛騨白川PA,飛騨白 River PA
6702,美合PA,美合PA
6703,瓢ヶ岳PA,瓢ヶ岳PA
6704,不動寺PA,不動Temple PA
6705,弁天町PA(ミニPA),弁天町PA(ミニPA)
6706,流杉PA,流杉PA
6707,六人部PA,六人部PA
6708,湾岸長島PA,湾岸長島PA
6709,赤穂市 大塚海岸,赤穂 City 大塚Coast
6710,赤穂市 東御崎公園駐車場,赤穂 City 東御崎Park Parking Area
6711,赤穂港 無料駐車場,赤穂Port Free Parking Area
6712,赤穂市 赤穂城南緑地公園️,赤穂 City 赤穂Castle南Green Space Park
6713,赤穂市坂越第一観光駐車場,赤穂市坂越No.1Sightseeing Parking Area
6714,なぎさ公園駐車場、天然温泉スパ＆サウナ awa awa KOBE駐車場（旧：HATなぎさの湯）,なぎさPark Parking Area、Natural Hot Spring Spa＆サウナ awa awa KOBEParking Area（旧：HATなぎさ Hot Bath）
6715,相生市営東部墓園,相生City-run東部墓園
6716,加古川市 浜の宮公園️,加古 River City Beachの宮Park
6717,赤穂市新田駐車場,赤穂市新田Parking Area
6718,たつの市営駐車場（川原町）,たつのCity-run Parking Area（ River原町）
6719,RVパーク 南砺市クリエイタープラザ,RVPark 南砺市クリエイターPlaza
6720,鬼ヶ城,鬼ヶCastle
6721,高野辻ヘリポート（大塔ヘリポート）,高野辻ヘリポート（大塔ヘリポート）
6722,重畳山公園駐車場（串本町民の森）,重畳山Park Parking Area（串本町民 Forest）
6723,護摩壇山 穴場星見スポット,護摩壇山 穴場星見Spot
6724,護摩壇山 穴場星見スポット,護摩壇山 穴場星見Spot
6725,見附公園,見附Park
6726,茶臼山高原 天狗棚駐車場,茶臼山Highland 天狗棚Parking Area
6727,茶臼山高原,茶臼山Highland
6728,樹山雲海 駐車スペース,樹山雲海 駐車スペース
6729,曽爾高原,曽爾Highland
6730,大台ヶ原 正木峠,大台ヶ原 正木Pass
6731,乗鞍岳 畳平（岐阜県）,Norikura岳 畳平（岐阜県）
6732,ナメゴ谷,ナメゴ谷
6733,みつえ高原牧場,みつえHighland Ranch
6734,"（※<font color=""red"">夜間閉鎖</font>との情報あり）のかみふれあい公園",（※Night Closureとの情報Available）のかみCommunity Park
6735,すさみ町総合運動公園 多目的グラウンド,すさみ町総合Sports Park Multi-purposeグラウンド
6736,道の駅 ごまさんスカイタワー（旧：田辺市龍神ごまさんスカイタワー）,Roadside Station ごまさんスカイタワー（旧：田辺市Ryujinごまさんスカイタワー）
6737,足洗潟公園,足洗潟Park
6738,名古屋市 平和公園（巨大な墓地公園）,名古屋 City 平和Park（巨大な墓地Park）
6739,卯辰山公園（金沢の車中泊スポット！）,卯辰山Park（金沢のCar Overnight Spot！）
6740,常願寺川公園,常願Temple River Park
6741,淡路佐野運動公園,淡路佐野Sports Park
6742,木場潟公園 中央園地,木場潟Park Central Recreation Area
6743,道の駅 よかわ,Roadside Station よかわ
6744,蕪村公園️周辺のコインパーキング🅿️,蕪村Park Nearby Coin Parking🅿
6745,羽根谷だんだん公園,羽根谷だんだんPark
6746,瀬戸市 陶祖公園,瀬戸 City 陶祖Park
6747,八ツ面山公園,八ツ面山Park
6748,豊川市 三河臨海緑地、日本列島公園,豊 River City 三 River臨海Green Space、日本列島Park
6749,道の駅 関宿,Roadside Station 関宿
6750,観音山公園 蒸気機関車広場,観音山Park 蒸気機関車Plaza
6751,関宿 観光駐車場,関宿 Sightseeing Parking Area
6752,飛騨河合PA,飛騨 River合PA
6753,長良川SA,長良 River SA
6754,道の駅 加子母,Roadside Station 加子母
6755,国営飛鳥歴史公園甘樫丘駐車場,国営飛鳥歴史Park甘樫丘Parking Area
6756,天川村 観音峯登山口休憩所,天 River-mura 観音峯登Yamaguchi休憩所
6757,天川村役場 駐車場,天 River-mura役場 Parking Area
6758,県営都市公園湖岸緑地 天神川河口駐車場,県営都市Park Lake岸Green Space 天神 River River口Parking Area
6759,洞川龍泉寺前公衆トイレ,洞 River龍泉Temple前Public Restroom
6760,火打形公園 スケートボードパーク,火打形Park スケートボードPark
6761,京都市 西友 下鳥羽店 駐車場,Kyoto City 西友 下Toba店 Parking Area
6762,道の駅 飛鳥,Roadside Station 飛鳥
6763,坂本城址公園,坂本Castle址Park
6764,天川村 天の川温泉️センター 木木の湯 坪内駐車場,天 River-mura 天の River Hot Spring Center 木木 Hot Bath 坪内Parking Area
6765,彦根市 曽根沼駐車場,Hikone City 曽根Marsh Parking Area
6766,ながら川ふれあいの森 三田洞駐車場,ながら River Community Forest 三田洞Parking Area
6767,関ケ原 笹尾山交流館,関ケ原 笹尾山Community館
6768,比叡辻󠄀臨水公園,比叡辻󠄀臨水Park
6769,高島市 グリーンパーク想い出の森,高島 City Green Park想い出 Forest
6770,美濃加茂SA,美濃加茂SA
6771,黒部市総合公園,黒部市General Park
6772,太閤山公園墓苑,太閤山Park墓苑
6773,宮崎・境海岸 無料駐車場（夏季有料）,Miyazaki・境Coast Free Parking Area（夏季Paid）
6774,海の駅 蜃気楼,Sea 駅 蜃気楼
6775,志雄PA,志雄PA
6776,火燈山 駐車場,火燈山 Parking Area
6777,富山市婦中ふるさと自然公園 西側駐車場,富山市婦中Hometown Nature Park West Side Parking Area
6778,富山市婦中ふるさと自然公園 東側駐車場,富山市婦中Hometown Nature Park East Side Parking Area
6779,松岡総合運動公園 you meパーク,松岡総合Sports Park you me Park
6780,道の駅 高松,Roadside Station Takamatsu
6781,東山公園,東山Park
6782,浜坂温泉 浜坂白馬公園,Beach坂Hot Spring Beach坂Hakuba Park
6783,新温泉町 健康公園,新Hot Spring-cho Health Park
6784,氷上PA,氷上PA
6785,能越県境PA（上下あり）,能越県境PA（上下Available）
6786,宮前農村公園,宮前Rural Park
6787,道の駅 神戸フルーツ・フラワーパーク 大沢,Roadside Station Kobeフルーツ・フラワーPark 大沢
6788,金沢南総合運動公園 暫定駐車場,金沢南総合Sports Park 暫定Parking Area
6789,国際会館駅周辺のコインパーキング,国際会館駅Nearby Coin Parking
6790,大宮中央公園 周辺コインパーキング,大宮Central Park 周辺Coin Parking
6791,大桑ぐるぐる広場,大桑ぐるぐるPlaza
6792,紀の川第７緑地,紀の River第７Green Space
6793,姫路市 浜手緑地、飾磨緑地公園、浜手緑地中島地区,Himeji City Beach手Green Space、飾磨Green Space Park、Beach手Green Space中島地-ku
6794,名張中央公園,名張Central Park
6795,吉野山 上千本 駐車スペース,Yoshino山 上千本 駐車スペース
6796,比奈知ダム親水公園,比奈知Dam Waterfront Park
6797,上郡中央公園,上郡Central Park
6798,金峯神社駐車場、奥千本駐車場,金峯Shrine Parking Area、奥千本Parking Area
6799,大台ヶ原無料駐車場,大台ヶ原Free Parking Area
6800,ダムづり公園,DamづりPark
6801,大滝ダム,大Waterfall Dam
6802,大迫ダム無料駐車場,大迫Dam Free Parking Area
6803,川上村 無料駐車場,River上-mura Free Parking Area
6804,あきつの小野公園,あきつの小野Park
6805,室生運動場,室生運動場
6806,室生ダム,室生Dam
6807,高見山登山口駐車場,高見山登Yamaguchi Parking Area
6808,吉野運動公園,Yoshino Sports Park
6809,柳川瀬公園,柳 River瀬Park
6810,中山町 憩いの広場,中山-cho 憩いのPlaza
6811,豊田市 水源公園（水源緑地）,豊田 City 水源Park（水源Green Space）
6812,梅田北側・大阪駅北側・中津エリア,梅田North Side・Osaka駅North Side・中津Area
6813,荒子川公園（名古屋の車中泊スポット）,荒子 River Park（名古屋のCar Overnight Spot）
6814,四日市総合体育館(中央緑地),四日市総合体育館(Central Green Space)
6815,日光川ウォーターパーク,Nikko RiverウォーターPark
6816,天理ダム 無料駐車場,天理Dam Free Parking Area
6817,山添村 布目ダム 桐山さざなみ広場,山添-mura 布目Dam 桐山さざなみPlaza
6818,布目ダム,布目Dam
6819,姫路西霊苑,Himeji西霊苑
6820,"再度公園駐車場（※<font color=""red"">携帯通信不可</font>）（※23-5時夜間通行禁止）",再度Park Parking Area（※携帯通信不可）（※23-5時夜間通行禁止）
6821,"不動川砂防歴史公園（※<font color=""red"">携帯通信不可</font>）",不動 River砂防歴史Park（※携帯通信不可）
6822,玉川さくら公園（深夜にDQNが集まる場合あり）,玉 River Sakura Park（深夜にDQNが集まる場合Available）
6823,万灯呂山展望台,万灯呂山Observation Deck
6824,（23-5時夜間通行禁止）ビーナスブリッジ駐車場,（23-5時夜間通行禁止）ビーナスブリッジParking Area
6825,姫路城 大手門駐車場,Himeji Castle 大手門Parking Area
6826,梅の郷ふれあい広場,梅 no Sato Community Plaza
6827,ゆうあいの里 ふれあいセンター 奥の駐車場,ゆうあい no Sato Community Center 奥のParking Area
6828,将軍塚の無料駐車場（東山山頂公園、京都の夜景スポット）,将軍塚のFree Parking Area（東山Summit Park、Kyotoの夜景Spot）
6829,神戸市 灘丸山公園,Kobe City 灘丸山Park
6830,面白展望台 パールロードライン休憩所駐車場,面白Observation Deck パールRoadライン休憩所Parking Area
6831,三ツ又池公園,三ツ又Pond Park
6832,第二神明 垂水PA（下りのみ）,第二神明 垂水PA（下りのみ）
6833,ＨＯＷＡパーク（中勢グリーンパーク）,ＨＯＷＡPark（中勢Green Park）
6834,ニュー大谷池公園,ニュー大谷Pond Park
6835,洞川温泉️ビジターセンター駐車場,洞 River Hot SpringビジターCenter Parking Area
6836,西尾市 スポーツ公園、総合体育館,西尾 City Sports Park、総合体育館
6837,名谷PA（上りのみ）,名谷PA（上りのみ）
6838,別所PA（無料バイパス）,別所PA（Freeバイパス）
6839,姫路SA（無料バイパス）,Himeji SA（Freeバイパス）
6840,赤穂市 赤穂ピクニック公園、赤穂高山墓園,赤穂 City 赤穂ピクニックPark、赤穂高山墓園
6841,日岡山公園,日Okayama Park
6842,明石SA,明石SA
6843,白鬚神社,白鬚Shrine
6844,道の駅 マキノ追坂峠,Roadside Station マキノ追坂Pass
6845,加賀市中央公園,加賀市Central Park
6846,余呉湖観光館駐車場,余呉Lake Sightseeing館Parking Area
6847,宇治市天ヶ瀬墓地公園,宇治市天ヶ瀬墓地Park
6848,金ヶ崎公園 南側駐車場,金ヶ崎Park South Side Parking Area
6849,金ヶ崎公園 北側駐車場（金ヶ崎城址駐車場）,金ヶ崎Park North Side Parking Area（金ヶ崎Castle址Parking Area）
6850,気比の松原 海水浴場,気比の松原 Swimming Beach
6851,桜橋総合運動公園,桜橋総合Sports Park
6852,呉羽丘陵公園 呉羽芝生公園,呉羽丘陵Park 呉羽芝生Park
6853,宿こぶしグリーンパーク,宿こぶしGreen Park
6854,津幡運動公園,津幡Sports Park
6855,観法寺PA,観法Temple PA
6856,梅香東公園、梅香公園周辺のコインパーキング,梅香東Park、梅香Park Nearby Coin Parking
6857,松任総合運動公園,松任総合Sports Park
6858,県営春日山公園,県営春日山Park
6859,頼成の森,頼成 Forest
6860,富山市 古洞ダム、野鳥の園,富山 City 古洞Dam、野鳥の園
6861,戸田川緑地第2駐車場（名古屋の車中泊スポット）,戸田 River Green Space#2Parking Area（名古屋のCar Overnight Spot）
6862,伊勢市 宮川堤,Ise City 宮 River堤
6863,朝熊山麓公園,朝熊Foot of Mountain Park
6864,恵那峡SA（上下）（シャワーは下り側のみ）,恵那峡SA（上下）（シャワーは下り側のみ）
6865,槙ケ根一里塚,槙ケ根一里塚
6866,上之保ふれあいの森公園,上之保Community Forest Park
6867,多気町 佐奈川桜づつみ公園,多気-cho 佐奈 River桜づつみPark
6868,深北緑地（有料駐車場）,深北Green Space（Paid Parking Area）
6869,高野山 奥の院駐車場(中の橋駐車場),Koyasan 奥の院Parking Area(中の橋Parking Area)
6870,楠本札立峠公衆トイレ,楠本札立Pass Public Restroom
6871,しらら・はまゆう公園駐車場（夏季有料）,しらら・はまゆうPark Parking Area（夏季Paid）
6872,千畳敷駐車場,千畳敷Parking Area
6873,金剛峯寺前駐車場（金剛峯寺前第二駐車場）,金剛峯Temple前Parking Area（金剛峯Temple前第二Parking Area）
6874,高野山 大門南駐車場,Koyasan 大門南Parking Area
6875,島田公園,島田Park
6876,みちのオアシス弁天,みちのオアシス弁天
6877,生石高原駐車場,生石Highland Parking Area
6878,千里中央公園駐車場,千里Central Park Parking Area
6879,千里南公園駐車場,千里南Park Parking Area
6880,京丹波PA（京都縦貫自動車道）,京丹波PA（Kyoto縦貫自動車道）
6881,日吉ダム 駐車場,日吉Dam Parking Area
6882,戎公園 駐車場,戎Park Parking Area
6883,天野川河川トンネル 無料駐車場（夜間は暴走族のたまり場）,天野 River River Riverトンネル Free Parking Area（夜間は暴走族のたまり場）
6884,塩谷古墳公園,塩谷古墳Park
6885,安濃中央総合公園,安濃Central General Park
6886,西野公園 北側駐車場,西野Park North Side Parking Area
6887,伊賀SA,伊賀SA
6888,岩倉峡公園,岩倉峡Park
6889,南山城村総合グラウンド,南山Castle-mura総合グラウンド
6890,木津城址公園,木津Castle址Park
6891,緑の一里塚 木津休憩所 無料駐車場,緑の一里塚 木津休憩所 Free Parking Area
6892,桑名市 23号 長島PA、簡易パーキング,桑名 City 23号 長島PA、簡易パーKing
6893,四日市市 垂坂公園・羽津山緑地,四日市 City 垂坂Park・羽津山Green Space
6894,霞ヶ浦緑地、四日市競輪場の北側無料駐車場,Lake Kasumigaura Green Space、四日市競輪場のNorth Side Free Parking Area
6895,潮見坂墓園,潮見坂墓園
6896,安房トンネル料金所パーキング、平湯インター出口の休憩所,安房トンネル料金所パーKing、平湯Interchange出口の休憩所
6897,平湯大滝駐車場,平湯大Waterfall Parking Area
6898,高山市役所駐車場,高山市役所Parking Area
6899,アルプス展望公園 スカイパーク,アルプスScenic Park スカイPark
6900,紀伊山地の霊場と参詣道,紀伊山地の霊場と参詣道
6901,高野山,Koyasan
6902,伊勢神宮 外宮,Ise神宮 外宮
6903,伊勢神宮 内宮,Ise神宮 内宮
6904,服部緑地,服部Green Space
6905,姫路城,Himeji Castle
6906,白川郷・五箇山の合掌造り集落,白 River郷・五箇山の合掌造り集落
6907,KF-Park天下茶屋北第２,KF-Park天下茶屋北第２
6908,大山田PA,Daisen田PA
6909,赤塚PA,赤塚PA
6910,岸和田SA,岸和田SA
6911,道の駅 山崎,Roadside Station 山崎
6912,福寿司,福寿司
6913,竹田城跡,竹田Castle跡
6914,的矢かき料理の店 はしもと,的矢かき料理の店 はしもと
6915,八剱ROCK 人生餃子,八剱ROCK 人生餃子
6916,とやま健康パーク「健康スタジアム」,とやまHealth Park「Healthスタジアム」
6917,うどんや ふくすけ,うどんや ふくすけ
6918,セントピアあわら,セントピアあわら
6919,中国・四国,中国・四国
6920,中国・四国,中国・四国
6921,信越：長野・新潟,信越：Nagano・Niigata
6922,信越：長野・新潟,信越：Nagano・Niigata
6923,信越：長野・新潟,信越：Nagano・Niigata
6924,関東・山梨・静岡,関東・山梨・Shizuoka
6925,池下みずべ公園,Pond下みずべPark
6926,桝水高原駐車場,桝水Highland Parking Area
6927,道の駅 かんおんじ（仮）,Roadside Station かんおんじ（仮）
6928,道の駅 あかいわ（仮）,Roadside Station あかいわ（仮）
6929,道の駅 しおのえ,Roadside Station しおのえ
6930,福山市 佐波城山公園,福山 City 佐波Castle山Park
6931,龍河洞,龍 River洞
6932,ラーメンの豚太郎 介良店（本部直営店）,Ramenの豚太郎 介良店（本部直営店）
6933,徳島市 小松海岸 駐車場,Tokushima City 小松Coast Parking Area
6934,板野町 あわぎんスポーツガーデン（田園パーク）️,板野-cho あわぎんSports Garden（田園Park）
6935,板野町歴史文化公園,板野町歴史文化Park
6936,とらまる公園キャンプ場,とらまるPark Campground
6937,東かがわ市 とらまる公園,東かがわ City とらまるPark
6938,道の駅 津田の松原,Roadside Station 津田の松原
6939,さぬき市 津田埋立地,さぬき City 津田埋立地
6940,高松市 峰山公園,Takamatsu City 峰山Park
6941,道の駅 源平の里むれ️,Roadside Station 源平 no Satoむれ
6942,高松市 牟礼町民中央公園 運動センター️,Takamatsu City 牟礼町民Central Park 運動Center
6943,高松市立南部駐車場,Takamatsu City立南部Parking Area
6944,高松港、高松駅 周辺で車中泊,Takamatsu Port、Takamatsu駅 周辺でCar Overnight
6945,道の駅 小豆島ふるさと村,Roadside Station 小豆島Hometown-mura
6946,小豆島町 オリーブビーチ️駐車場,小豆島-cho オリーブBeach Parking Area
6947,道の駅 滝宮、滝宮公園,Roadside Station Waterfall宮、Waterfall宮Park
6948,高松市 内場ダム上公園️,Takamatsu City 内場Dam上Park
6949,仏生山公園 東側駐車場,仏生山Park East Side Parking Area
6950,高松市 仏生山公園,Takamatsu City 仏生山Park
6951,高松市 ホタルと文化の里,Takamatsu City ホタルと文化 no Sato
6952,道の駅 瀬戸大橋記念公園,Roadside Station 瀬戸大橋記念Park
6953,坂出市 府中ダム️,坂出 City 府中Dam
6954,高松市 マンモスプレイパークTARUMI、高松市亀水中央公園,Takamatsu City マンモスプレイPark TARUMI、Takamatsu City亀水Central Park
6955,三豊市 朝日山森林公園,三豊 City 朝日山Forest Park
6956,観音寺市総合運動公園,観音Temple City総合Sports Park
6957,善通寺市 大麻山キャンプ場,善通Temple City 大麻山Campground
6958,大野原中央公園️,大野原Central Park
6959,自然公園「大谷池」の土手に近い所のトイレと駐車場,Nature Park「大谷Pond」の土手に近い所のRestroomとParking Area
6960,道の駅 とよはま,Roadside Station とよはま
6961,今治市 玉川総合公園運動場 グリーンピア玉川,今治 City 玉 River General Park運動場 Greenピア玉 River
6962,道の駅 今治湯ノ浦温泉️,Roadside Station 今治湯ノ浦Hot Spring
6963,西条市 トリム公園,西条 City トリムPark
6964,伊予市 五色浜公園,伊予 City Goshiki Beach Park
6965,道の駅 内子フレッシュパークからり,Roadside Station 内子フレッシュParkからり
6966,道の駅 なかやま,Roadside Station なかやま
6967,道の駅 広見森の三角ぼうし,Roadside Station 広見森の三角ぼうし
6968,道の駅 みま,Roadside Station みま
6969,道の駅 どんぶり館,Roadside Station どんぶり館
6970,鬼北総合公園,鬼北General Park
6971,道の駅 みしょう MIC（ミック）,Roadside Station みしょう MIC（ミック）
6972,道の駅 すくも サニーサイドパーク,Roadside Station すくも サニーSide Park
6973,宿毛市 海風公園,宿毛 City 海風Park
6974,四万十市 為松公園,Shimanto City 為松Park
6975,道の駅 あぐり窪川,Roadside Station あぐり窪 River
6976,道の駅 なぶら土佐佐賀️,Roadside Station なぶら土佐Saga
6977,道の駅 ビオスおおがた️,Roadside Station ビオスおおがた
6978,久礼 小鎌田の浜キャンプ場,久礼 小鎌田のBeach Campground
6979,久礼 ふるさと海岸️ 無料駐車場,久礼 Hometown Coast Free Parking Area
6980,道の駅 なかとさ️,Roadside Station なかとさ
6981,まきのさんの道の駅 佐川,まきのさんのRoadside Station 佐 River
6982,香美市 日ノ御子河川児童公園️,香美 City 日ノ御子 River River児童Park
6983,道の駅 かわうその里 すさき️,Roadside Station かわうそ no Sato すさき
6984,つばさ山温泉,つばさ山Hot Spring
6985,道の駅 キラメッセ室戸,Roadside Station キラメッセ室戸
6986,道の駅 大山,Roadside Station Daisen
6987,香美市 鏡野公園,香美 City 鏡野Park
6988,徳島市 日峯大神子広域公園,Tokushima City 日峯大神子広域Park
6989,室戸市 水掛地蔵堂 公衆トイレ,室戸 City 水掛地蔵堂 Public Restroom
6990,室戸市 旧ジオパーク夢路灯前 公共駐車場,室戸 City 旧ジオPark夢路灯前 Public Parking
6991,室戸市 室戸スカイライン 高岡園地駐車場,室戸 City 室戸スカイライン 高岡Recreation Area Parking Area
6992,道の駅 どなり、宮川内ダム公園,Roadside Station どなり、宮 River内Dam Park
6993,道の駅 わじき,Roadside Station わじき
6994,室戸市 海の駅 とろむ,室戸 City Sea 駅 とろむ
6995,たらいうどん 新見屋,たらいうどん 新見屋
6996,"田の浦野営場<font color=""red"">※携帯ほぼ圏外</font>",田の浦Campsite※携帯ほぼ圏外
6997,東かがわ市 山田海岸️,東かがわ City 山田Coast
6998,妙見山公園,妙見山Park
6999,帝釈第2駐車場,帝釈#2Parking Area
7000,休暇村帝釈峡,休暇村帝釈峡
7001,稲佐の浜駐車場,稲佐のBeach Parking Area
7002,みせん広場,みせんPlaza
7003,道の駅 小豆島オリーブ公園,Roadside Station 小豆島オリーブPark
7004,麺屋賀球,麺屋賀球
7005,道の駅 ことなみ️,Roadside Station ことなみ
7006,タイムズひろめ市場,タイムズひろめMarket
7007,山内神社、山内会館駐車場,山内Shrine、山内会館Parking Area
7008,天神橋パーキング（天神橋駐車場）,天神橋パーKing（天神橋Parking Area）
7009,道の駅 恋人の聖地️ うたづ臨海公園,Roadside Station 恋人の聖地 うたづWaterfront Park
7010,今治市 桜井総合公園 テニスコート横駐車場,今治 City 桜井General Park テニスコート横Parking Area
7011,今治市 桜井海浜ふれあい広場️,今治 City 桜井Seaside Community Plaza
7012,奥の湯温泉キャンプ場,奥 Hot Bath Hot Spring Campground
7013,きまち温泉 大森の湯,きまちHot Spring 大森 Hot Bath
7014,高知市 筆山公園,Kochi City 筆山Park
7015,高知市 五台山公園,Kochi City 五台山Park
7016,新居浜市 池田池公園️,新居Beach City Pond田Pond Park
7017,"松山市 松山観光臨時駐車場️（道後温泉️無料駐車場）<font color=""red"">※トイレ遠いので注意</font>",Matsuyama City Matsuyama Sightseeing臨時Parking Area（Dogo Hot Spring Free Parking Area）※Restroom遠いので注意
7018,松山市 道後温泉️ 駐車場,Matsuyama City Dogo Hot Spring Parking Area
7019,道の駅 マイントピア別子️,Roadside Station マイントピア別子
7020,琴平町いこいの郷公園,琴平町いこい no Sato Park
7021,内子町 知清公園,内子-cho 知清Park
7022,湯ノ浦キャンプ場,湯ノ浦Campground
7023,ひろめ市場,ひろめMarket
7024,愛南町 須ノ川公園️,愛南-cho 須ノ River Park
7025,道の駅 虹の森公園まつの,Roadside Station 虹 Forest Parkまつの
7026,道の駅 うわじま きさいや広場️,Roadside Station うわじま きさいやPlaza
7027,道の駅 津島熱田温泉️（旧：津島やすらぎの里）,Roadside Station 津島熱田Hot Spring（旧：津島やすらぎ no Sato）
7028,奥祖谷二重かづら橋駐車場,奥祖谷二重かづら橋Parking Area
7029,いの町 波川公園,いの-cho 波 River Park
7030,ゆらり内海,ゆらり内海
7031,古岩屋温泉/国民宿舎古岩屋荘,古岩屋Hot Spring/国民宿舎古岩屋荘
7032,道の駅 美良布,Roadside Station 美良布
7033,道の駅 南国風良里,Roadside Station 南国風良里
7034,土佐御苑,土佐御苑
7035,五台山公園,五台山Park
7036,筆山公園,筆山Park
7037,天然温泉 三翠園,Natural Hot Spring 三翠園
7038,大可賀釣り公園,大可賀釣りPark
7039,道の駅 いたの,Roadside Station いたの
7040,道の駅 やす️,Roadside Station やす
7041,道の駅 田野駅屋,Roadside Station 田野駅屋
7042,田野町 二十三士公園️,田野-cho 二十三士Park
7043,室戸市 深層水公園、シレストむろと️,室戸 City 深層水Park、シレストむろと
7044,快活CLUB 福山東深津店,Kaikatsu CLUB 福山東深津店
7045,快活CLUB 高知中万々店,Kaikatsu CLUB Kochi中万々店
7046,道の駅 東洋町️,Roadside Station 東洋-cho
7047,道の駅 ししくい️（旧：道の駅 宍喰温泉）,Roadside Station ししくい（旧：Roadside Station 宍喰Hot Spring）
7048,道の駅 日和佐️,Roadside Station 日和佐
7049,道の駅 もみじ川温泉️,Roadside Station もみじ River Hot Spring
7050,日和佐城跡,日和佐Castle跡
7051,日和佐総合体育館️,日和佐総合体育館
7052,道の駅 鷲の里,Roadside Station 鷲 no Sato
7053,道の駅 公方の郷なかがわ️,Roadside Station 公方 no Satoなかがわ
7054,四季の里 創造の森,四季 no Sato 創造 Forest
7055,道の駅 温泉の里 神山️,Roadside Station Hot Spring no Sato 神山
7056,道の駅 くるくるなると,Roadside Station くるくるなると
7057,神山温泉ホテル四季の里＆いやしの湯️,神山Hot Spring Hotel四季 no Sato＆いやし Hot Bath
7058,田中鮮魚店,田中鮮魚店
7059,デイパーク,デイPark
7060,土佐西南大規模公園駐車場,土佐西南大規模Park Parking Area
7061,どんどん 土原店（第1号店）,どんどん 土原店（#1号店）
7062,道の駅 にしいや,Roadside Station にしいや
7063,湯原温泉河川公園駐車場,湯原Hot Spring River River Park Parking Area
7064,ゆばら湯っ足り広場駐車場,ゆばら湯っ足りPlaza Parking Area
7065,湯原温泉 砂湯（無料）,湯原Hot Spring 砂湯（Free）
7066,RVパークゆばら湯っ足り広場,RVParkゆばら湯っ足りPlaza
7067,道の駅 ゆすはら,Roadside Station ゆすはら
7068,桜浜さわやかトイレ,桜BeachさわやかRestroom
7069,岡山市 六番川水の公園️,Okayama City 六番 River水のPark
7070,道の駅 みやま公園,Roadside Station みやまPark
7071,福山市 田尻漁港,福山 City 田尻Fishing Port
7072,福山市 阿伏兎観音 駐車場,福山 City 阿伏兎観音 Parking Area
7073,道の駅 アリストぬまくま,Roadside Station アリストぬまくま
7074,今津PA 無料,今津PA Free
7075,八坂公園,八坂Park
7076,岩国市 吉香公園 第１臨時駐車場,岩国 City 吉香Park 第１臨時Parking Area
7077,岩国市 欽明路 公衆トイレ,岩国 City 欽明路 Public Restroom
7078,周南市 TOSOH PARK 永源山️（永源山公園）,周南 City TOSOH PARK 永源山（永源山Park）
7079,周南市 晴海親水公園,周南 City 晴海Waterfront Park
7080,米泉湖公園 さくらの丘,米泉Lake Park Sakura Hill
7081,米泉湖公園（末武川ダム公園）,米泉Lake Park（末武 River Dam Park）
7082,周南市 周南緑地公園 東緑地,周南 City 周南Green Space Park 東Green Space
7083,光市 大蔵池公園,光 City 大蔵Pond Park
7084,香山公園（瑠璃光寺）,香山Park（瑠璃光Temple）
7085,道の駅 犬挟,Roadside Station 犬挟
7086,丸亀市飯山総合運動公園,丸亀市飯山総合Sports Park
7087,沙弥島海岸,沙弥島Coast
7088,土器川体育センター,土器 River体育Center
7089,与島PA ハイウェイオアシス,与島PA Highway Oasis
7090,与島PA,与島PA
7091,きららビーチ焼野 山口,きららBeach焼野 Yamaguchi
7092,笠山,笠山
7093,鴨ノ越,鴨ノ越
7094,菊ヶ浜,菊ヶBeach
7095,牛窓町 天神社,牛窓-cho 天Shrine
7096,牛窓町フェリー乗り場,牛窓町Ferry Terminal乗り場
7097,琴弾公園内有明浜,琴弾Park内有明Beach
7098,琴弾山頂展望台,琴弾Summit Observation Deck
7099,見晴らしの丘公園 島根,見晴らし Hill Park 島根
7100,原爆ドーム,原爆ドーム
7101,三都半島 香川,三都Peninsula 香 River
7102,紫雲出山山頂展望台,紫雲出山Summit Observation Deck
7103,仁尾海岸緑地,仁尾Coast Green Space
7104,鳥取砂丘,Tottori砂丘
7105,島根県立美術館,島根県立Art Museum
7106,道の駅「すくもサニーサイドパーク」,Roadside Station「すくもサニーSide Park」
7107,道の駅キララ多伎,Roadside Stationキララ多伎
7108,父母ケ浜海岸,父母ケBeach Coast
7109,夕陽ケ丘〜屋形崎,夕陽ケ丘〜屋形崎
7110,竜王山公園,竜王山Park
7111,恋人岬,恋人Cape
7112,鷲羽山,鷲羽山
7113,咸陽島 高知,咸陽島 Kochi
7114,屋島 獅子の霊厳,屋島 獅子の霊厳
7115,前島展望台,前島Observation Deck
7116,女木島の山の上,女木島の山の上
7117,緑町公園 駐車場,緑町Park Parking Area
7118,津山城 文化センター 駐車場,津山Castle 文化Center Parking Area
7119,フォレスタ！早島町ふれあいの森公園（有料キャンプ場）,フォレスタ！早島町Community Forest Park（Paid Campground）
7120,わかあゆの里公園,わかあゆ no Sato Park
7121,竜王公園,竜王Park
7122,東広島運動公園,東Hiroshima Sports Park
7123,（トイレ不明）（路上駐車）虹村公園周辺の路上,（Restroom不明）（路上駐車）虹村Park Nearby 路上
7124,みらいパーク,みらいPark
7125,面河渓,面 River渓
7126,青ノ山墓地公園,青ノ山墓地Park
7127,斐川公園,斐 River Park
7128,宍道湖西岸なぎさ公園,宍道Lake西岸なぎさPark
7129,小田島公園 やまだ屋もみじファミリーパーク,小田島Park やまだ屋もみじFamily Park
7130,横山河川敷運動広場,横山 River River敷運動Plaza
7131,堂床山登山口、南原峡第1キャンプ場,堂床山登Yamaguchi、南原峡#1Campground
7132,美濃田の淵キャンプ場,美濃田の淵Campground
7133,吾妻山 登山口駐車場,吾妻山 登Yamaguchi Parking Area
7134,菅沢ダム ダム公園,菅沢Dam Dam Park
7135,武田山憩の森,武田山憩 Forest
7136,五色台展望台,Goshiki台Observation Deck
7137,竜王山駐車場,竜王山Parking Area
7138,桜本児童遊園,桜本児童遊園
7139,小戸山運動広場,小戸山運動Plaza
7140,三郎池公園,三郎Pond Park
7141,水辺の楽校公園,水辺の楽校Park
7142,香東川公園 小山運動広場,香東 River Park 小山運動Plaza
7143,香東川公園 成合町運動公園,香東 River Park 成合町Sports Park
7144,長沢池無料P,長沢Pond Free P
7145,蔵王山憩いの森広場,Zao山憩い Forest Plaza
7146,絵下山駐車場,絵下山Parking Area
7147,潮越公園,潮越Park
7148,公渕森林公園 北側駐車場,公渕Forest Park North Side Parking Area
7149,公渕森林公園 南西側駐車場,公渕Forest Park 南West Side Parking Area
7150,公渕森林公園 西側駐車場,公渕Forest Park West Side Parking Area
7151,大崎山園地 駐車場,大崎山Recreation Area Parking Area
7152,老の山公園駐車場（北側）,老の山Park Parking Area（North Side）
7153,老の山公園駐車場（南側）,老の山Park Parking Area（South Side）
7154,白鳥中央公園,白鳥Central Park
7155,筒瀬第一公園,筒瀬No.1Park
7156,蔵王憩いの森 南側駐車場,Zao憩い Forest South Side Parking Area
7157,川上ダム公園,River上Dam Park
7158,かりんの丘公園,かりん Hill Park
7159,上林森林公園 無料キャンプ場あり,上林Forest Park Free Campground Available
7160,大山池野営場（無料キャンプ場）,Daisen Pond Campsite（Free Campground）
7161,黒島海浜公園,黒島Seaside Park
7162,UFOライン入り口 寒風茶屋 駐車場,UFOライン入り口 寒風茶屋 Parking Area
7163,四方見展望台,四方見Observation Deck
7164,鉢伏ふれあい公園,鉢伏Community Park
7165,鹿島公園駐車場（土佐清水 黒潮市場）,鹿島Park Parking Area（土佐Shimizu 黒潮Market）
7166,彦島ナイス・ビューパーク,彦島ナイス・ビューPark
7167,鴨池海岸公園,鴨Pond Coast Park
7168,秋吉台 展望台駐車場,秋吉台 Observation Deck Parking Area
7169,東栄地区港湾緑地,東栄地区Port湾Green Space
7170,鬼ノ城跡駐車場,鬼ノCastle跡Parking Area
7171,紫雲出山 駐車場,紫雲出山 Parking Area
7172,龍ノ口グリーンシャワーの森 駐車場,龍ノ口Greenシャワー Forest Parking Area
7173,新岡山港 市民の森,新Okayama Port 市民 Forest
7174,三瓶ダム無料駐車場,三瓶Dam Free Parking Area
7175,矢喰の岩公園 駐車場,矢喰の岩Park Parking Area
7176,温泉津温泉 ゆうゆう館駐車場,Hot Spring津Hot Spring ゆうゆう館Parking Area
7177,鷲敷アイビレッジ公園,鷲敷アイVillage Park
7178,四季の森,四季 Forest
7179,飯野山登山口駐車場,飯野山登Yamaguchi Parking Area
7180,ビーバー館,ビーバー館
7181,目田森林公園,目田Forest Park
7182,レストパーク桜三里,レストPark桜三里
7183,（夜間閉鎖の可能性あり）長田海浜公園,（Night Closureの可能性Available）長田Seaside Park
7184,海苔石園地,海苔石Recreation Area
7185,三ツ山スポーツ公園,三ツ山Sports Park
7186,石見海浜公園,石見Seaside Park
7187,めぐみのゆ公園,めぐみのゆPark
7188,香六ダム公園,香六Dam Park
7189,祖谷ふれあい公園P,祖谷Community Park P
7190,美保関灯台駐車場,美保関灯台Parking Area
7191,音戸の瀬戸公園 北側P,音戸の瀬戸Park North Side P
7192,ほたる見公園P,ほたる見Park P
7193,ひまねきテラス,ひまねきTerrace
7194,安芸タイガース球場,安芸タイガース球場
7195,井尻駐車場,井尻Parking Area
7196,白猪の滝駐車場,白猪のWaterfall Parking Area
7197,牛窓海水浴場,牛窓Swimming Beach
7198,大山展望台,Daisen Observation Deck
7199,新築地緑地 海が見える「花の園」,新築地Green Space 海が見える「花の園」
7200,さひめ湖無料P,さひめLake Free P
7201,高見山展望台,高見山Observation Deck
7202,千光寺の裏の駐車場,千光Templeの裏のParking Area
7203,河川敷駐車場,River River敷Parking Area
7204,展望台の駐車場,Observation Deck Parking Area
7205,石鎚山土小屋駐車場（北側）,石鎚山土小屋Parking Area（North Side）
7206,観音水,観音水
7207,城内観光駐車場,Castle内Sightseeing Parking Area
7208,志津見ダムの無料駐車場,志津見Dam Free Parking Area
7209,三瓶山観光駐車場 西の原駐車場,三瓶山Sightseeing Parking Area 西の原Parking Area
7210,石見銀山世界遺産センター,石見銀山世界遺産Center
7211,中山無料駐車場,中山Free Parking Area
7212,福原PA,福原PA
7213,本郷憩いの森キャンプ場,本郷憩い Forest Campground
7214,小田大浜キャンプ場,小田大Beach Campground
7215,前川キャンプ場,前 River Campground
7216,青少年野外活動教育センター幡降野営場,青少年野外活動教育Center幡降Campsite
7217,おなし名水,おNone Famous Spring
7218,江の川PA,江の River PA
7219,篠坂PA,篠坂PA
7220,神郷PA,神郷PA
7221,久地PA,久地PA
7222,美作追分PA,美作追分PA
7223,道の駅 ロード銀山,Roadside Station Road銀山
7224,宍道湖SA,宍道Lake SA
7225,お好み焼き 大樹,お好み焼き Taiki
7226,ハスコパーク 川棚温泉,ハスコPark River棚Hot Spring
7227,道の駅 よって西土佐,Roadside Station よって西土佐
7228,道の駅 天空の郷さんさん,Roadside Station 天空 no Satoさんさん
7229,すし丸,すし丸
7230,ラジャ神辺店,ラジャ神辺店
7231,鞆の浦,鞆の浦
7232,七塚原SA,七塚原SA
7233,蒜山大山スカイライン,蒜山Daisenスカイライン
7234,ゆとりすとパークおおとよ,ゆとりすとParkおおとよ
7235,石鎚スカイライン入り口,石鎚スカイライン入り口
7236,蒜山高原SA,蒜山Highland SA
7237,大轟の滝,大轟のWaterfall
7238,釜谷峡,釜谷峡
7239,頓原ラムネ銀泉,頓原ラムネ銀泉
7240,ダイヤモンド瀬戸内マリンホテル,ダイヤモンド瀬戸内マリンHotel
7241,美都温泉,美都Hot Spring
7242,RVパークたまがわ,RVParkたまがわ
7243,出雲駅前温泉 らんぷの湯（有料駐車場）,Izumo Station Front Hot Spring らんぷ Hot Bath（Paid Parking Area）
7244,RVパーク サンリゾート仁尾,RVPark サンResort仁尾
7245,こまどり温泉 車中泊スペース,こまどりHot Spring Car Overnightスペース
7246,五日市天然温泉ゆらゆら,五日市Natural Hot Springゆらゆら
7247,たかせ天然温泉（RVパーク たかせ天然温泉）,たかせNatural Hot Spring（RVPark たかせNatural Hot Spring）
7248,御所の郷,御所 no Sato
7249,皆生温泉 おーゆ･ランド（RV PARK 皆生～おーゆ・ランド～）,皆生Hot Spring おーゆ･Land（RV PARK 皆生～おーゆ・Land～）
7250,亀ヶ池温泉の駐車場,亀ヶPond Hot Spring Parking Area
7251,愛の村パーク キャンプ場,愛の村Park Campground
7252,ラ・フォーレつるぎ山,ラ・フォーレつるぎ山
7253,鳴門グランドホテル,鳴門グLand Hotel
7254,プランナールみささ,プランナールみささ
7255,山下うどん,山下うどん
7256,支那そば 王王軒 本店,支那Soba 王王軒 Main Store
7257,ふく利 北島本店,ふく利 北島Main Store
7258,中華そば もりしょう,Chinese Soba もりしょう
7259,いのたに 本店,いのたに Main Store
7260,マサラ,マサラ
7261,和気駅 駐車場,和気駅 Parking Area
7262,道の駅 さんわ182ステーション,Roadside Station さんわ182Station
7263,ドライブイン旭川,ドライブイン旭 River
7264,井原運動公園 野球場,井原Sports Park 野球場
7265,吉井川中流県立自然公園,吉井 River中流県立Nature Park
7266,カモンワーフ第２駐車場,カモンワーフ第２Parking Area
7267,高清水トレイル赤和瀬駐車場,高Shimizuトレイル赤和瀬Parking Area
7268,AMANO ｱｯﾄﾊﾟｰｸJR松山駅南,AMANO ｱｯﾄﾊﾟｰｸJRMatsuyama駅南
7269,琴名水,琴Famous Spring
7270,大畠神代港,大畠神代Port
7271,音戸の瀬戸公園駐車場,音戸の瀬戸Park Parking Area
7272,千畳敷駐車場,千畳敷Parking Area
7273,別府弁天池湧水,Beppu弁天Pond Natural Spring
7274,岩井滝 駐車場,岩井Waterfall Parking Area
7275,なかうみ農村公園 駐車場,なかうみRural Park Parking Area
7276,岡山県立森林公園,Okayama県立Forest Park
7277,海の駅あしずり ジョン万次郎資料館駐車場,Sea 駅あしずり ジョン万次郎資料館Parking Area
7278,大ヶ峠道路公園,大ヶPass道路Park
7279,尾道大橋南駐車場,尾道大橋南Parking Area
7280,ホテル清風館近くの駐車場,Hotel清風館近くのParking Area
7281,旭川ダム,旭 River Dam
7282,重信川かすみの森公園（無料キャンプ場）,重信 Riverかすみ Forest Park（Free Campground）
7283,聖湖キャンプ場,聖Lake Campground
7284,吉田河川公園（無料キャンプ場）,吉田 River River Park（Free Campground）
7285,横倉山第３駐車場および第２駐車場,横倉山第３Parking Areaおよび第２Parking Area
7286,ベルピール自然公園,ベルピールNature Park
7287,土師ダム無料駐車場,土師Dam Free Parking Area
7288,原田パーキング（トイレなし）,原田パーKing（No Restroom）
7289,阿賀マリノ埋立地公園の駐車場,阿賀マリノ埋立地Park Parking Area
7290,売店横給水所（別府弁天池湧水）,売店横給水所（Beppu弁天Pond Natural Spring）
7291,弁財天様 水くみ場（別府弁天池湧水）,弁財天様 水くみ場（Beppu弁天Pond Natural Spring）
7292,（有料、夜間閉鎖）海田総合公園,（Paid、Night Closure）海田General Park
7293,因島フラワーセンター,因島フラワーCenter
7294,西ノ島総合公園,西ノ島General Park
7295,那久岬灯台,那久Cape灯台
7296,美保湾展望駐車場,美保湾展望Parking Area
7297,浦富海水浴場第一駐車場,浦富Swimming Beach No.1Parking Area
7298,湖山池・金沢駐車場,Lake山Pond・金沢Parking Area
7299,足摺岬東側駐車場（※トイレ無し）,足摺Cape East Side Parking Area（※No Restroom）
7300,西郷岬灯台（夕日ヶ丘公園）,西郷Cape灯台（夕日ヶ丘Park）
7301,石見海浜公園・花の中央広場,石見Seaside Park・花のCentral Plaza
7302,湖山池・福井駐車場,Lake山Pond・福井Parking Area
7303,くにびき夕日公園,くにびき夕日Park
7304,糸米川砂防園,糸米 River砂防園
7305,佐田岬駐車場,佐田Cape Parking Area
7306,因島水軍城駐車場,因島水軍Castle Parking Area
7307,鹿田公園,鹿田Park
7308,金山谷池親水公園,金山谷Pond Waterfront Park
7309,出雲日御碕灯台,Izumo日御碕灯台
7310,尾道ラーメン 太華園,尾道Ramen 太華園
7311,三日月公園駐車場（無料）,三日月Park Parking Area（Free）
7312,大津泊庭園無料駐車場 2,Otsu泊庭園Free Parking Area 2
7313,宇部ラーメン 大阪屋,宇部Ramen Osaka屋
7314,安芸広域公園・川のゾーン駐車場,安芸広域Park・ RiverのゾーンParking Area
7315,境港 夢みなと公園,境Port 夢Port Park
7316,岡山後楽園,Okayama後楽園
7317,天然温泉ホットカモ,Natural Hot Springホットカモ
7318,苫田ダム,苫田Dam
7319,道の駅 みなとオアシス 八幡浜みなっと,Roadside Station Portオアシス 八幡Beachみなっと
7320,ベイサイドビーチ坂,ベイSide Beach坂
7321,道の駅 来夢とごうち,Roadside Station 来夢とごうち
7322,みつの里(車中泊不適)※トイレはコンビニ利用,みつ no Sato(Car Overnight不適)※Restroomはコンビニ利用
7323,宮地やすらぎの里(車中泊不適)※公衆トイレあり,宮地やすらぎ no Sato(Car Overnight不適)※Public Restroom Available
7324,おはち山名水,おはち山Famous Spring
7325,道の駅 湯の川,Roadside Station 湯の River
7326,別府弁天池,Beppu弁天Pond
7327,湯ノ峠湧水,湯ノPass Natural Spring
7328,道の駅 遊YOUさろん東城,Roadside Station 遊YOUさろん東Castle
7329,香橋池パーキングエリア（トイレなし）,香橋PondパーKing Area（No Restroom）
7330,直島町営駐車場,直島Town-run Parking Area
7331,鍵掛峠展望台,鍵掛Pass Observation Deck
7332,尾道トラックステーション,尾道トラックStation
7333,琴ヶ浜,琴ヶBeach
7334,宮崎の河原キャンプ場の駐車場（無料キャンプ場）,Miyazakiの River原Campground Parking Area（Free Campground）
7335,道の駅 清流茶屋かわはら,Roadside Station 清流茶屋かわはら
7336,道の駅 にちなん日野川の郷,Roadside Station にちなん日野 River no Sato
7337,道の駅 サンエイト美都,Roadside Station サンエイト美都
7338,道の駅 はっとう,Roadside Station はっとう
7339,篁水,篁水
7340,道の駅 鯉が窪,Roadside Station 鯉が窪
7341,道の駅 北の関宿 安芸高田,Roadside Station 北の関宿 安芸高田
7342,中筋川ダムお遍路さん休憩所横駐車場,中筋 River Damお遍路さん休憩所横Parking Area
7343,郡山城の登り口,Koriyama Castleの登り口
7344,青山銘水,青山銘水
7345,住吉自然水,住吉自然水
7346,道の駅 清流の里ひじかわ,Roadside Station 清流 no Satoひじかわ
7347,蛇王運動公園,蛇王Sports Park
7348,道の駅 霧の森,Roadside Station 霧 Forest
7349,セブンイレブン駐車場,セブンイレブンParking Area
7350,道の駅 風早の郷・風和里,Roadside Station 風早 no Sato・風和里
7351,蔵清水,蔵Shimizu
7352,出雲大社,Izumo大社
7353,ぶっかけうどん ふるいち 仲店,ぶっかけうどん ふるいち 仲店
7354,道の駅 ごいせ仁摩,Roadside Station ごいせ仁摩
7355,（トイレ不明）崇徳天皇宮下,（Restroom不明）崇徳天皇宮下
7356,岡山 津山 勝北総合スポーツ公園,Okayama 津山 勝北総合Sports Park
7357,白島（白島崎）展望台の駐車場,白島（白島崎）Observation Deck Parking Area
7358,菱浦港(モンニャモニャセンター)駐車場,菱浦Port(モンニャモニャCenter)Parking Area
7359,四日市冥加の水,四日市冥加 Spring Water
7360,石見銀山駐車場（五百羅漢のところ）,石見銀山Parking Area（五百羅漢のところ）
7361,大塚国際美術館,大塚国際Art Museum
7362,水島中央公園(車中泊不可),水島Central Park(Car Overnight不可)
7363,道の駅 大社ご縁広場,Roadside Station 大社ご縁Plaza
7364,尾道ラーメン 東珍康,尾道Ramen 東珍康
7365,高茂岬 展望園地,高茂Cape 展望Recreation Area
7366,大和公園,大和Park
7367,粒江PA,粒江PA
7368,安佐SA,安佐SA
7369,道口PA,道口PA
7370,（トイレ無し）みそのお遺跡公園,（No Restroom）みそのお遺跡Park
7371,元祖 春来軒,元祖 春来軒
7372,ラフォーレつるぎ山への分岐路の路肩,ラフォーレつるぎ山への分岐路の路肩
7373,秋芳洞,秋芳洞
7374,新見市民公園駐車場,新見市民Park Parking Area
7375,道の駅 日吉夢産地,Roadside Station 日吉夢産地
7376,高梁市民プール駐車場,高梁市民プールParking Area
7377,安登公園,安登Park
7378,道の駅 あわくらんど,Roadside Station あわくらんど
7379,マリンピア北緑地,マリンピア北Green Space
7380,やまみ三原運動公園 北側駐車場,やまみ三原Sports Park North Side Parking Area
7381,風の国グランドゴルフ駐車場,風の国グLandゴルフParking Area
7382,福山SA,福山SA
7383,おいしい奥屋の水,おいしい奥屋 Spring Water
7384,佐波川SA（上り側にシャワー）,佐波 River SA（上り側にシャワー）
7385,ホルンフュルス断層、須佐ホルンフェルス,ホルンフュルス断層、須佐ホルンフェルス
7386,半田弁天湧泉,半田弁天湧泉
7387,天恵湧水,天恵Natural Spring
7388,湯谷温泉 温泉水汲場,湯谷Hot Spring Hot Spring水汲場
7389,名水 龍の涙,Famous Spring 龍の涙
7390,僧都地蔵の水（霊鷲山の湧水）,僧都地蔵 Spring Water（霊鷲山のNatural Spring）
7391,柳の水,柳 Spring Water
7392,山の中の無料P,山の中のFree P
7393,奥吉備街道駐車場(仮称)※トイレ無し,奥吉備街道Parking Area(仮称)※No Restroom
7394,新町市営駐車場,新町City-run Parking Area
7395,おかもと仕出し店(グルメ),おかもと仕出し店(グルメ)
7396,黒谷ダム,黒谷Dam
7397,道の駅 くめなん,Roadside Station くめなん
7398,道の駅 醍醐の里,Roadside Station 醍醐 no Sato
7399,御津宇垣駐車場（トイレなし）,御津宇垣Parking Area（No Restroom）
7400,道の駅 赤来高原,Roadside Station 赤来Highland
7401,川柳公園(車中泊不適)※トイレあり,River柳Park(Car Overnight不適)※Restroom Available
7402,金明水,金明水
7403,観音菩薩座像 水汲み場,観音菩薩座像 水汲み場
7404,菊水の井戸,菊水の井戸
7405,高梁SA,高梁SA
7406,上野PA,上野PA
7407,南国SA,南国SA
7408,道の駅 たたらば壱番地,Roadside Station たたらば壱番地
7409,院庄インター駐車場（トイレ利用可否不明）,院庄Interchange Parking Area（Restroom利用可否不明）
7410,武内食堂,武内Diner
7411,温品PA (下りのみ),温品PA (下りのみ)
7412,新華園 河原町店,新華園 River原町店
7413,音戸の瀬戸公園内・無料駐車場、音戸大橋料金所跡,音戸の瀬戸Park内・Free Parking Area、音戸大橋料金所跡
7414,（トイレの有無不明）夢みなとタワー前駐車場,（Restroomの有無不明）夢Portタワー前Parking Area
7415,物部川橋西側河川敷,物部 River橋West Side River River敷
7416,水島緑地福田公園(車中泊不可),水島Green Space福田Park(Car Overnight不可)
7417,飯山茶屋前駐車場,飯山茶屋前Parking Area
7418,鏡野町西屋 無料駐車場,鏡野町西屋 Free Parking Area
7419,比和の特産市場横のP,比和の特産Market横のP
7420,無料駐車場,Free Parking Area
7421,ぽかぽか公園駐車場,ぽかぽかPark Parking Area
7422,道の駅 かもがわ円城,Roadside Station かもがわ円Castle
7423,珍来軒,珍来軒
7424,岡山県奥津湖の北側 箱の社公園のトイレ、奥津箱パーク公衆トイレ,Okayama県奥津Lake North Side 箱の社Park Restroom、奥津箱Park Public Restroom
7425,まちのえき「法勝寺まごころ市」,まちのえき「法勝Templeまごころ市」
7426,吉和SA,吉和SA
7427,五味鳥,五味鳥
7428,横野滝駐車場,横野Waterfall Parking Area
7429,おはよう堂,おはよう堂
7430,巌流島（船島）,巌流島（船島）
7431,鷲羽山展望台,鷲羽山Observation Deck
7432,美馬リバーサイドパーク,美馬リバーSide Park
7433,大迫名水,大迫Famous Spring
7434,総社PA,総社PA
7435,スパシーレ祇園,Spaシーレ祇園
7436,錦帯橋,錦帯橋
7437,みち停「あさひ」（トイレあり(夜間の利用は不明)）,みち停「あさひ」（Restroom Available(夜間の利用は不明)）
7438,外泊石垣の里,外泊Ishigaki no Sato
7439,道の駅 グリーンロード大和,Roadside Station Green Road大和
7440,道の駅 センザキッチン,Roadside Station センザキッチン
7441,久米南町民運動公園,久米南町民Sports Park
7442,須崎食料品店,須崎食料品店
7443,防府天満宮 梅林駐車場,防府天満宮 梅林Parking Area
7444,すし弁慶 道笑町店,すし弁慶 道笑町店
7445,（トイレ無し）三篠川の広くなってる場所,（No Restroom）三篠 Riverの広くなってる場所
7446,道の駅 布施ヶ坂,Roadside Station 布施ヶ坂
7447,大内ふれあい公園 河川敷,大内Community Park River River敷
7448,中華そば 紅蘭,Chinese Soba 紅蘭
7449,乃木の名水,乃木のFamous Spring
7450,功山寺名水,功山Temple Famous Spring
7451,勝央SA,勝央SA
7452,小谷SA（下り側にシャワー）,小谷SA（下り側にシャワー）
7453,カツ丼 野村,カツ丼 野-mura
7454,辛香トンネル前駐車場（トイレなし）,辛香トンネル前Parking Area（No Restroom）
7455,岡山空港駐車場,Okayama空Port Parking Area
7456,星の郷観光センター,星 no Sato Sightseeing Center
7457,剣山 見ノ越第一駐車場、剣山リフト乗り場駐車場,剣山 見ノ越No.1Parking Area、剣山リフト乗り場Parking Area
7458,百間川緑地公園・百間川緑地多目的広場(車中泊不可),百間 River Green Space Park・百間 River Green Space Multi-purpose Plaza(Car Overnight不可)
7459,橘港中浦緑地公園の駐車場,橘Port中浦Green Space Park Parking Area
7460,菅野駐車場（トイレなし）,菅野Parking Area（No Restroom）
7461,維新百年記念公園 P7 スポーツ文化センター東駐車場,維新百年記念Park P7 Sports文化Center東Parking Area
7462,鳥心 本店,鳥心 Main Store
7463,県道の休息場所,県道の休息場所
7464,ホテル松尾 7Fレストラン,Hotel松尾 7FRestaurant
7465,王司PA,王司PA
7466,美東SA,美東SA
7467,NPC24H松山駅前パーキング,NPC24HMatsuyama Station FrontパーKing
7468,そうじゃ水辺の楽校（無料キャンプ場）,そうじゃ水辺の楽校（Free Campground）
7469,沙美東海水浴場,沙美東Swimming Beach
7470,大津泊庭園無料駐車場,Otsu泊庭園Free Parking Area
7471,伊方町観光交流拠点施設 佐田岬はなはな,伊方町Sightseeing Community拠点施設 佐田Capeはなはな
7472,道の駅 リストアステーション（車中泊はご遠慮くださいの張り紙）,Roadside Station リストアStation（Car Overnightはご遠慮くださいの張り紙）
7473,ラ・ムー東高松,ラ・ムー東Takamatsu
7474,亀老山展望公園駐車場(しまなみ海道 大島),亀老山Scenic Park Parking Area(しまなみ海道 大島)
7475,赤坂簡易パーキング,赤坂簡易パーKing
7476,湯田温泉PA,湯田Hot Spring PA
7477,池田湖水際公園,Pond田Lake水際Park
7478,河平ダム,River平Dam
7479,無料駐車場とトイレ,Free Parking AreaとRestroom
7480,井出ヶ浜駐車場,井出ヶBeach Parking Area
7481,道の駅 若桜,Roadside Station 若桜
7482,道の駅 かよう,Roadside Station かよう
7483,玉島みなと公園,玉島Port Park
7484,（暴走族の基地）宇佐竜の浜駐車場,（暴走族の基地）宇佐竜のBeach Parking Area
7485,スーパードラッグひまわり竹原店のコインシャワー,スーパードラッグひまわり竹原店のコインシャワー
7486,久村海岸駐車場（トイレの北側エリア）（島根県 道の駅キララ多伎近くの海浜駐車場）,久村Coast Parking Area（Restroom North Side Area）（島根県 Roadside Stationキララ多伎近くのSeaside Parking Area）
7487,恐羅漢山 登山者用駐車場,恐羅漢山 登山者用Parking Area
7488,御津中山駐車場（トイレ利用可否不明）,御津中山Parking Area（Restroom利用可否不明）
7489,正福寺名水,正福Temple Famous Spring
7490,和気のおいしいピザ屋 ピザキング,和気のおいしいピザ屋 ピザKing
7491,鳥取日吉津 新鮮市場,Tottori日吉津 新鮮Market
7492,後楽温泉 ほのかの湯,後楽Hot Spring ほのか Hot Bath
7493,天然温泉宮浜べにまんさくの湯,Natural Hot Spring宮Beachべにまんさく Hot Bath
7494,桂浜駐車場,桂Beach Parking Area
7495,カッタの湯,カッタ Hot Bath
7496,国民宿舎 サンロード吉備路,国民宿舎 サンRoad吉備路
7497,なんちゃら大明神の駐車場,なんちゃら大明神のParking Area
7498,道の駅 あらエッサ,Roadside Station あらエッサ
7499,下津井祇園神社下の公園駐車場,下津井祇園Shrine下のPark Parking Area
7500,四国中央市新町駐車場,四国Central City新町Parking Area
7501,寒川豊岡海浜公園駐車場,寒 River豊岡Seaside Park Parking Area
7502,三井のリパーク 玉野市営宇野駅前駐車場,三井のリPark 玉野City-run宇野Station Front Parking Area
7503,すなみ海浜公園,すなみSeaside Park
7504,山の神公園 駐車場,山の神Park Parking Area
7505,大谷之水源,大谷之水源
7506,石根ふれあい公園,石根Community Park
7507,丹原中央公園,丹原Central Park
7508,タイムズ西条駅前第３,タイムズ西条Station Front第３
7509,タイムズ益田駅前,タイムズ益田Station Front
7510,ハローズ仏生山店,ハローズ仏生山店
7511,道の駅 邑南の里（オオナンノサト）（旧：道の駅 瑞穂）,Roadside Station 邑南 no Sato（オオナンノサト）（旧：Roadside Station 瑞穂）
7512,道の駅 ハピネスふくえ,Roadside Station ハピネスふくえ
7513,ベルリーフ大月,ベルリーフ大月
7514,道の駅 めじかの里土佐清水,Roadside Station めじか no Sato土佐Shimizu
7515,道の駅 佐田岬半島ミュージアム（旧：瀬戸農業公園）,Roadside Station 佐田Cape Peninsulaミュージアム（旧：瀬戸農業Park）
7516,厚狭川河畔寝太郎公園,厚狭 River River畔寝太郎Park
7517,瀬戸展望休憩所（大久展望台）,瀬戸展望休憩所（大久Observation Deck）
7518,ぐるっと竜串 ウエストパーク,ぐるっと竜串 ウエストPark
7519,道の駅 大月,Roadside Station 大月
7520,道の駅 西いなば 気楽里,Roadside Station 西いなば 気楽里
7521,比婆山立烏帽子駐車場,比婆山立烏帽子Parking Area
7522,道の駅 きなはい屋しろかわ,Roadside Station きなはい屋しろかわ
7523,鞆奥漁港海浜公園,鞆奥Fishing Port Seaside Park
7524,道の駅 みまの里,Roadside Station みま no Sato
7525,来島海峡SA,来島海峡SA
7526,野良時計駐車場,野良時計Parking Area
7527,由良比女神社駐車場,由良比女Shrine Parking Area
7528,道の駅 奥出雲おろちループ,Roadside Station 奥Izumoおろちループ
7529,献上そば 羽根屋 大津店,献上Soba 羽根屋 Otsu店
7530,鳥取ぽかぽか温泉,TottoriぽかぽかHot Spring
7531,（※トイレ閉鎖の可能性）久手海岸公園,（※Restroom閉鎖の可能性）久手Coast Park
7532,和楽の湯 下関せいりゅう,和楽 Hot Bath Shimonosekiせいりゅう
7533,倉敷美観地区,倉敷美観地-ku
7534,福田パーキング（トイレなし）,福田パーKing（No Restroom）
7535,鳳翔水,鳳翔水
7536,文化の森総合公園,文化 Forest General Park
7537,雲南市吉田町の観光駐車場（無料）,雲南市吉田町のSightseeing Parking Area（Free）
7538,桜井戸,桜井戸
7539,帝釈峡,帝釈峡
7540,橋野食堂,橋野Diner
7541,鳥取砂丘,Tottori砂丘
7542,長門峡,長門峡
7543,中華そば 朱,Chinese Soba 朱
7544,城山 山頂展望台,Castle山 Summit Observation Deck
7545,石匠の里公園,石匠 no Sato Park
7546,朝山森林公園近くの道路脇,朝山Forest Park近くの道路脇
7547,阿波PA,阿波PA
7548,道の駅 掛合の里,Roadside Station 掛合 no Sato
7549,道の駅 三朝・楽市楽座,Roadside Station 三朝・楽市楽座
7550,道の駅 北浦街道 豊北,Roadside Station 北浦街道 豊北
7551,タイムズ今治旭町,タイムズ今治旭-cho
7552,黄金山公園 展望台,黄金山Park Observation Deck
7553,加田の湯,加田 Hot Bath
7554,どーや食堂,どーやDiner
7555,道の駅 あわくらんど,Roadside Station あわくらんど
7556,道の駅 貞光,Roadside Station 貞光
7557,別府峡谷,Beppu峡谷
7558,大歩危、小歩危,大歩危、小歩危
7559,大山（大山寺）,Daisen（Daisen Temple）
7560,祖谷渓,祖谷渓
7561,大和ミュージアム（呉市海事歴史科学館）,大和ミュージアム（呉市海事歴史科学館）
7562,川棚温泉 ぴーすふる青竜泉,River棚Hot Spring ぴーすふる青竜泉
7563,波の橋立観光駐車場１,波の橋立Sightseeing Parking Area１
7564,波の橋立観光駐車場２,波の橋立Sightseeing Parking Area２
7565,UFOライン,UFOライン
7566,火の山公園,火の山Park
7567,屋島獅子の霊巌,屋島獅子の霊巌
7568,峰山公園展望台,峰山Park Observation Deck
7569,石鎚山,石鎚山
7570,大渡ダム公園P,大渡Dam Park P
7571,周防灘PA,周防灘PA
7572,道の駅 うだつ,Roadside Station うだつ
7573,西条のうちぬき,西条のうちぬき
7574,目無水,目無水
7575,コバルト台地,コバルト台地
7576,恵美須ヶ鼻造船所跡,恵美須ヶ鼻造船所跡
7577,松下村塾,松下村塾
7578,大板山たたら製鉄遺跡,大板山たたら製鉄遺跡
7579,萩城下町,萩Castle下-cho
7580,萩反射炉,萩反射炉
7581,水島工業地帯の絶景ポイント,水島工業地帯の絶景ポイント
7582,公衆トイレ,Public Restroom
7583,さぬきうどん上原屋 本店,さぬきうどん上原屋 Main Store
7584,新天地公園 公衆トイレ,新天地Park Public Restroom
7585,安芸しらす食堂 本店,安芸しらすDiner Main Store
7586,久礼大正町市場,久礼大正町Market
7587,瀬戸PA（上り側にシャワー）,瀬戸PA（上り側にシャワー）
7588,府中湖PA,府中Lake PA
7589,松川公園周辺のコインパーキング,松 River Park Nearby Coin Parking
7590,小鹿渓,小鹿渓
7591,割子そば 一合,割子Soba 一合
7592,中華そば くにまつ,Chinese Soba くにまつ
7593,秋吉台 長者ヶ森駐車場,秋吉台 長者ヶ森Parking Area
7594,秋吉台,秋吉台
7595,大華山,大華山
7596,中華そば しんたく,Chinese Soba しんたく
7597,もみのき森林公園キャンプ場,もみのきForest Park Campground
7598,道の駅 しまなみの駅御島,Roadside Station しまなみの駅御島
7599,道の駅 湖畔の里福富,Roadside Station Lakeside no Sato福富
7600,道の駅 阿武町,Roadside Station 阿武-cho
7601,道の駅 スパ羅漢,Roadside Station Spa羅漢
7602,道の駅 秋鹿なぎさ公園,Roadside Station 秋鹿なぎさPark
7603,山岳植物園岳人の森キャンプ場,山岳植物園岳人 Forest Campground
7604,亀ケ池公園無料キャンプ場,亀ケPond Park Free Campground
7605,道の駅 土佐和紙工芸村,Roadside Station 土佐和紙工芸-mura
7606,道の駅 木の香,Roadside Station 木の香
7607,南光河原駐車場（大山登山口）,南光 River原Parking Area（Daisen登Yamaguchi）
7608,大山県営駐車場、大山博労座駐車場（大山登山口）,Daisen県営Parking Area、Daisen博労座Parking Area（Daisen登Yamaguchi）
7609,休暇村鏡ケ成キャンプ場（風呂とは別にコインシャワーあり）,休暇村鏡ケ成Campground（風呂とは別にコインシャワーAvailable）
7610,高知公園駐車場,Kochi Park Parking Area
7611,徳島市眉山山頂駐車場,Tokushima City眉山Summit Parking Area
7612,土佐タタキ道場,土佐タタキ道場
7613,リム・ふくやま第３駐車場,リム・ふくやま第３Parking Area
7614,秋吉台自然動物公園サファリランド,秋吉台自然動物ParkサファリLand
7615,古墳の丘古曽志公園,古墳 Hill古曽志Park
7616,山田グリーンパーク,山田Green Park
7617,福山市竹ケ端運動公園,福山市竹ケ端Sports Park
7618,つばきの丘運動公園,つばき Hill Sports Park
7619,谷川米穀店,谷 River米穀店
7620,山内うどん店,山内うどん店
7621,オキテクノロジー 徳山西 SS,オキテクノロジー 徳山西 SS
7622,立久恵峡,立久恵峡
7623,瀬戸大橋架橋記念公園 駐車場,瀬戸大橋架橋記念Park Parking Area
7624,三徳山,三徳山
7625,三段峡,三段峡
7626,眉山公園,眉山Park
7627,斐伊川堤防桜並木（島根）,斐伊 River堤防桜並木（島根）
7628,津山城（鶴山公園）（岡山）,津山Castle（鶴山Park）（Okayama）
7629,打吹公園（鳥取）,打吹Park（Tottori）
7630,千光寺公園（広島）,千光Temple Park（Hiroshima）
7631,西部公園（徳島）,西部Park（Tokushima）
7632,城山公園（愛媛県）（愛媛）,Castle山Park（愛媛県）（愛媛）
7633,上野公園（広島県）（広島）,上野Park（Hiroshima県）（Hiroshima）
7634,松江城山公園（島根）,Matsue Castle山Park（島根）
7635,種松山公園,種Matsuyama Park
7636,琴弾公園（香川）,琴弾Park（香 River）
7637,錦帯橋・吉香公園（山口）,錦帯橋・吉香Park（Yamaguchi）
7638,鏡野公園（高知）,鏡野Park（Kochi）
7639,久松公園（鳥取）,久松Park（Tottori）
7640,ときわ公園（山口）,ときわPark（Yamaguchi）
7641,快活CLUB 下関長府店,Kaikatsu CLUB Shimonoseki長府店
7642,快活CLUB 周南久米店,Kaikatsu CLUB 周南久米店
7643,快活CLUB 東広島西条店,Kaikatsu CLUB 東Hiroshima西条店
7644,快活CLUB 防府店,Kaikatsu CLUB 防府店
7645,快活CLUB 丸亀店,Kaikatsu CLUB 丸亀店
7646,快活CLUB 高松中央通り店,Kaikatsu CLUB Takamatsu Central Street店
7647,快活CLUB 高松福岡町店,Kaikatsu CLUB Takamatsu Fukuoka-cho店
7648,快活CLUB 岡山青江店,Kaikatsu CLUB Okayama青江店
7649,快活CLUB 福山東深津店,Kaikatsu CLUB 福山東深津店
7650,快活CLUB 広島祇園店,Kaikatsu CLUB Hiroshima祇園店
7651,重松飯店,重松飯店
7652,道の駅 キララ多伎,Roadside Station キララ多伎
7653,道の駅 長門峡,Roadside Station 長門峡
7654,製麺処 蔵木,製麺処 蔵木
7655,大浜PA,大Beach PA
7656,瀬戸田PA,瀬戸田PA
7657,一鶴 土器川店,一鶴 土器 River店
7658,はりや,はりや
7659,長田 in かのか,長田 in かのか
7660,日の出製麺所,Sunrise製麺所
7661,がもう,がもう
7662,山越,山越
7663,パパベル 丸亀店,パパベル 丸亀店
7664,坂PA,坂PA
7665,新天地みっちゃん,新天地みっちゃん
7666,絵下山公園展望広場,絵下山Park展望Plaza
7667,土器川河川敷緑地,土器 River River River敷Green Space
7668,大佐SA,大佐SA
7669,弥生緑地公園駐車場,弥生Green Space Park Parking Area
7670,公衆トイレ,Public Restroom
7671,大轟の滝近くの道路脇,大轟のWaterfall近くの道路脇
7672,公衆トイレ,Public Restroom
7673,雄町の冷泉,雄町の冷泉
7674,松江城,Matsue Castle
7675,旧鷲羽山スカイライン,旧鷲羽山スカイライン
7676,（トイレ無し）陶芸の村展望駐車場,（No Restroom）陶芸の村展望Parking Area
7677,朱華園 ラーメン,朱華園 Ramen
7678,高知桂浜のトイレ駐車場,Kochi桂Beach Restroom Parking Area
7679,本郷PA,本郷PA
7680,楢原PA,楢原PA
7681,二宮PA,二宮PA
7682,真庭PA,真庭PA
7683,本村PA,本村PA
7684,帝釈峡PA,帝釈峡PA
7685,宮島・紅葉谷公園,Miyajima・紅葉谷Park
7686,脇町・うだつの町並み,脇-cho・うだつの町並み
7687,道の駅 たかの,Roadside Station たかの
7688,道の駅 サンピコごうつ,Roadside Station サンピコごうつ
7689,寒霞渓（紅雲亭）,寒霞渓（紅雲亭）
7690,蒲生田岬駐車場,蒲生田Cape Parking Area
7691,いではら,いではら
7692,角島海上道路,角島海上道路
7693,荒磯館 絶景温泉,荒磯館 絶景Hot Spring
7694,おかもと鮮魚店,おかもと鮮魚店
7695,はなぐり海岸駐車場,はなぐりCoast Parking Area
7696,手結住吉県立自然公園,手結住吉県立Nature Park
7697,那賀町鷲敷野外活動センター 河川敷P,那賀町鷲敷野外活動Center River River敷P
7698,奥津温泉 東和楼,奥津Hot Spring 東和楼
7699,柚木慈生温泉,柚木慈生Hot Spring
7700,高尾の湯,高尾 Hot Bath
7701,真賀温泉館 幕湯,真賀Hot Spring館 幕湯
7702,般若寺温泉,般若Temple Hot Spring
7703,中華そば山冨士 本町店,Chinese Soba山冨士 本町店
7704,七幸 高松駅店,七幸 Takamatsu駅店
7705,中山運動公園,中山Sports Park
7706,田布施,田布施
7707,RVパークsmart あるかぽーと,RVParksmart あるかぽーと
7708,鯛喜,鯛喜
7709,坂出ショッピングセンター駐車場,坂出ショッピングCenter Parking Area
7710,おか泉,おか泉
7711,長門峡 龍宮淵駐車場,長門峡 龍宮淵Parking Area
7712,あわの抄,あわの抄
7713,出雲坂根駅 延命水,Izumo坂根駅 延命水
7714,べふ峡,べふ峡
7715,唐戸市場新鮮お寿司街 立ち食い寿司,唐戸Market新鮮お寿司街 立ち食い寿司
7716,道の駅 本庄,Roadside Station 本庄
7717,悠悠,悠悠
7718,あやうた温泉 湯舟道,あやうたHot Spring 湯舟道
7719,陸奥野営場、陸奥記念館前駐車場,陸奥Campsite、陸奥Memorial Hall前Parking Area
7720,スープカレー q,スープカレー q
7721,奥屋PA,奥屋PA
7722,高坂PA,高坂PA
7723,八幡PA,八幡PA
7724,船瀬海岸公園,船瀬Coast Park
7725,しおかぜ公園駐車場,しおかぜPark Parking Area
7726,道の駅 仁保の郷,Roadside Station 仁保 no Sato
7727,白峰パークセンター,白峰Park Center
7728,吉田松陰生誕の地駐車場,吉田松陰生誕の地Parking Area
7729,瀬戸吉井川緑地(弓削地区)（無料キャンプ場）,瀬戸吉井 River Green Space(弓削地区)（Free Campground）
7730,（トイレ無し）陶芸の村駐車場,（No Restroom）陶芸の村Parking Area
7731,平生町道路公園,平生町道路Park
7732,里庄球場,里庄球場
7733,中の島公園,中の島Park
7734,小鹿渓 もみじの里休憩所,小鹿渓 もみじ no Sato休憩所
7735,９号沿いのパーキングエリア,９号沿いのパーKing Area
7736,角島大橋駐車場,角島大橋Parking Area
7737,かっぱ,かっぱ
7738,豊稔池石積式ダム,豊稔Pond石積式Dam
7739,津田の松原SA,津田の松原SA
7740,乙女の湯八万温泉,乙女 Hot Bath八万Hot Spring
7741,岩戸海水浴場駐車場（砂地）,岩戸Swimming Beach Parking Area（砂地）
7742,伊方じゃこてん きらら店,伊方じゃこてん きらら店
7743,佐伯図書館,佐伯図書館
7744,このファミマにトイレあり,このファミマにRestroom Available
7745,トイレあり,Restroom Available
7746,経ヶ丸オートキャンプ場,経ヶ丸Auto Campground
7747,頭島 市営駐車場,頭島 City-run Parking Area
7748,無料駐車場,Free Parking Area
7749,公衆トイレ,Public Restroom
7750,青ノ山山頂,青ノ山Summit
7751,白峰パークセンター,白峰Park Center
7752,岡山トラックステーション,OkayamaトラックStation
7753,石見銀山,石見銀山
7754,薬研堀 八昌（お好み焼き有名店）,薬研堀 八昌（お好み焼き有名店）
7755,みっちゃん総本店 八丁堀店,みっちゃん総Main Store 八丁堀店
7756,麗ちゃん,麗ちゃん
7757,おさふねサービスエリア（備前長船サービスエリア）,おさふねサービスArea（備前長船サービスArea）
7758,せせらぎの里 オートキャンプ場,Stream no Sato Auto Campground
7759,うなぎ料理 大はかや,うなぎ料理 大はかや
7760,くうかい,くうかい
7761,瀬戸晴れ,瀬戸晴れ
7762,頭島駐車場,頭島Parking Area
7763,宮の前の無料駐車場,宮の前のFree Parking Area
7764,あなごめし うえの 宮島口本店,あなごめし うえの Miyajima口Main Store
7765,宮島SA,Miyajima SA
7766,ひばり食堂,ひばりDiner
7767,いろり山賊 玖珂店,いろり山賊 玖珂店
7768,長門湯本温泉 恩湯,長門Yumoto Hot Spring 恩湯
7769,神辺天然温泉 ぐらんの湯,神辺Natural Hot Spring ぐらん Hot Bath
7770,岡山みやび温泉 大家族の湯,OkayamaみやびHot Spring 大家族 Hot Bath
7771,二河公園駐車場,二 River Park Parking Area
7772,コインシャワー湯野,コインシャワー湯野
7773,江泊温泉 和の湯,江泊Hot Spring 和 Hot Bath
7774,尾道平原温泉 ぽっぽの湯,尾道平原Hot Spring ぽっぽ Hot Bath
7775,しまなみ温泉 喜助の湯,しまなみHot Spring 喜助 Hot Bath
7776,みなと温泉ほのかみ,Port Hot Springほのかみ
7777,宿毛リゾート 椰子の湯,宿毛Resort 椰子 Hot Bath
7778,白猿の湯（俵山温泉）,白猿 Hot Bath（俵山Hot Spring）
7779,くだまつ健康パーク,くだまつHealth Park
7780,せきがね湯命館,せきがね湯命館
7781,いずも縁結び温泉ゆらり,いずも縁結びHot Springゆらり
7782,湯郷温泉 湯郷鷺温泉館,湯郷Hot Spring 湯郷鷺Hot Spring館
7783,八幡浜黒湯温泉みなと湯,八幡Beach黒湯Hot Spring Port湯
7784,天然温泉えびすの湯,Natural Hot Springえびす Hot Bath
7785,湯処あらたえ 小松島店（旧：おたかラッコの湯 御寶言泉）,湯処あらたえ 小Matsushima店（旧：おたかラッコ Hot Bath 御寶言泉）
7786,高知ぽかぽか温泉,KochiぽかぽかHot Spring
7787,ひかわ美人の湯,ひかわ美人 Hot Bath
7788,上関海峡温泉 鳩子の湯,上関海峡Hot Spring 鳩子 Hot Bath
7789,少彦名温泉 大洲 臥龍の湯,少彦名Hot Spring 大洲 臥龍 Hot Bath
7790,和気鵜飼谷温泉,和気鵜飼谷Hot Spring
7791,SOZU温泉（旧：雙津峡温泉 憩の家）,SOZUHot Spring（旧：雙津峡Hot Spring 憩の家）
7792,豪円湯院（日帰り温泉施設）,豪円湯院（日帰りHot Spring施設）
7793,クアハウス今治,クアハウス今治
7794,たけべ八幡温泉,たけべ八幡Hot Spring
7795,天然温泉 尾道みなと館,Natural Hot Spring 尾道Port館
7796,四万十いやしの里,Shimantoいやし no Sato
7797,天然温泉きらら,Natural Hot Springきらら
7798,竜崎温泉ちどり,竜崎Hot Springちどり
7799,道後温泉本館,Dogo Hot Spring本館
7800,黒潮本陣,黒潮本陣
7801,養老温泉郷 天然温泉 うら湯,養老Hot Spring郷 Natural Hot Spring うら湯
7802,丸亀ぽかぽか温泉,丸亀ぽかぽかHot Spring
7803,多伎いちじく温泉,多伎いちじくHot Spring
7804,平成温泉（出雲）,平成Hot Spring（Izumo）
7805,桜花の郷 ラ･フォーレ庄原（旧：かんぽの郷 庄原）,桜花 no Sato ラ･フォーレ庄原（旧：かんぽ no Sato 庄原）
7806,原田温泉 はらだの湯,原田Hot Spring はらだ Hot Bath
7807,かみとくの湯,かみとく Hot Bath
7808,仏生山温泉,仏生山Hot Spring
7809,蛍が見える駐車場,蛍が見えるParking Area
7810,岡山いこいの村,Okayamaいこいの-mura
7811,おおのはら 萩の湯,おおのはら 萩 Hot Bath
7812,養老温泉本館,養老Hot Spring本館
7813,俵山温泉 町の湯,俵山Hot Spring -cho Hot Bath
7814,薬王寺温泉 湯元 醫王の湯,薬王Temple Hot Spring 湯元 醫王 Hot Bath
7815,土佐れいほくの湯,土佐れいほく Hot Bath
7816,美福（福山市）,美福（福山市）
7817,小屋原温泉 熊谷旅館,小屋原Hot Spring 熊谷旅館
7818,かもだ岬温泉保養センター,かもだCape Hot Spring Recreation Center
7819,筒賀温泉 グリーンスパつつが,筒賀Hot Spring Green Spaつつが
7820,かざし温泉,かざしHot Spring
7821,温泉津温泉 薬師湯,Hot Spring津Hot Spring 薬師湯
7822,玉造温泉ゆ〜ゆ,玉造Hot Springゆ〜ゆ
7823,ニューサンピア 坂出,ニューサンピア 坂出
7824,あせび温泉やすらぎの郷,あせびHot Springやすらぎ no Sato
7825,春日温泉,春日Hot Spring
7826,はくちょう温泉,はくちょうHot Spring
7827,リフレッシュハウス東城,リフレッシュハウス東Castle
7828,砂丘温泉ふれあい会館,砂丘Hot Spring Community会館
7829,宝喜温泉館,宝喜Hot Spring館
7830,森の国ぽっぽ温泉,森の国ぽっぽHot Spring
7831,塩入温泉,塩入Hot Spring
7832,美郷の湯,美郷 Hot Bath
7833,片添ケ浜温泉 遊湯ランド,片添ケBeach Hot Spring 遊湯Land
7834,グリーンステイながうら,Greenステイながうら
7835,長沢ガーデン,長沢Garden
7836,スーパー銭湯ゆらら,スーパーPublic Bathゆらら
7837,千原温泉 湯治場,千原Hot Spring 湯治場
7838,安芸の湯,安芸 Hot Bath
7839,健幸プラザ西大寺,健幸Plaza西大Temple
7840,温泉津温泉 元湯泉薬湯（せんやくゆ、せんやくとう）,Hot Spring津Hot Spring 元湯泉薬湯（せんやくゆ、せんやくとう）
7841,つるぎの湯大桜,つるぎ Hot Bath大桜
7842,遙照山温泉,遙照山Hot Spring
7843,音戸温泉,音戸Hot Spring
7844,鴨島温泉鴨の湯,鴨島Hot Spring鴨 Hot Bath
7845,柿の木温泉 はとのゆ,柿の木Hot Spring はとのゆ
7846,日乃出温泉,日乃出Hot Spring
7847,SPA&Wellnessぽかぽか,SPA&Wellnessぽかぽか
7848,ゆアシス東郷龍鳳閣,ゆアシス東郷龍鳳閣
7849,クア温泉屋島,クアHot Spring屋島
7850,東湯（鳴門市）,東湯（鳴門市）
7851,旭湯（土佐清水）,旭湯（土佐Shimizu）
7852,三十六温泉 由良里の湯,三十六Hot Spring 由良里 Hot Bath
7853,法勝寺温泉,法勝Temple Hot Spring
7854,道後温泉 椿の湯,Dogo Hot Spring 椿 Hot Bath
7855,スーパー銭湯あかね温泉,スーパーPublic BathあかねHot Spring
7856,つるの湯,つる Hot Bath
7857,湯あそびひろば 川内温泉,湯あそびひろば River内Hot Spring
7858,日帰り温泉 湯谷荘,日帰りHot Spring 湯谷荘
7859,岡山ふれあいセンター 桑の湯,Okayama Community Center 桑 Hot Bath
7860,加茂健康福祉センターかもてらす,加茂Health福祉Centerかもてらす
7861,八東地域福祉センター(鍛冶屋温泉 久遠の湯）,八東地域福祉Center(鍛冶屋Hot Spring 久遠 Hot Bath）
7862,塩ヶ平温泉 掛合まめなかセンター,塩ヶ平Hot Spring 掛合まめなかCenter
7863,剣山木綿麻温泉,剣山木綿麻Hot Spring
7864,きくがわ温泉華陽,きくがわHot Spring華陽
7865,つるぎの宿 岩戸,つるぎの宿 岩戸
7866,岩井ゆかむり温泉共同浴場,岩井ゆかむりHot Spring Public Bath
7867,たかの温泉 神之瀬の湯,たかのHot Spring 神之瀬 Hot Bath
7868,吉野川温泉,Yoshino River Hot Spring
7869,比和温泉施設あけぼの荘,比和Hot Spring施設あけぼの荘
7870,弓ヶ浜駐車場,弓ヶBeach Parking Area
7871,プランナールみささ 外来露天風呂,プランナールみささ 外来Open-air Bath
7872,老人福祉センター 東湖園,老人福祉Center 東Lake園
7873,RVパークとのやま山荘,RVParkとのやま山荘
7874,お遍路RVパーク 安楽寺,お遍路RVPark 安楽Temple
7875,大和ミュージアム駐車場,大和ミュージアムParking Area
7876,ときわ公園駐車場,ときわPark Parking Area
7877,ハローズ 神辺モール店,ハローズ 神辺モール店
7878,トライアル駐車場,トライアルParking Area
7879,足摺岬展望台駐車場,足摺Cape Observation Deck Parking Area
7880,長尾 亀鶴公園駐車場,長尾 亀鶴Park Parking Area
7881,ハローズ丸亀店,ハローズ丸亀店
7882,ハローズ丸亀中府店,ハローズ丸亀中府店
7883,上関町 中の浦キャンプ場️,上関-cho 中の浦Campground
7884,（暴走族の集会場）道の駅 西条のん太の酒蔵,（暴走族の集会場）Roadside Station 西条のん太の酒蔵
7885,道の駅 みはら神明の里,Roadside Station みはら神明 no Sato
7886,道の駅 上関海峡,Roadside Station 上関海峡
7887,道の駅 大栄,Roadside Station 大栄
7888,道の駅 ほうじょう（旧：道の駅 北条公園）,Roadside Station ほうじょう（旧：Roadside Station 北条Park）
7889,道の駅 きなんせ岩美,Roadside Station きなんせ岩美
7890,道の駅 燕趙園,Roadside Station 燕趙園
7891,道の駅 がいせん桜新庄宿（旧：道の駅 メルヘンの里 新庄）,Roadside Station がいせん桜新庄宿（旧：Roadside Station メルヘン no Sato 新庄）
7892,道の駅 ポート赤碕,Roadside Station ポート赤碕
7893,道の駅 久米の里,Roadside Station 久米 no Sato
7894,道の駅 神話の里白うさぎ,Roadside Station 神話 no Sato白うさぎ
7895,道の駅 琴の浦（琴浦PA）,Roadside Station 琴の浦（琴浦PA）
7896,道の駅 奥大山,Roadside Station 奥Daisen
7897,道の駅 風の家,Roadside Station 風の家
7898,道の駅 はわい,Roadside Station はわい
7899,道の駅 彩菜茶屋,Roadside Station 彩菜茶屋
7900,道の駅 大山恵みの里,Roadside Station Daisen恵み no Sato
7901,道の駅 蒜山高原,Roadside Station 蒜山Highland
7902,椿温泉こまつ,椿Hot Springこまつ
7903,道の駅 ゆうひパーク三隅,Roadside Station ゆうひPark三隅
7904,道の駅 かきのきむら,Roadside Station かきのきむら
7905,道の駅 シルクウェイにちはら,Roadside Station シルクウェイにちはら
7906,道の駅 みとう,Roadside Station みとう
7907,道の駅 ピュアラインにしき,Roadside Station ピュアラインにしき
7908,道の駅 ゆとりパークたまがわ,Roadside Station ゆとりParkたまがわ
7909,道の駅 萩往還,Roadside Station 萩往還
7910,道の駅 ふぉレスト君田,Roadside Station ふぉレスト君田
7911,道の駅 願成就温泉,Roadside Station 願成就Hot Spring
7912,道の駅 むいかいち温泉（島根）,Roadside Station むいかいちHot Spring（島根）
7913,道の駅 ゆうひパーク浜田,Roadside Station ゆうひPark Beach田
7914,道の駅 萩しーまーと,Roadside Station 萩しーまーと
7915,道の駅 世羅,Roadside Station 世羅
7916,道の駅 津和野温泉なごみの里,Roadside Station 津和野Hot Springなごみ no Sato
7917,国府海水浴場（夏は有料）,国府Swimming Beach（夏はPaid）
7918,ゆうゆう広場（無料キャンプ場）,ゆうゆうPlaza（Free Campground）
7919,道の駅 きくがわ,Roadside Station きくがわ
7920,道の駅 一本松（土曜日の夜は車中泊不可、DQN集合の可能性あり）,Roadside Station 一本松（土曜日の夜はCar Overnight不可、DQN集合の可能性Available）
7921,道の駅 蛍街道西ノ市,Roadside Station 蛍街道西ノ City
7922,道の駅 ソレーネ周南,Roadside Station ソレーネ周南
7923,俵山温泉 町営第1駐車場（俵山温泉駐車場）,俵山Hot Spring Town-run#1Parking Area（俵山Hot Spring Parking Area）
7924,山口市 美濃ケ浜海浜広場️,Yamaguchi City 美濃ケBeach Seaside Plaza
7925,道の駅 サザンセトとうわ,Roadside Station サザンセトとうわ
7926,ドライブインみちしお,ドライブインみちしお
7927,道の駅 潮彩市場防府️,Roadside Station 潮彩Market防府
7928,道の駅 きららあじす,Roadside Station きららあじす
7929,道の駅 おふく️,Roadside Station おふく
7930,周防大島 片添ケ浜海浜公園️,周防大島 片添ケBeach Seaside Park
7931,道の駅 びんご府中,Roadside Station びんご府中
7932,道の駅 クロスロードみつぎ,Roadside Station クロスRoadみつぎ
7933,柳瀬キャンプ場（無料オートキャンプ場）,柳瀬Campground（Free Auto Campground）
7934,八幡温泉郷駐車場,八幡Hot Spring郷Parking Area
7935,道の駅 笠岡ベイファーム,Roadside Station 笠岡ベイファーム
7936,道の駅 豊平どんぐり村,Roadside Station 豊平どんぐり-mura
7937,道の駅 黒井山グリーンパーク,Roadside Station 黒井山Green Park
7938,道の駅 ことひき、琴弾公園,Roadside Station ことひき、琴弾Park
7939,尾道ふれあいの里,尾道Community no Sato
7940,道の駅 みろく、みろく公園駐車場,Roadside Station みろく、みろくPark Parking Area
7941,道の駅 小松オアシス,Roadside Station 小松オアシス
7942,道の駅 香南楽湯,Roadside Station 香南楽湯
7943,道の駅 ふたみ,Roadside Station ふたみ
7944,道の駅 大歩危,Roadside Station 大歩危
7945,道の駅 空の夢もみの木パーク,Roadside Station 空の夢もみの木Park
7946,道の駅 633美の里,Roadside Station 633美 no Sato
7947,道の駅 大杉,Roadside Station 大杉
7948,吉野川SA,Yoshino River SA
7949,道の駅 たからだの里さいた,Roadside Station たからだ no Satoさいた
7950,石鎚山SA,石鎚山SA
7951,道の駅 多々羅しまなみ公園,Roadside Station 多々羅しまなみPark
7952,道の駅 第九の里,Roadside Station 第九 no Sato
7953,道の駅 伊方・きらら館,Roadside Station 伊方・きらら館
7954,橘ノ丘総合運動公園、無料キャンプ場,橘ノ丘総合Sports Park、Free Campground
7955,道の駅 ふれあいパークみの,Roadside Station Community Parkみの
7956,石鎚山温泉 温泉旅館京屋 駐車場（石鎚登山ロープウェイ駐車場）,石鎚山Hot Spring Hot Spring Inn京屋 Parking Area（石鎚登山ロープウェイParking Area）
7957,道の駅 やかげ宿,Roadside Station やかげ宿
7958,道の駅 三矢の里あきたかた,Roadside Station 三矢 no Satoあきたかた
7959,松茂PA,松茂PA
7960,瀬戸内温泉たまの湯,瀬戸内Hot Springたま Hot Bath
7961,吉井竜天オートキャンプ場,吉井竜天Auto Campground
7962,RVパークくらはし カープビーチ,RVParkくらはし カープBeach
7963,RVパーク農マル園芸吉備路農園,RVPark農マル園芸吉備路農園
7964,RVパーク瀬戸田サンセットビーチ,RVPark瀬戸田サンセットBeach
7965,RVパークしまなみ海道 大三島,RVParkしまなみ海道 大三島
7966,RVパークゆとりすと,RVParkゆとりすと
7967,フジグラン広島,フジグランHiroshima
7968,四国健康村,四国Health-mura
7969,鳴門天然温泉 あらたえの湯,鳴門Natural Hot Spring あらたえ Hot Bath
7970,徳島天然温泉 あらたえの湯,Tokushima Natural Hot Spring あらたえ Hot Bath
7971,養生館（鳥取県）,養生館（Tottori県）
7972,湯原温泉 湯の蔵つるや,湯原Hot Spring 湯の蔵つるや
7973,ホテル西長門リゾート,Hotel西長門Resort
7974,宇品天然温泉 ほの湯,宇品Natural Hot Spring ほ Hot Bath
7975,琴弾廻廊,琴弾廻廊
7976,高松ぽかぽか温泉,TakamatsuぽかぽかHot Spring
7977,おんせんの森,おんせん Forest
7978,伊佐PA,伊佐PA
7979,伊予灘SA,伊予灘SA
7980,下松SA,下松SA
7981,加茂岩倉PA,加茂岩倉PA
7982,荷卸峠PA,荷卸Pass PA
7983,寒曳山PA,寒曳山PA
7984,金城PA,金Castle PA
7985,玖珂PA,玖珂PA
7986,高瀬PA,高瀬PA
7987,鴻池SA,鴻Pond SA
7988,桜三里PA,桜三里PA
7989,鹿野SA,鹿野SA
7990,沼田PA,Numata PA
7991,上浦PA,上浦PA
7992,上板SA,上板SA
7993,上分PA,上分PA
7994,深谷PA,深谷PA
7995,大山PA,Daisen PA
7996,池田PA,Pond田PA
7997,朝倉PA,朝倉PA
7998,土佐PA,土佐PA
7999,筒賀PA,筒賀PA
8000,道の駅 あさひ,Roadside Station あさひ
8001,道の駅 インフォメーションセンターかわもと,Roadside Station インフォメーションCenterかわもと
8002,道の駅 うり坊の郷 katamata,Roadside Station うり坊 no Sato katamata
8003,道の駅 おろちの里,Roadside Station おろち no Sato
8004,道の駅 さくらの里きすき,Roadside Station Sakura no Satoきすき
8005,道の駅 ながお,Roadside Station ながお
8006,道の駅 ひろた,Roadside Station ひろた
8007,道の駅 みかわ,Roadside Station Mikawa
8008,道の駅 ゆめランド布野,Roadside Station ゆめLand布野
8009,道の駅 よがんす白竜,Roadside Station よがんす白竜
8010,道の駅 よしうみいきいき館,Roadside Station よしうみいきいき館
8011,道の駅 奥津温泉,Roadside Station 奥津Hot Spring
8012,道の駅 犬狭,Roadside Station 犬狭
8013,道の駅 広瀬・富田城,Roadside Station 広瀬・富田Castle
8014,道の駅 三野,Roadside Station 三野
8015,道の駅 四万十とおわ,Roadside Station Shimantoとおわ
8016,道の駅 四万十大正,Roadside Station Shimanto大正
8017,道の駅 酒蔵奥出雲交流館,Roadside Station 酒蔵奥Izumo Community館
8018,道の駅 小田の郷 せせらぎ,Roadside Station 小田 no Sato Stream
8019,道の駅 大坂城残石記念公園,Roadside Station 大坂Castle残石記念Park
8020,道の駅 土佐さめうら,Roadside Station 土佐さめうら
8021,道の駅 頓原,Roadside Station 頓原
8022,道の駅 萩・さんさん三見,Roadside Station 萩・さんさん三見
8023,道の駅 伯方S・Cパーク,Roadside Station 伯方S・CPark
8024,道の駅 匹見峡,Roadside Station 匹見峡
8025,道の駅 舞ロードIC千代田,Roadside Station 舞Road IC千代田
8026,内子PA,内子PA
8027,入野PA,入野PA
8028,馬立PA 上りのみ,馬立PA 上りのみ
8029,富海PA,富海PA
8030,福石PA,福石PA
8031,豊浜SA,豊Beach SA
8032,鳴戸西PA,鳴戸西PA
8033,用瀬PA,用瀬PA
8034,立川PA 下りのみ,立 River PA 下りのみ
8035,竹原市 ピースリーホーム バンブー総合公園,竹原 City ピースリーホーム バンブーGeneral Park
8036,上関町 上関城山歴史公園,上関-cho 上関Castle山歴史Park
8037,竹原市 的場公園、海水浴場️（シャワーは夏季のみ）,竹原 City 的場Park、Swimming Beach（シャワーは夏季のみ）
8038,尾道東公園駐車場,尾道東Park Parking Area
8039,早島町 深砂公園,早島-cho 深砂Park
8040,岡山市 塚山公園,Okayama City 塚山Park
8041,浅口市 天草総合公園️,浅口 City 天草General Park
8042,岡山市 吉井川第１緑地,Okayama City 吉井 River第１Green Space
8043,瀬戸内市 邑久スポーツ公園️,瀬戸内 City 邑久Sports Park
8044,岡山市 神崎緑地️,Okayama City 神崎Green Space
8045,道の駅 ‎たけはら,Roadside Station ‎たけはら
8046,福山市 吉野山公園,福山 City Yoshino山Park
8047,畦田キャンプ場,畦田Campground
8048,鬼女台展望休憩所,鬼女台展望休憩所
8049,石鎚山 頂上山荘,石鎚山 頂上山荘
8050,瓶ヶ森駐車場,瓶ヶ森Parking Area
8051,大川原高原,大 River原Highland
8052,四国カルスト姫鶴平駐車場、姫鶴平キャンプ場,四国カルスト姫鶴平Parking Area、姫鶴平Campground
8053,四国カルスト,四国カルスト
8054,四国カルスト 天体観測,四国カルスト 天体観測
8055,四国カルスト天体観測スポット,四国カルスト天体観測Spot
8056,剣山頂上ヒュッテ,剣Summit上ヒュッテ
8057,剣山近くの道端,剣山近くの道端
8058,三瓶山 西の原,三瓶山 西の原
8059,ひろしま県民の森 スキー場,ひろしま県民 Forest スキー場
8060,石鎚山土小屋駐車場（遙拝殿付近）,石鎚山土小屋Parking Area（遙拝殿付近）
8061,タイムズ 尾道第2,タイムズ 尾道#2
8062,市場食堂 よし,Market Diner よし
8063,タマちゃん,タマちゃん
8064,みよし運動公園,みよしSports Park
8065,笠岡総合スポーツ公園,笠岡総合Sports Park
8066,倉敷市 種松山公園,倉敷 City 種Matsuyama Park
8067,倉敷市中央公園墓地,倉敷市Central Park墓地
8068,かさおか太陽の広場,かさおか太陽のPlaza
8069,井原リフレッシュ公園,井原リフレッシュPark
8070,（※高さ制限あり）広島みなと公園駐車場,（※高さ制限Available）Hiroshima Port Park Parking Area
8071,金光町 丸山公園,金光-cho 丸山Park
8072,山陽小野田市 糸根地区公園,山陽小野田 City 糸根地区Park
8073,金光町 遙照山総合公園,金光-cho 遙照山General Park
8074,マリーン公園,マリーンPark
8075,元宇品公園無料駐車場,元宇品Park Free Parking Area
8076,下関市 金比羅公園,Shimonoseki City 金比羅Park
8077,下関市 戦場ケ原公園,Shimonoseki City 戦場ケ原Park
8078,道の駅 あいお,Roadside Station あいお
8079,大竹市 晴海臨海公園,大竹 City 晴海Waterfront Park
8080,広島市 佐伯運動公園 上の駐車場,Hiroshima City 佐伯Sports Park 上のParking Area
8081,広島市 魚切ダム️,Hiroshima City 魚切Dam
8082,井原市 経ヶ丸グリーンパーク,井原 City 経ヶ丸Green Park
8083,堂々公園,堂々Park
8084,山口市 河原谷公園️ 西側駐車場,Yamaguchi City River原谷Park West Side Parking Area
8085,あやめ池公園,あやめPond Park
8086,鳥取砂丘駐車場,Tottori砂丘Parking Area
8087,鳥取砂丘会館北側駐車場,Tottori砂丘会館North Side Parking Area
8088,勝央町緑地運動公園,勝央町Green Space Sports Park
8089,ひろしま県民の森 駐車場,ひろしま県民 Forest Parking Area
8090,酒津公園駐車場,酒津Park Parking Area
8091,一里山公園（夜間閉鎖の可能性あり）,一里山Park（Night Closureの可能性Available）
8092,壇之浦PA（壇ノ浦PA）,壇之浦PA（壇ノ浦PA）
8093,西風新都東公園,西風新都東Park
8094,広島市 そらの中央公園,Hiroshima City そらのCentral Park
8095,和木町 蜂ヶ峯総合公園,和木-cho 蜂ヶ峯General Park
8096,益田市 万葉公園,益田 City Manyo Park
8097,防府市 富海海水浴場️,防府 City 富海Swimming Beach
8098,下松スポーツ公園,下松Sports Park
8099,佐方SA（上下あり）,佐方SA（上下Available）
8100,呉市 焼山公園,呉 City 焼山Park
8101,奈良津公園、憩の森墓園,Nara津Park、憩 Forest墓園
8102,千町川河川公園,千-cho River River River Park
8103,里庄の山の中,里庄の山の中
8104,瀬戸町総合運動公園,瀬戸町総合Sports Park
8105,笠岡運動公園,笠岡Sports Park
8106,鏡山公園,鏡山Park
8107,広島 寺山公園,Hiroshima Temple山Park
8108,鶴見公園 公衆トイレ周辺のコインパーキング,鶴見Park Public Restroom Nearby Coin Parking
8109,平塚公園 周辺のコインパーキング,平塚Park Nearby Coin Parking
8110,京橋川右岸緑地鶴見橋西詰公衆トイレ 周辺のコインパーキング,京橋 River右岸Green Space鶴見橋西詰Public Restroom Nearby Coin Parking
8111,高坂自然休養村駐車場,高坂自然休養村Parking Area
8112,ウカイ段原公園１号,ウカイ段原Park１号
8113,夕立受山展望公園,夕立受山Scenic Park
8114,日生運動公園,日生Sports Park
8115,寒河駅前駐車場,寒 River Station Front Parking Area
8116,建部町 旭川河川敷無料駐車場,建部-cho 旭 River River River敷Free Parking Area
8117,健康みつ21公園,Healthみつ21Park
8118,千松公園、種崎千松公園,千松Park、種崎千松Park
8119,日本一の大杉 駐車場,日本一の大杉 Parking Area
8120,来島海峡展望台、糸山公園,来島海峡Observation Deck、糸山Park
8121,仁賀ダム多目的広場,仁賀Dam Multi-purpose Plaza
8122,早島公園,早島Park
8123,金山休憩所 11号バイパスのPA,金山休憩所 11号バイパスのPA
8124,瀬野川公園 南側駐車場,瀬野 River Park South Side Parking Area
8125,"<font color=""red""></font>比治山公園（夜間閉鎖）",比治山Park（Night Closure）
8126,常盤公園(聖通寺山公園),常盤Park(聖通Temple山Park)
8127,東かがわ市 緑化推進さくら植樹地区,東かがわ City 緑化推進Sakura植樹地-ku
8128,岡崎海岸,岡崎Coast
8129,網干休憩所,網干休憩所
8130,三朝温泉河原の湯（無料）,三朝Hot Spring River原 Hot Bath（Free）
8131,CAMPFIELD GOEN（有料オートキャンプ場）,CAMPFIELD GOEN（Paid Auto Campground）
8132,モンベル 大山キャンプサイト（旧：下山駐車場）,モンベル Daisen Campsite（旧：下山Parking Area）
8133,×車中泊不可× 米子水鳥公園駐車場,×Car Overnight不可× 米子水鳥Park Parking Area
8134,（トイレ無し）建部町親水公園,（No Restroom）建部町Waterfront Park
8135,火の山ロープウェイ駐車場,火の山ロープウェイParking Area
8136,和の宿ホテル祖谷温泉,和の宿Hotel祖谷Hot Spring
8137,石見銀山遺跡とその文化的景観,石見銀山遺跡とその文化的景観
8138,厳島神社,厳島Shrine
8139,原爆ドーム,原爆ドーム
8140,吉備SA,吉備SA
8141,道の駅 ひなの里かつうら,Roadside Station ひな no Satoかつうら
8142,元祖瓦そば たかせ 川棚本館,元祖瓦Soba たかせ River棚本館
8143,六車,六車
8144,九州,九州
8145,近畿・東海・北陸,近畿・東海・北陸
8146,近畿・東海・北陸,近畿・東海・北陸
8147,だぃちゃん湯,だぃちゃん湯
8148,道の駅 ウェルネスあらお,Roadside Station ウェルネスあらお
8149,道の駅 人吉,Roadside Station 人吉
8150,道の駅 きたごう,Roadside Station きたごう
8151,道の駅 くにの松原おおさき,Roadside Station くにの松原おおさき
8152,道の駅 出水,Roadside Station 出水
8153,道の駅 くま（仮称）,Roadside Station くま（仮称）
8154,道の駅 もとぶオアシス（仮称）,Roadside Station もとぶオアシス（仮称）
8155,道の駅 サンセット牛之浜（仮）,Roadside Station サンセット牛之Beach（仮）
8156,道の駅 かわさき パン博の町（仮）,Roadside Station かわさき パン博の-cho（仮）
8157,チャーリー多幸寿,チャーリー多幸寿
8158,共研公園周辺のコインパーキング,共研Park Nearby Coin Parking
8159,天文館公園周辺のコインパーキング,天文館Park Nearby Coin Parking
8160,呼子朝市,呼子朝 City
8161,竜体山公園,竜体山Park
8162,中国料理 王府,中国料理 王府
8163,丸万焼鳥 本店,丸万焼鳥 Main Store
8164,鶏の白石,鶏の白石
8165,道の駅 くしま,Roadside Station くしま
8166,道の駅 フェニックス,Roadside Station フェニックス
8167,道の駅 高千穂,Roadside Station 高千穂
8168,唐津市松浦川運動広場駐車場,唐津市松浦 River運動Plaza Parking Area
8169,別府市️ マルショク流川通り店 周辺のコインパーキング🅿️,Beppu City マルショク流 River Street店 Nearby Coin Parking🅿
8170,湯川内温泉 かじか荘,湯 River内Hot Spring かじか荘
8171,十本松ドライブイン,十本松ドライブイン
8172,五島列島リゾートホテルマルゲリータ,五島列島Resort Hotelマルゲリータ
8173,新上五島町観光物産協会,新上五島町Sightseeing物産協会
8174,新上五島町奈良尾総合運動場,新上五島町Nara尾総合運動場
8175,潮の香薫る公園,潮の香薫るPark
8176,大観峰駐車場（トイレ遠い）,大観峰Parking Area（Restroom遠い）
8177,天琴（玉名市）,天琴（玉名市）
8178,好来ラーメン,好来Ramen
8179,ぎょうざ 湖月,ぎょうざ Lake月
8180,天ヶ瀬温泉の車中泊スポット,天ヶ瀬Hot Spring Car Overnight Spot
8181,阿蘇神社 神の泉,Aso Shrine 神の泉
8182,緑川PA,緑 River PA
8183,（トイレが夜間閉鎖）ひょうたん島公園,（RestroomがNight Closure）ひょうたん島Park
8184,鬼海ケ浦展望所,鬼海ケ浦展望所
8185,高舞登山展望所,高舞登山展望所
8186,黒石海岸,黒石Coast
8187,桜井二見ケ浦 福岡,桜井二見ケ浦 Fukuoka
8188,自然公園・根獅子,Nature Park・根獅子
8189,小森海岸,小森Coast
8190,真玉海岸,真玉Coast
8191,西海国立公園鯛の鼻,西海国立Park鯛の鼻
8192,西平椿公園,西平椿Park
8193,大瀬崎断崖,大瀬崎断崖
8194,天草五橋,天草五橋
8195,渕ノ元,渕ノ元
8196,九十九島パールシーリゾート駐車場,九十九島パールシーResort Parking Area
8197,皿倉山 麓の駐車場,皿倉山 麓のParking Area
8198,別府公園駐車場,Beppu Park Parking Area
8199,企救名水,企救Famous Spring
8200,波戸岬キャンプ場,波戸Cape Campground
8201,立岡自然公園キャンプ場,立岡Nature Park Campground
8202,米の山展望広場,米の山展望Plaza
8203,油山片江展望台,油山片江Observation Deck
8204,いかの活き造り 大和,いかの活き造り 大和
8205,ラーメン金田家,Ramen金田家
8206,黒川温泉街,黒 River Hot Spring Town
8207,うなぎ料理 若松屋,うなぎ料理 若松屋
8208,柳川の川下り,柳 Riverの River下り
8209,野崎島の集落跡,野崎島の集落跡
8210,耶馬渓,耶馬渓
8211,篠栗九大の森,篠栗九大 Forest
8212,北谷ダム,北谷Dam
8213,メタセの杜,メタセ Grove
8214,前川水源,前 River水源
8215,かもしかパーキング,かもしかパーKing
8216,公衆トイレ,Public Restroom
8217,山浦PA,山浦PA
8218,男池湧水,男Pond Natural Spring
8219,霧島SA,Kirishima SA
8220,霧島 大浪池,Kirishima 大浪Pond
8221,杖立温泉 無料駐車場,杖立Hot Spring Free Parking Area
8222,歌垣公園,歌垣Park
8223,立花山登山者駐車場,立花山登山者Parking Area
8224,志摩中央公園,志摩Central Park
8225,久留米市 土づくり広場,久留米 City 土づくりPlaza
8226,芥屋第１駐車場,芥屋第１Parking Area
8227,波戸岬キャンプ場 無料駐車場,波戸Cape Campground Free Parking Area
8228,六所神社前の無料駐車場,六所Shrine前のFree Parking Area
8229,鳥栖市 沼川河川プール,鳥栖 City Marsh River River Riverプール
8230,井野公園,井野Park
8231,青の洞門公共駐車場,青の洞門Public Parking
8232,玖珠町総合運動公園,玖珠町総合Sports Park
8233,弥生スポーツ公園,弥生Sports Park
8234,和布刈公園ノーフォーク広場,和布刈ParkノーフォークPlaza
8235,大分市 のつはる天空広場,Oita City のつはる天空Plaza
8236,城山公園展望台 駐車場,Castle山Park Observation Deck Parking Area
8237,阿久根市総合運動公園,阿久根市総合Sports Park
8238,七瀬川自然公園,七瀬 River Nature Park
8239,さつま町 宮之城総合体育館 北側P,さつま-cho 宮之Castle総合体育館 North Side P
8240,干潟よか公園,干潟よかPark
8241,（深夜まで珍走DQNが爆走）国見湖畔公園,（深夜まで珍走DQNが爆走）国見Lakeside Park
8242,浦山墓園駐車場,浦山墓園Parking Area
8243,立田山多目的広場,立田山Multi-purpose Plaza
8244,松原緑地,松原Green Space
8245,日明臨海公園,日明Waterfront Park
8246,大浜海水浴場,大Beach Swimming Beach
8247,愛宕山駐車場,愛宕山Parking Area
8248,久原ダム,久原Dam
8249,舞子浜緑地 13号トイレ,舞子Beach Green Space 13号Restroom
8250,昭和池公園,Showa Pond Park
8251,臼杵市総合公園,臼杵市General Park
8252,用作公園,用作Park
8253,球磨川河川緑地,球磨 River River River Green Space
8254,苅田港緑地公園,苅田Port Green Space Park
8255,郡川砂防公園,郡 River砂防Park
8256,三日月渓流公園,三日月渓流Park
8257,浜の宮海岸 浜の宮海水浴場 駐車場,Beachの宮Coast Beachの宮Swimming Beach Parking Area
8258,花の森公園,花 Forest Park
8259,朽網臨空公園,朽網臨空Park
8260,苅田港 工業団地の公園（正式名称不明）,苅田Port 工業団地のPark（正式名称不明）
8261,金立公園コスモス園,金立Parkコスモス園
8262,ふれあいの森公園,Community Forest Park
8263,鴨川河畔公園,鴨 River River畔Park
8264,中津市大貞公園 西側駐車場,中津市大貞Park West Side Parking Area
8265,干尽公園,干尽Park
8266,直方河川敷公園,直方 River River敷Park
8267,大津総合運動公園,Otsu総合Sports Park
8268,谷尾崎梅林公園,谷尾崎梅林Park
8269,中木庭ダム湖畔公園,中木庭Dam Lakeside Park
8270,水沼の里2000年記念の森 西側駐車場,水Marsh no Sato2000年記念 Forest West Side Parking Area
8271,諏訪公園 駐車場,Suwa Park Parking Area
8272,宮崎市 市民の森駐車場,Miyazaki City 市民 Forest Parking Area
8273,大牟田市諏訪公園文化交流ゾーン駐車場,大牟田市Suwa Park文化CommunityゾーンParking Area
8274,浜川公園,Beach River Park
8275,久原駐車帯,久原Parking Zone
8276,波津海岸公衆トイレ,波津Coast Public Restroom
8277,山の中の公園,山の中のPark
8278,舞子浜緑地,舞子Beach Green Space
8279,お倉ヶ浜ビーチハウス マリンウエーブ,お倉ヶBeach Beachハウス マリンウエーブ
8280,ヤドリ浜キャンプ場,ヤドリBeach Campground
8281,立神公園,立神Park
8282,茂ヶ野水源（茂賀野水源）,茂ヶ野水源（茂賀野水源）
8283,山吹水源駐車場,山吹水源Parking Area
8284,鮎もどし自然公園,鮎もどしNature Park
8285,下梶寄キャンプ駐車場,下梶寄キャンプParking Area
8286,串山キャンプ場,串山Campground
8287,男池公衆トイレ,男Pond Public Restroom
8288,波戸岬海浜公園,波戸Cape Seaside Park
8289,呉ダム渓流公園,呉Dam渓流Park
8290,鳴淵ダム 駐車場（東側）,鳴淵Dam Parking Area（East Side）
8291,五塔の滝近く 無料駐車場と公衆トイレ,五塔のWaterfall近く Free Parking AreaとPublic Restroom
8292,行人岳,行人岳
8293,池田湖遊園地,Pond田Lake遊Recreation Area
8294,ふかえ桜パーク,ふかえ桜Park
8295,佐賀県武雄市「白岩運動公園駐車場」,Saga県武雄市「白岩Sports Park Parking Area」
8296,佐賀県有田町「桜ヶ丘公園」,Saga県有田町「桜ヶ丘Park」
8297,福吉しおさい公園,福吉しおさいPark
8298,星のふるさと公園 平和の広場の横の駐車場,星のHometown Park 平和のPlazaの横のParking Area
8299,一六海水浴場,一六Swimming Beach
8300,（冬季はトイレ閉鎖）白浜海水浴場,（冬季はRestroom閉鎖）Shirahama Swimming Beach
8301,国分海浜公園,国分Seaside Park
8302,住吉公園（夜間閉鎖される可能性あり）,住吉Park（Night Closureされる可能性Available）
8303,菅生の滝手前の無料駐車場,菅生のWaterfall手前のFree Parking Area
8304,鳴淵ダム 下流河川公園,鳴淵Dam Downstream River River Park
8305,くま川ワイワイパーク 駐車場,くま RiverワイワイPark Parking Area
8306,和布刈公園,和布刈Park
8307,箱崎公園 東側駐車場,箱崎Park East Side Parking Area
8308,西階公園,西階Park
8309,清流の森駐車場,清流 Forest Parking Area
8310,日奈久ドリームランドシー・湯・遊,日奈久ドリームLandシー・湯・遊
8311,瀬板の森南駐車場,瀬板 Forest南Parking Area
8312,オメガ公園（対馬オメガ局跡地）,オメガPark（対馬オメガ局跡地）
8313,上見坂公園,上見坂Park
8314,前面堤防中央部公園,前面堤防Central部Park
8315,豆酘崎園地,豆酘崎Recreation Area
8316,茂木浜,茂木Beach
8317,潮見公園駐車場,潮見Park Parking Area
8318,無料駐車場とトイレ,Free Parking AreaとRestroom
8319,田ノ浦ビーチ 駐車場,田ノ浦Beach Parking Area
8320,黒崎キャンプ場,黒崎Campground
8321,都井岬灯台 駐車場,都井Cape灯台 Parking Area
8322,無料駐車場とトイレ,Free Parking AreaとRestroom
8323,（夜間閉鎖）無料駐車場と公衆トイレ（福岡）,（Night Closure）Free Parking AreaとPublic Restroom（Fukuoka）
8324,芥屋海水浴場,芥屋Swimming Beach
8325,山本運動公園,山本Sports Park
8326,権現崎公園,権現崎Park
8327,日向市水ケ浦公園,日向市水ケ浦Park
8328,後川内ダム公園駐車場,後 River内Dam Park Parking Area
8329,菊池渓谷 無料駐車場,菊Pond Valley / Gorge Free Parking Area
8330,小倉 中央公園 駐車場,小倉 Central Park Parking Area
8331,中城公園P,中Castle Park P
8332,唐八景公園駐車場,唐八景Park Parking Area
8333,（車中泊不可）稲佐山公園駐車場,（Car Overnight不可）稲佐山Park Parking Area
8334,津田屋官兵衛,津田屋官兵衛
8335,萩尾公園 西側駐車場,萩尾Park West Side Parking Area
8336,萩尾公園 東側駐車場,萩尾Park East Side Parking Area
8337,御手洗の滝 駐車場,御手洗のWaterfall Parking Area
8338,湯布院 狭霧台展望台,湯布院 狭霧台Observation Deck
8339,忠元公園駐車場,忠元Park Parking Area
8340,直方河川敷無料駐車場,直方 River River敷Free Parking Area
8341,川原大池公園,River原大Pond Park
8342,うしぶか公園,うしぶかPark
8343,伊倉が浜公園キャンプ場,伊倉がBeach Park Campground
8344,小田の池・山下池入口休憩所 無料駐車場,小田のPond・山下Pond入口休憩所 Free Parking Area
8345,福岡金印公園駐車場,Fukuoka金印Park Parking Area
8346,栗野駅前ひろば水汲み場（名水百選・霧島山麓丸池湧水）,栗野Station Frontひろば水汲み場（Famous Spring百選・Kirishima Foot of Mountain丸Pond Natural Spring）
8347,猪崎鼻キャンプ場,猪崎鼻Campground
8348,大平渓谷キャンプ場,大平Valley / Gorge Campground
8349,若宮公園キャンプ場,若宮Park Campground
8350,赤水公園（暴走族のたまり場）,赤水Park（暴走族のたまり場）
8351,ヘビん湯（別府三秘湯）,ヘビん湯（Beppu三秘湯）
8352,鶴の湯,鶴 Hot Bath
8353,霧島温泉最古の岩風呂 「目の湯」,Kirishima Hot Spring最古の岩風呂 「目 Hot Bath」
8354,京町温泉駅,京町Hot Spring駅
8355,大村湾PA,大村湾PA
8356,（無料、夜間閉鎖、トイレ遠い）別府公園北側駐車場,（Free、Night Closure、Restroom遠い）Beppu Park North Side Parking Area
8357,道の駅 桃山天下市,Roadside Station 桃山天下 City
8358,やまなみハイウェイ,やまなみハイウェイ
8359,うどん家 久兵衛,うどん家 久兵衛
8360,かまど地獄,かまど地獄
8361,海地獄,海地獄
8362,鬼山地獄,鬼山地獄
8363,鬼石坊主地獄,鬼石坊主地獄
8364,血の池地獄,血のPond地獄
8365,白池地獄,白Pond地獄
8366,龍巻地獄,龍巻地獄
8367,山本ロース,山本ロース
8368,スーパー銭湯 元気湯,スーパーPublic Bath 元気湯
8369,海転寿司 川徳,海転寿司 River徳
8370,吹上温泉 みどり荘,Fukiage Hot Spring みどり荘
8371,パビリオ 陣原の湯,パビリオ 陣原 Hot Bath
8372,博多の森温泉月の湯,博多 Forest Hot Spring月 Hot Bath
8373,らんぷの湯 花園店,らんぷ Hot Bath 花園店
8374,道の駅 北方よっちみろ屋,Roadside Station 北方よっちみろ屋
8375,道の駅 野方あらさの,Roadside Station 野方あらさの
8376,平戸の聖地と集落（中江ノ島）,平戸の聖地と集落（中江ノ島）
8377,平戸の聖地と集落（春日集落と安満岳）,平戸の聖地と集落（春日集落と安満岳）
8378,文殊仙寺,文殊仙Temple
8379,協和飯店,協和飯店
8380,河内藤園,River内藤園
8381,コインパーキング,Coin Parking
8382,テンプラのひらお,テンプラのひらお
8383,別府湾SA,Beppu湾SA
8384,道の駅 いぶすき,Roadside Station いぶすき
8385,道の駅 鹿北,Roadside Station 鹿北
8386,道の駅 山之口,Roadside Station 山之口
8387,美山PA,美山PA
8388,立花うどん,立花うどん
8389,ぎょうざ屋,ぎょうざ屋
8390,六本木ガレージ,六本木ガレージ
8391,タイムズ吉原町,タイムズ吉原-cho
8392,芥屋大門公園,芥屋大門Park
8393,より藤,より藤
8394,博多名物、「鶏皮巻き」,博多名物、「鶏皮巻き」
8395,かつ美食堂,かつ美Diner
8396,塩湯（佐伯市）,塩湯（佐伯市）
8397,豊礼の湯 駐車場（※有料期間あり）,豊礼 Hot Bath Parking Area（※Paid期間Available）
8398,RVパーク湯乃禅の里,RVPark湯乃禅 no Sato
8399,RVパークやまが,RVParkやまが
8400,RVパークsmartくじゃく荘,RVParksmartくじゃく荘
8401,RVパークやぶさめの里総合公園,RVParkやぶさめ no Sato General Park
8402,RVパーク御立岬公園,RVPark御立Cape Park
8403,大口温泉高熊荘（たかくまライダーズ野営場）,大口Hot Spring高熊荘（たかくまライダーズCampsite）
8404,ヌルヌル有田温泉,ヌルヌル有田Hot Spring
8405,中津城公園,中津Castle Park
8406,ひたインフォメーショントイレ 無料駐車場,ひたインフォメーションRestroom Free Parking Area
8407,基山PA,基山PA
8408,新宮温泉 ふくの湯,新宮Hot Spring ふく Hot Bath
8409,玄海海上温泉パレア,玄海海上Hot Springパレア
8410,RVパーク亀川マリーナテラス,RVPark亀 River Marina Terrace
8411,西谷温泉（西谷温泉キャンピングパーク）,西谷Hot Spring（西谷Hot SpringキャンピングPark）
8412,呼子台場みなとプラザ、呼子港 一般無料駐車場,呼子台場Port Plaza、呼子Port 一般Free Parking Area
8413,神崎鼻公園,神崎鼻Park
8414,三隈飯店,三隈飯店
8415,米の山展望台,米の山Observation Deck
8416,日向高崎PA,日向高崎PA
8417,国民宿舎 波戸岬,国民宿舎 波戸Cape
8418,雲仙小地獄温泉 青雲荘,Unzen小地獄Hot Spring 青雲荘
8419,RVパークsmart島原城,RVParksmart島原Castle
8420,道の駅 たちばな,Roadside Station たちばな
8421,奈留島の江上集落,奈留島の江上集落
8422,溶岩道路旧道,溶岩道路旧道
8423,番匠川水系地下水の揚水,番匠 River水系地下水の揚水
8424,頭ヶ島の集落,頭ヶ島の集落
8425,小浦集会所駐車場,小浦集会所Parking Area
8426,福江港ターミナル有料駐車場,福江Port Terminal Paid Parking Area
8427,リファレンス銅座パーク（立体駐車場）,リファレンス銅座Park（立体Parking Area）
8428,長崎のもざき恐竜パーク駐車場,Nagasakiのもざき恐竜Park Parking Area
8429,臨港駐車場（有料駐車場）,臨Port Parking Area（Paid Parking Area）
8430,コインパーキング,Coin Parking
8431,塚原名水 霧島神社の名水,塚原Famous Spring Kirishima Shrine Famous Spring
8432,宮川滝の口（若宮八幡社）,宮 River Waterfallの口（若宮八幡社）
8433,清水瀑園,Shimizu瀑園
8434,吉野ヶ里遺跡,Yoshinoヶ里遺跡
8435,青の洞門,青の洞門
8436,多賀山公園,多賀山Park
8437,道の駅 耶馬トピア,Roadside Station 耶馬トピア
8438,八女市矢部村矢部分署手前 無料駐車場,八女市矢部村矢部分署手前 Free Parking Area
8439,石橋記念公園,石橋記念Park
8440,"香珠子五島椿物産館（<font color=""#ff0000"">夜間トイレ無し</font>）",香珠子五島椿Local Products Center（夜間No Restroom）
8441,みなと公園,Port Park
8442,池山水源 駐車場,Pond山水源 Parking Area
8443,無料自然湧水所,Free自然Natural Spring所
8444,岩川湧水,岩 River Natural Spring
8445,脊振山駐車場,脊振山Parking Area
8446,屋久島 無料駐車場とトイレ,Yakushima Free Parking AreaとRestroom
8447,白谷雲水峡,白谷雲水峡
8448,湯泊温泉 駐車場,湯泊Hot Spring Parking Area
8449,国見ヶ丘展望台,国見ヶ丘Observation Deck
8450,宮崎臨海公園,Miyazaki Waterfront Park
8451,南部マザーパーク,南部マザーPark
8452,鷹島肥前大橋展望広場,鷹島肥前大橋展望Plaza
8453,朧大橋 駐車場,朧大橋 Parking Area
8454,亀川ダム駐車場,亀 River Dam Parking Area
8455,観音の池公園,観音のPond Park
8456,高速船乗場 駐車場（屋久島）,高速船乗場 Parking Area（Yakushima）
8457,鎌原の水,鎌原 Spring Water
8458,蛍の郷の天然水,蛍 no Sato Natural水
8459,天神之水,天神之水
8460,資さんうどん 本店,資さんうどん Main Store
8461,久木山公園駐車場,久木山Park Parking Area
8462,胡月,胡月
8463,万太郎清水,万太郎Shimizu
8464,和菓子処 茶郎本舗 水汲み場,和菓子処 茶郎本舗 水汲み場
8465,道の駅 うしぶか海彩館,Roadside Station うしぶか海彩館
8466,"（<font color=""#ff0000"">夜間トイレ無し</font>）福江空港駐車場",（夜間No Restroom）福江空Port Parking Area
8467,湯らり,湯らり
8468,福連木官山の水,福連木官山 Spring Water
8469,東郷神社 御神水,東郷Shrine 御神水
8470,本店鉄なべ（黒崎）,Main Store鉄なべ（黒崎）
8471,警固神社 御神水,警固Shrine 御神水
8472,牧のうどん 加布里本店,牧のうどん 加布里Main Store
8473,豊町の湧水,豊町のNatural Spring
8474,調音の滝の湧水,調音のWaterfall Natural Spring
8475,東筑軒 折尾本社売店,東筑軒 折尾本社売店
8476,びっくり亭本家,びっくり亭本家
8477,大浜公園,大Beach Park
8478,串良平和公園,串良平和Park
8479,姶良なぎさ公園,姶良なぎさPark
8480,女神像公園,女神像Park
8481,飫肥城観光駐車場,飫肥Castle Sightseeing Parking Area
8482,道の駅 小石原,Roadside Station 小石原
8483,尾田の丸池 水汲み場,尾田の丸Pond 水汲み場
8484,池之原園地 西側駐車場,Pond之原Recreation Area West Side Parking Area
8485,志布志市営駐車場,志布志City-run Parking Area
8486,桜島SA,桜島SA
8487,鹿町温泉やすらぎ館,鹿町Hot Springやすらぎ館
8488,白川水源,白 River水源
8489,日向市役所駐車場,日向市役所Parking Area
8490,白良ヶ浜万葉公園駐車場,白良ヶBeach Manyo Park Parking Area
8491,高浜海水浴場 駐車場,高Beach Swimming Beach Parking Area
8492,通潤橋,通潤橋
8493,ハンドメイドキッチンOJ日田若宮店,ハンドメイドキッチンOJ日田若宮店
8494,繁敷ダム駐車場,繁敷Dam Parking Area
8495,道の駅 原鶴 バサロ,Roadside Station 原鶴 バサロ
8496,富江緑地公園駐車場,富江Green Space Park Parking Area
8497,道の駅 川辺やすらぎの郷,Roadside Station River辺やすらぎ no Sato
8498,さんさん富江キャンプ村駐車場,さんさん富江キャンプ村Parking Area
8499,万葉垂綸石公園,Manyo垂綸石Park
8500,道の駅 清和文楽邑,Roadside Station 清和文楽邑
8501,道の駅 通潤橋,Roadside Station 通潤橋
8502,脊振の湧水,脊振のNatural Spring
8503,あげじゅう湧水,あげじゅうNatural Spring
8504,岩井高地地下深層水,岩井高地地下深層水
8505,湯の水公園販売所,湯 Spring Water Park販売所
8506,水の口湧水,水の口Natural Spring
8507,渡半島集団施設地区第1駐車場,渡Peninsula集団施設地区#1Parking Area
8508,川部精肉店,River部精肉店
8509,池之原園地,Pond之原Recreation Area
8510,綾南川土手上トイレ（ウォシュレット）,綾南 River土手上Restroom（ウォシュレット）
8511,宝幸水,宝幸水
8512,老岳湧き水,老岳湧き水
8513,子授けの湧水,子授けのNatural Spring
8514,荒崎展望公園,荒崎Scenic Park
8515,新田原展望広場,新田原展望Plaza
8516,基山の名水,基山のFamous Spring
8517,湯乃原天満社,湯乃原天満社
8518,長崎鼻駐車場（花とぴあ山川イベントパーク）,Nagasaki鼻Parking Area（花とぴあ山 RiverイベントPark）
8519,西町湧水,西町Natural Spring
8520,長崎平和公園,Nagasaki平和Park
8521,薬師如来像湧き水,薬師如来像湧き水
8522,島原千本木湧水,島原千本木Natural Spring
8523,深海川水汲場,深海 River水汲場
8524,轟渓流（轟峡岩清水）,轟渓流（轟峡岩Shimizu）
8525,大島大橋公園,大島大橋Park
8526,リンガーハット 長崎宿町店,リンガーハット Nagasaki宿町店
8527,道の駅 さいかい,Roadside Station さいかい
8528,道の駅 くにみ,Roadside Station くにみ
8529,（夜間閉鎖）21世紀の森公園駐車場,（Night Closure）21st Century Forest Park Parking Area
8530,道の駅 許田,Roadside Station 許田
8531,延岡駅前駐車場,延岡Station Front Parking Area
8532,備瀬崎（有料駐車場）,備瀬崎（Paid Parking Area）
8533,道の駅 小国,Roadside Station 小国
8534,"（<font color=""#ff0000"">トイレ無し</font>）綾町体育館",（No Restroom）綾町体育館
8535,大瀬崎灯台第二展望台駐車場,大瀬崎灯台第二Observation Deck Parking Area
8536,日向岬 グリーン パーク,日向Cape Green Park
8537,七ッ岳登山口駐車場,七ッ岳登Yamaguchi Parking Area
8538,清水湧水,Shimizu Natural Spring
8539,海の駅あやはし館,Sea 駅あやはし館
8540,道の駅 豊崎,Roadside Station 豊崎
8541,溝辺PA,溝辺PA
8542,道の駅 厳木,Roadside Station 厳木
8543,道の駅 鷹ら島,Roadside Station 鷹ら島
8544,（夜間閉鎖＆トイレも閉鎖）東平尾公園 陸上競技場駐車場,（Night Closure＆Restroomも閉鎖）東平尾Park 陸上競技場Parking Area
8545,京嶽公園駐車場,京嶽Park Parking Area
8546,大浜高崎公園西口駐車場,大Beach高崎Park西口Parking Area
8547,山吹水源,山吹水源
8548,尾立展望台,尾立Observation Deck
8549,道の駅 うきは,Roadside Station うきは
8550,霧島山麓丸池湧水 駐車場,Kirishima Foot of Mountain丸Pond Natural Spring Parking Area
8551,岩屋湧水,岩屋Natural Spring
8552,名水水飲み場,Famous Spring水飲み場
8553,鬼岳駐車場,鬼岳Parking Area
8554,二丈パーキングエリア,二丈パーKing Area
8555,粟嶋公園,粟嶋Park
8556,泉水湧水（竹田湧水群）,泉水Natural Spring（竹田Natural Spring群）
8557,塩井湧水（竹田湧水群）,塩井Natural Spring（竹田Natural Spring群）
8558,蓮光寺湧水,蓮光Temple Natural Spring
8559,温所湧水,温所Natural Spring
8560,くじゅう一番水,くじゅう一番水
8561,豊前の名水,豊前のFamous Spring
8562,神城谷湧水,神Castle谷Natural Spring
8563,宇田姫神社湧水,宇田姫Shrine Natural Spring
8564,本耶馬渓今行の水汲み場,本耶馬渓今行 Spring Water汲み場
8565,願い水,願い水
8566,猪牟田霊水,猪牟田霊水
8567,人見名水,人見Famous Spring
8568,久土の名水,久土のFamous Spring
8569,桑畑湧水,桑畑Natural Spring
8570,観音の水,観音 Spring Water
8571,くずろ谷湧水,くずろ谷Natural Spring
8572,丸山生活改善センター前の湧水,丸山生活改善Center前のNatural Spring
8573,岡城址駐車場,岡Castle址Parking Area
8574,金賞コロッケ,金賞コロッケ
8575,吉野鶏めし保存会,Yoshino鶏めし保存会
8576,グローバルタワー,グローバルタワー
8577,大浜高崎公園東口駐車場,大Beach高崎Park東口Parking Area
8578,特別史跡公園西都原古墳群駐車場（姫塚）,特別史跡Park西都原古墳群Parking Area（姫塚）
8579,特別史跡公園西都原古墳群駐車場,特別史跡Park西都原古墳群Parking Area
8580,（トイレ遠い）春日市役所駐車場,（Restroom遠い）春日市役所Parking Area
8581,貝津港駐車場,貝津Port Parking Area
8582,知覧特攻平和会館,知覧特攻平和会館
8583,水神池水汲み場,水神Pond水汲み場
8584,錦原運動公園,錦原Sports Park
8585,中津からあげ 総本家 もり山 三光本店,中津からあげ 総本家 もり山 三光Main Store
8586,中無田熊野座神社の銘水,中無田Kumano座Shrineの銘水
8587,日ポみなと公園駐車場,日ポPort Park Parking Area
8588,拾六町PA（上下あり）福岡前原道路 福岡側料金所P,拾六町PA（上下Available）Fukuoka前原道路 Fukuoka側料金所P
8589,わかさ公園駐車場,わかさPark Parking Area
8590,道の駅 生月大橋,Roadside Station 生月大橋
8591,清水の恵,Shimizuの恵
8592,無料駐車場（五島市）,Free Parking Area（五島市）
8593,"<font color=""#ff0000"">（トイレの有無不明）</font>長崎港 県営駐車場",（Restroomの有無不明）Nagasaki Port 県営Parking Area
8594,三井楽港 港湾作業スペース,三井楽Port Port湾作業スペース
8595,小倉の名水「岩盤水」,小倉のFamous Spring「岩盤水」
8596,柏原の名水「岩盤水」,柏原のFamous Spring「岩盤水」
8597,須恵の名水,須恵のFamous Spring
8598,井野山の岩盤水,井野山の岩盤水
8599,春日の銘水,春日の銘水
8600,桜丘の名水,桜丘のFamous Spring
8601,阿蘇山,Aso山
8602,沖縄美ら海水族館,Okinawa美ら海Aquarium
8603,太宰府天満宮,太宰府天満宮
8604,"（<font color=""#ff0000"">夏以外トイレ無し</font>）宮の浜海水浴場",（夏以外No Restroom）宮のBeach Swimming Beach
8605,九重“夢”大吊橋,九重“夢”大吊橋
8606,小津留湧水（水の駅おづる）,小津留Natural Spring（水の駅おづる）
8607,道の駅 せせらぎ郷かみつえ,Roadside Station Stream郷かみつえ
8608,出の山湧水 泉姫神社,出の山Natural Spring 泉姫Shrine
8609,経塚名水,経塚Famous Spring
8610,仙寿の森 湧水公園,仙寿 Forest Natural Spring Park
8611,お酒ひろばの天然水,お酒ひろばのNatural水
8612,長寿の水,長寿 Spring Water
8613,道の駅 たちばな,Roadside Station たちばな
8614,ひぜんや大杉活力水,ひぜんや大杉活力水
8615,須恵PA,須恵PA
8616,山江SA,山江SA
8617,佐伯弥生PA,佐伯弥生PA
8618,ローソン 鳥栖ＧＬＰ,ローソン 鳥栖ＧＬＰ
8619,焼山湧水,焼山Natural Spring
8620,城岳展望台駐車場,Castle岳Observation Deck Parking Area
8621,針尾公園,針尾Park
8622,出水駅西口第一駐車場,出水駅西口No.1Parking Area
8623,湯らっくす,湯らっくす
8624,しんわの泉,しんわの泉
8625,道の駅 いんない,Roadside Station いんない
8626,五島市中央公園 駐車場 （A駐車場）,五島市Central Park Parking Area （AParking Area）
8627,白山川 洞窟の天然水（稲積水中鍾乳洞）,白山 River 洞窟のNatural水（稲積水中鍾乳洞）
8628,喜志鹿崎灯台駐車場,喜志鹿崎灯台Parking Area
8629,門倉岬駐車場,門倉Cape Parking Area
8630,白滝公園,Shirataki Park
8631,ふれあいパーク屋久島,Community Park Yakushima
8632,佐多岬公園駐車場,佐多Cape Park Parking Area
8633,立田山憩いの森（車中泊はお控え下さいの貼り紙）,立田山憩い Forest（Car Overnightはお控え下さいの貼り紙）
8634,地元の方は「ホタルの里」と呼んでいる場所,地元の方は「ホタル no Sato」と呼んでいる場所
8635,仁王堂水,仁王堂水
8636,山重水源,山重水源
8637,沢目記の湧水,沢目記のNatural Spring
8638,甲突川枝流の水,甲突 River枝流 Spring Water
8639,出水酒造の仕込み水,出水酒造の仕込み水
8640,荒川登山口 屋久島,荒 River登Yamaguchi Yakushima
8641,ざぼんラーメン 与次郎店,ざぼんRamen 与次郎店
8642,"（<font color=""#ff0000"">トイレ無し</font>）コインランドリー福江駐車場",（No Restroom）コインLandリー福江Parking Area
8643,多郎島海水浴場駐車場,多郎島Swimming Beach Parking Area
8644,あなぶきパーク出島,あなぶきPark出島
8645,道の駅 山川港活お海道,Roadside Station 山 River Port活お海道
8646,手簑マザーパーク,手簑マザーPark
8647,志高名水,志高Famous Spring
8648,三瀬トンネル有料道路休憩所,三瀬トンネルPaid道路休憩所
8649,指宿市営陸上競技場,Ibusuki City-run陸上競技場
8650,遙拝八の字広場（無料キャンプ場）,遙拝八の字Plaza（Free Campground）
8651,藤原来々軒,藤原来々軒
8652,川内野の湧き水,River内野の湧き水
8653,野元の湧き水,野元の湧き水
8654,みやきの名水,みやきのFamous Spring
8655,からつバーガー 唐津地区·松原本店,からつバーガー 唐津地区·松原Main Store
8656,臼杵市 「市営下屋敷前駐車場 」,臼杵 City 「City-run下屋敷前Parking Area 」
8657,道の駅 都城NiQLL,Roadside Station 都Castle Ni QLL
8658,恵の水,恵 Spring Water
8659,おいしい仙人田の水,おいしい仙人田 Spring Water
8660,七郎次水源,七郎次水源
8661,奥八女日向神郷 清水屋湧水,奥八女日向神郷 Shimizu屋Natural Spring
8662,城山名水,Castle山Famous Spring
8663,太閤水,太閤水
8664,如見水源,如見水源
8665,招福の水,招福 Spring Water
8666,万年の水,万年 Spring Water
8667,ダムの駅富士しゃくなげの里 天然地下水,Damの駅Fujiしゃくなげ no Sato Natural地下水
8668,おちゃっさんの水,おちゃっさん Spring Water
8669,地蔵さんの水,地蔵さん Spring Water
8670,大口酒造第二蒸留所 水汲み場,大口酒造第二蒸留所 水汲み場
8671,塩井社湧水,塩井社Natural Spring
8672,上洗川神社の湧水,上洗 River Shrine Natural Spring
8673,妙見神水,妙見神水
8674,旬菜舎さと山 山神の水,旬菜舎さと山 山神 Spring Water
8675,祓川湧水,祓 River Natural Spring
8676,生目様湧水,生目様Natural Spring
8677,大山水天宮美晴名水,Daisen水天宮美晴Famous Spring
8678,日田名水源流水,日田Famous Spring源流水
8679,井崎憩いの広場,井崎憩いのPlaza
8680,飯田駐車場,Iida Parking Area
8681,博多の名水,博多のFamous Spring
8682,庵ノ迫名水,庵ノ迫Famous Spring
8683,天女ヶ倉公園駐車場（無料キャンプ場）,天女ヶ倉Park Parking Area（Free Campground）
8684,高森町湧水館,高森町Natural Spring館
8685,荒木共同温泉,荒木共同Hot Spring
8686,雷山観音登山口駐車場,雷山観音登Yamaguchi Parking Area
8687,江里山の甘露水,江里山の甘露水
8688,大津みなと公園,Otsu Port Park
8689,福江大津みなと公園,福江Otsu Port Park
8690,津志田河川自然公園 乙女河原,津志田 River River Nature Park 乙女 River原
8691,"（<font color=""#ff0000"">夏以外トイレ無し</font>）舅ケ島海水浴場",（夏以外No Restroom）舅ケ島Swimming Beach
8692,岐宿水ノ浦憩いの広場,岐宿水ノ浦憩いのPlaza
8693,高崎漁港公園駐車場,高崎Fishing Port Park Parking Area
8694,大宝憩いの広場駐車場・トイレ,大宝憩いのPlaza Parking Area・Restroom
8695,天地山公園 駐車場,天地山Park Parking Area
8696,丸木緑地公園駐車場,丸木Green Space Park Parking Area
8697,"（<font color=""#ff0000"">トイレ無し</font>）金山サクラ アジサイ園",（No Restroom）金山サクラ アジサイ園
8698,鍋山の湯、鍋山温泉（別府三秘湯）,鍋山 Hot Bath、鍋山Hot Spring（Beppu三秘湯）
8699,小侍PA,小Samurai PA
8700,佐用の湧水,佐用のNatural Spring
8701,坂本八幡宮,坂本八幡宮
8702,鳥羽院の名水,Toba院のFamous Spring
8703,山之口SA,山之口SA
8704,熊本城,Kumamoto Castle
8705,さくらの雫,Sakuraの雫
8706,立岩水源,立岩水源
8707,岳間水汲み場（小川内水汲み場）,岳間水汲み場（小 River内水汲み場）
8708,妙見宮の名水,妙見宮のFamous Spring
8709,ここのみ坂湧水,ここのみ坂Natural Spring
8710,峠の岩清水,Passの岩Shimizu
8711,茂ヶ野水源（茂賀野水源）,茂ヶ野水源（茂賀野水源）
8712,ちょぼ焼き 末広,ちょぼ焼き 末広
8713,阿蘇恵みの水,Aso恵み Spring Water
8714,味千ラーメン 本店,味千Ramen Main Store
8715,下園妙見様湧水,下園妙見様Natural Spring
8716,南京千両,南京千両
8717,小田瀬戸口公園,小田瀬戸口Park
8718,金印ドッグ（やすらぎ丸）,金印ドッグ（やすらぎ丸）
8719,"（<font color=""#ff0000"">トイレ無し</font>）荒川港駐車場",（No Restroom）荒 River Port Parking Area
8720,長者の泉,長者の泉
8721,頓泊園地駐車場,頓泊Recreation Area Parking Area
8722,道の駅 せせらぎ郷かみつえ,Roadside Station Stream郷かみつえ
8723,満願寺温泉 川湯,満願Temple Hot Spring River湯
8724,志布志市運動公園,志布志市Sports Park
8725,尾鈴山湧水,尾鈴山Natural Spring
8726,出の山湧水 水汲み場,出の山Natural Spring 水汲み場
8727,辛麺屋桝元本店,辛麺屋桝元Main Store
8728,栄養軒,栄養軒
8729,唐津シーサイド温泉,唐津シーSide Hot Spring
8730,ポケットパークはだかた,ポケットParkはだかた
8731,霧島山麓 丸池湧水 水汲み場,Kirishima Foot of Mountain 丸Pond Natural Spring 水汲み場
8732,"（<font color=""#ff0000"">夜間トイレ無し</font>）鐙瀬ビジターセンター 西駐車場",（夜間No Restroom）鐙瀬ビジターCenter 西Parking Area
8733,浜田海浜駐車場,Beach田Seaside Parking Area
8734,回廊パーク「サンセットビュー能野」,回廊Park「サンセットビュー能野」
8735,坂井公園駐車場,坂井Park Parking Area
8736,道の駅 さかもと,Roadside Station さかもと
8737,湯の水水源,湯 Spring Water水源
8738,吉無田水源,吉無田水源
8739,蛍が泉,蛍が泉
8740,千石自噴水,千石自噴水
8741,お菓子の菊家 工場直売店,お菓子の菊家 工場直売店
8742,求菩提山 登山口駐車場,求菩提山 登Yamaguchi Parking Area
8743,ひめゆりの塔,ひめゆりの塔
8744,別所駐車場,別所Parking Area
8745,ほっとふっと１０５,ほっとふっと１０５
8746,池之原園地 雲仙ゴルフ場隣,Pond之原Recreation Area Unzenゴルフ場隣
8747,長湯温泉飲泉場コロナダ,長湯Hot Spring飲泉場コロナダ
8748,船小屋鉱泉場,船小屋鉱泉場
8749,おさるのかご屋 駐車場,おさるのかご屋 Parking Area
8750,大口酒造本社工場 水汲み場,大口酒造本社工場 水汲み場
8751,綾川湧水群（綾手づくりほんものセンター）,綾 River Natural Spring群（綾手づくりほんものCenter）
8752,ポケットパーク湧水（役犬原地区湧泉群）,ポケットPark Natural Spring（役犬原地区湧泉群）
8753,恵美之江展望公園駐車場,恵美之江Scenic Park Parking Area
8754,長谷展望公園駐車場,長谷Scenic Park Parking Area
8755,九重連山伏流水,九重連山伏流水
8756,もつ鍋 やましょう 博多本店,もつ鍋 やましょう 博多Main Store
8757,甲佐町 やな場駐車場,甲佐-cho やな場Parking Area
8758,辞本涯の碑 駐車場,辞本涯の碑 Parking Area
8759,海上自衛隊鹿屋航空基地資料館,海上自衛隊鹿屋航空基地資料館
8760,ホテルニューオオタニ博多の斜め前駐車場(パーキング一楽),Hotelニューオオタニ博多の斜め前Parking Area(パーKing一楽)
8761,川南PA,River南PA
8762,吉志PA（下り側にシャワー、8：00-20：00）,吉志PA（下り側にシャワー、8：00-20：00）
8763,山田SA,山田SA
8764,北熊本SA,北Kumamoto SA
8765,広川SA,広 River SA
8766,めかりPA,めかりPA
8767,曽木の滝公園駐車場,曽木のWaterfall Park Parking Area
8768,水の駅おずる,水の駅おずる
8769,雲仙多良シーライン休憩所,Unzen多良シーライン休憩所
8770,牧場の公園,Ranch Park
8771,俗称：サザエのつぼ焼き売店駐車場（佐賀県唐津市 波戸岬海水浴場東側の駐車場）,俗称：サザエのつぼ焼き売店Parking Area（Saga県唐津 City 波戸Cape Swimming Beach East Side Parking Area）
8772,富岡海域公園展望所（熊本県天草 富岡城址近くの駐車場）,富岡海域Park展望所（Kumamoto県天草 富岡Castle址近くのParking Area）
8773,黄牛の滝駐車場,黄牛のWaterfall Parking Area
8774,道の駅 夕陽が丘そとめ,Roadside Station 夕陽が丘そとめ
8775,"（<font color=""#ff0000"">トイレ無し</font>）間伏集落",（No Restroom）間伏集落
8776,佐多岬第２駐車場,佐多Cape第２Parking Area
8777,道の駅 ゆいゆい国頭,Roadside Station ゆいゆい国頭
8778,道の駅 かでな,Roadside Station かでな
8779,道の駅 おおぎみ,Roadside Station おおぎみ
8780,ふれあい広場,Community Plaza
8781,道の駅 樋脇,Roadside Station 樋脇
8782,"（<font color=""#ff0000"">トイレ無し</font>）中須川河川公園",（No Restroom）中Sukawa River River Park
8783,佐々町観光情報センター,佐々町Sightseeing情報Center
8784,西海橋公園駐車場,西海橋Park Parking Area
8785,米塚下園地 駐車場,米塚下Recreation Area Parking Area
8786,出水市ツル観察センター駐車場,出水市ツル観察Center Parking Area
8787,宮津海遊公園,宮津海遊Park
8788,綾手づくりほんものセンター駐車場,綾手づくりほんものCenter Parking Area
8789,津屋崎 水産高校前漁港駐車場,津屋崎 水産高校前Fishing Port Parking Area
8790,さんさん元気らんど,さんさん元気らんど
8791,由布岳PA,由布岳PA
8792,水分PA,水分PA
8793,大分松岡PA,Oita松岡PA
8794,萩尾PA,萩尾PA
8795,一ツ葉PA（上下）,一ツ葉PA（上下）
8796,キングタコス 金武本店,Kingタコス 金武Main Store
8797,奈留港ターミナル駐車場,奈留Port Terminal Parking Area
8798,道の駅 松浦海のふるさと館,Roadside Station 松浦Sea Hometown館
8799,桜門湧水,桜門Natural Spring
8800,島原湧水群「柏野湧水」,島原Natural Spring群「柏野Natural Spring」
8801,さんさん富江キャンプ村付近です(朝焼けの写真です),さんさん富江キャンプ村付近です(朝焼けの写真です)
8802,玖珠SA,玖珠SA
8803,道の駅 崎津（﨑津）,Roadside Station 崎津（﨑津）
8804,"浜田海水浴場駐車場（<font color=""#ff0000"">夏以外トイレ閉鎖</font>）",Beach田Swimming Beach Parking Area（夏以外Restroom閉鎖）
8805,大瀬崎灯台展望台駐車場（第一展望台第一駐車場）,大瀬崎灯台Observation Deck Parking Area（No.1Observation Deck No.1Parking Area）
8806,"（<font color=""#ff0000"">トイレの有無不明</font>）半泊",（Restroomの有無不明）半泊
8807,回天大神訓練基地記念公園,回天大神訓練基地記念Park
8808,住吉ふれあい公園,住吉Community Park
8809,"（<font color=""#ff0000"">トイレ無し</font>）倭寇漁港の防波堤",（No Restroom）倭寇Fishing Portの防波堤
8810,白岩温泉家族風呂,白岩Hot Spring家族風呂
8811,無料駐車場とトイレ,Free Parking AreaとRestroom
8812,かまえインターパーク海べの市,かまえInterchange Park海べの City
8813,道の駅 鹿島,Roadside Station 鹿島
8814,弁当のヒライ阿蘇防中店,弁当のヒライAso防中店
8815,長崎鼻灯台公園,Nagasaki鼻灯台Park
8816,二代目清美食堂,二代目清美Diner
8817,"（<font color=""#ff0000"">トイレ無し</font>）戸楽漁港",（No Restroom）戸楽Fishing Port
8818,RVパークたかざきがある駐車場,RVParkたかざきがあるParking Area
8819,平谷物産直売所 第二駐車場,平谷物産直売所 第二Parking Area
8820,門司港レトロ,門司Portレトロ
8821,道の駅 おおやま,Roadside Station おおやま
8822,道の駅 遣唐使ふるさと館,Roadside Station 遣唐使Hometown館
8823,久留米 游心の湯,久留米 游心 Hot Bath
8824,水巻天然温泉 いちょうの湯,水巻Natural Hot Spring いちょう Hot Bath
8825,筑紫の湯,筑紫 Hot Bath
8826,佐賀大和温泉ホテルアマンディ,Saga大和Hot Spring Hotelアマンディ
8827,パビリオ 曽根の湯,パビリオ 曽根 Hot Bath
8828,スーパー銭湯 花の湯,スーパーPublic Bath 花 Hot Bath
8829,稲佐山温泉 ふくの湯,稲佐山Hot Spring ふく Hot Bath
8830,ふくの湯 花畑店,ふく Hot Bath 花畑店
8831,うずしお温泉,うずしおHot Spring
8832,ふくの湯 早良店,ふく Hot Bath 早良店
8833,ふくの湯 春日店,ふく Hot Bath 春日店
8834,八幡天然温泉 シーサイドスパ,八幡Natural Hot Spring シーSide Spa
8835,伊都の湯どころ,伊都 Hot Bathどころ
8836,嘉島湯元 水春,嘉島湯元 水春
8837,天然温泉 大村 ゆの華,Natural Hot Spring 大-mura ゆの華
8838,湯月,湯月
8839,ペルラの湯舟,ペルラ Hot Bath舟
8840,鏡山温泉茶屋,鏡山Hot Spring茶屋
8841,荒尾温泉 ドリームの湯,荒尾Hot Spring ドリーム Hot Bath
8842,ハウステンボス温泉,ハウステンボスHot Spring
8843,極楽湯 宮崎店,Gokurakuyu Miyazaki店
8844,安国駐車場（福岡天神での車中泊）,安国Parking Area（Fukuoka天神でのCar Overnight）
8845,なごみ温泉 やすらぎの湯,なごみHot Spring やすらぎ Hot Bath
8846,いずみの湯,いずみ Hot Bath
8847,桜湯,桜湯
8848,健康ランド みかさの湯,Health Land みかさ Hot Bath
8849,湯の迫温泉 大平楽 ひとの港太平樂,湯の迫Hot Spring 大平楽 ひとのPort太平樂
8850,ECOSPA（エコスパ）佐世保 ひゃく年の湯,ECOSPA（エコSpa）佐世保 ひゃく年 Hot Bath
8851,ばってんの湯,ばってん Hot Bath
8852,スーパー銭湯 さくら温泉,スーパーPublic Bath Sakura Hot Spring
8853,下大谷温泉 大谷の湯,下大谷Hot Spring 大谷 Hot Bath
8854,SPA HOTEL YUTTARIKAN（東郷温泉ゆったり館）,SPA HOTEL YUTTARIKAN（東郷Hot Springゆったり館）
8855,神崎温泉 天海の湯,神崎Hot Spring 天Sea 湯
8856,鴛野温泉 はなまるの湯,鴛野Hot Spring はなまる Hot Bath
8857,天然温泉 卑弥呼ロマンの湯,Natural Hot Spring 卑弥呼ロマン Hot Bath
8858,満天の湯（総合保健福祉センター「あすてらす」）,満天 Hot Bath（総合保健福祉Center「あすてらす」）
8859,日当山温泉 花の湯,日当山Hot Spring 花 Hot Bath
8860,のんのこ温水センター,のんのこ温水Center
8861,いいもり月の丘温泉,いいもり月 Hill Hot Spring
8862,天然温泉 天の川,Natural Hot Spring 天の River
8863,鹿児島温泉 時之栖,Kagoshima Hot Spring 時之栖
8864,みょうばんの湯,みょうばん Hot Bath
8865,つる乃湯 八代店,つる乃湯 八代店
8866,大分森町温泉 やまなみの湯,Oita森町Hot Spring やまなみ Hot Bath
8867,おおいた温泉物語 三川の湯,おおいたHot Spring物語 三 River Hot Bath
8868,ラスパたかざき,ラSpaたかざき
8869,市来ふれあい温泉センター,市来Community Hot Spring Center
8870,西彼保健福祉センター 遊湯館,西彼保健福祉Center 遊湯館
8871,綾町役場隣の市場前地下水,綾町役場隣のMarket前地下水
8872,下之湯公衆浴場,下之湯公衆Bathhouse
8873,上之湯公衆浴場,上之湯公衆Bathhouse
8874,鹿屋海浜公園駐車場,鹿屋Seaside Park Parking Area
8875,魚津ヶ崎公園駐車場,魚津ヶ崎Park Parking Area
8876,マックスバリュ門司西,マックスバリュ門司西
8877,黒川温泉新駐車場,黒 River Hot Spring新Parking Area
8878,道の駅 長崎街道鈴田峠,Roadside Station Nagasaki街道鈴田Pass
8879,佐多岬海中公園・さたでい号待合所,佐多Cape海中Park・さたでい号待合所
8880,つくみん公園駐車場,つくみんPark Parking Area
8881,家島緑地,家島Green Space
8882,道の駅 太良,Roadside Station 太良
8883,鳴淵ダム 駐車場（西側）,鳴淵Dam Parking Area（West Side）
8884,見通し広場,見通しPlaza
8885,道の駅 うすい,Roadside Station うすい
8886,簡易パーキング鈴田峠,簡易パーKing鈴田Pass
8887,道の駅 筑前みなみの里,Roadside Station 筑前みなみ no Sato
8888,対馬グリーンパーク,対馬Green Park
8889,筒城浜ふれいあい広場,筒Castle BeachふれいあいPlaza
8890,漁火公園,漁火Park
8891,伊王島灯台公園,伊王島灯台Park
8892,道路公園,道路Park
8893,（※トイレが使用不可の可能性あり）長崎 水の庭園,（※Restroomが使用不可の可能性Available）Nagasaki 水の庭園
8894,ひょうたん池駐車場,ひょうたんPond Parking Area
8895,大津展望台,Otsu Observation Deck
8896,鬼岳園地芝生広場駐車場,鬼岳Recreation Area芝生Plaza Parking Area
8897,出水麓武家屋敷群駐車場,出水麓武家屋敷群Parking Area
8898,道の駅 ひまわり（旧：道の駅 みずなし本陣）,Roadside Station ひまわり（旧：Roadside Station みずNone本陣）
8899,平野台親水公園,平野台Waterfront Park
8900,展海峰展望台,展海峰Observation Deck
8901,日田天領水の里元気の駅駐車場 元氣の駅,日田天領水 no Sato元気の駅Parking Area 元氣の駅
8902,杉乃井ホテル 棚湯,杉乃井Hotel 棚湯
8903,大牟田天然温泉 最高の湯,大牟田Natural Hot Spring 最高 Hot Bath
8904,筑紫野天拝の郷 天拝の湯,筑紫野天拝 no Sato 天拝 Hot Bath
8905,ヒナタの杜 小戸の湯どころ,ヒナタ Grove 小戸 Hot Bathどころ
8906,みなと温泉 波葉の湯,Port Hot Spring 波葉 Hot Bath
8907,コロナの湯小倉店,コロナ Hot Bath小倉店
8908,照葉スパリゾート門司店,照葉Spa Resort門司店
8909,佐賀の湯処 こもれび,Saga Hot Bath処 こもれび
8910,本城天然温泉おとぎの杜,本Castle Natural Hot Springおとぎ Grove
8911,道の駅 大和,Roadside Station 大和
8912,道の駅 歓遊舎ひこさん,Roadside Station 歓遊舎ひこさん
8913,パビリオ 日明の湯,パビリオ 日明 Hot Bath
8914,菊南温泉スパリゾートあがんなっせ,菊南Hot Spring Spa Resortあがんなっせ
8915,泉都の湯,泉都 Hot Bath
8916,網田海岸公園(夕景の名所),網田Coast Park(夕景の名所)
8917,紙与パーキング店屋町（立体駐車場）,紙与パーKing店屋-cho（立体Parking Area）
8918,神の島公園,神の島Park
8919,霧島裂罅水,Kirishima裂罅水
8920,古代の泉,古代の泉
8921,石合公園,石合Park
8922,牧ノ戸峠無料駐車場,牧ノ戸Pass Free Parking Area
8923,手野の名水,手野のFamous Spring
8924,福の神地蔵水汲み処（古来湧水）,福の神地蔵水汲み処（古来Natural Spring）
8925,"（※<font color=""#ff0000"">車中泊お断りの看板</font>）阿蘇市農村公園あぴか",（※Car Overnightお断りの看板）Aso City Rural Parkあぴか
8926,区営鰻温泉（指宿市）,区営鰻Hot Spring（Ibusuki City）
8927,高千穂鉄道吾味駅跡,高千穂鉄道吾味駅跡
8928,道の駅 童話の里くす,Roadside Station 童話 no Satoくす
8929,ゆふいん 束ノ間（旧：庄屋の館）,ゆふいん 束ノ間（旧：庄屋の館）
8930,道の駅 吉野ヶ里,Roadside Station Yoshinoヶ里
8931,ここにトイレ,ここにRestroom
8932,姫松屋,姫松屋
8933,からあげ太閤,からあげ太閤
8934,唐津 虹の松原海岸,唐津 虹の松原Coast
8935,道の駅 そよ風パーク,Roadside Station そよ風Park
8936,RVパークsmart ネッツトヨタ福岡 新八女インター店,RVParksmart ネッツトヨタFukuoka 新八女Interchange店
8937,からあげ 聖林（ハリウッド） 本店,からあげ 聖林（ハリウッド） Main Store
8938,天草の崎津集落,天草の崎津集落
8939,天神公園,天神Park
8940,長田鉱泉場,長田鉱泉場
8941,直方PA,直方PA
8942,鍋冠山展望台,鍋冠山Observation Deck
8943,島原湧水群「速魚川の湧水」,島原Natural Spring群「速魚 River Natural Spring」
8944,はげの湯温泉 くぬぎ湯（車中泊は禁止）,はげ Hot Bath Hot Spring くぬぎ湯（Car Overnightは禁止）
8945,皿山公園,皿山Park
8946,長井浜公園,長井Beach Park
8947,やんばる海の駅,やんばるSea 駅
8948,夢見が丘霧島キッチン,夢見が丘Kirishimaキッチン
8949,一本松公園（昭和の森 ）（キャンプ場）,一本松Park（Showa Forest ）（Campground）
8950,道の駅 おおの,Roadside Station おおの
8951,明礬温泉明礬 湯の里,明礬Hot Spring明礬 湯 no Sato
8952,えびの高原駐車場（昼は有料駐車場）,えびのHighland Parking Area（昼はPaid Parking Area）
8953,中城PA,中Castle PA
8954,道の駅 竹田,Roadside Station 竹田
8955,河宇田湧水（竹田湧水群）,River宇田Natural Spring（竹田Natural Spring群）
8956,竹田（岡城阯）,竹田（岡Castle阯）
8957,天草生うに本舗 丸健水産,天草生うに本舗 丸健水産
8958,岡本屋 売店,岡本屋 売店
8959,江口蓬莱館,江口蓬莱館
8960,脱出し辛い傾斜はここ,脱出し辛い傾斜はここ
8961,託麻PA,託麻PA
8962,カントリーキッチン,カントリーキッチン
8963,大砲ラーメン 本店,大砲Ramen Main Store
8964,白水鉱泉,白水鉱泉
8965,東洋軒,東洋軒
8966,道の駅 あさじ,Roadside Station あさじ
8967,大浦天主堂（ダブル役満）,大浦天主堂（ダブル役満）
8968,麻生釣温泉 亀山の湯（車中泊は有料）,麻生釣Hot Spring 亀山 Hot Bath（Car OvernightはPaid）
8969,（夜間、一部閉鎖）道の駅 吉野ケ里,（夜間、一部閉鎖）Roadside Station Yoshinoケ里
8970,国見が丘,国見が丘
8971,井手ちゃんぽん 本店,井手ちゃんぽん Main Store
8972,曽木の滝,曽木のWaterfall
8973,展海峰,展海峰
8974,石岳(いしだけ)展望台,石岳(いしだけ)Observation Deck
8975,展海峰,展海峰
8976,大観峰,大観峰
8977,馬が背,馬が背
8978,天ケ城運動公園,天ケCastle Sports Park
8979,川内高城温泉 町営共同湯,River内高Castle Hot Spring Town-run共同湯
8980,清武PA,清武PA
8981,山田湧水,山田Natural Spring
8982,関吉の疎水溝,関吉の疎水溝
8983,高島炭鉱,高島炭鉱
8984,三角西（旧）港,三角西（旧）Port
8985,三重津海軍所跡,三重津海軍所跡
8986,三菱長崎造船所旧木型場（長崎造船所 史料館）,三菱Nagasaki造船所旧木型場（Nagasaki造船所 史料館）
8987,寺山炭窯跡,Temple山炭窯跡
8988,小菅修船場跡,小菅修船場跡
8989,端島炭坑（軍艦島）,端島炭坑（軍艦島）
8990,官営八幡製鉄所,官営八幡製鉄所
8991,旧グラバー住宅,旧グラバー住宅
8992,遠賀川水源地ポンプ室,遠賀 River水源地ポンプ室
8993,三池炭鉱・三池港,三Pond炭鉱・三Pond Port
8994,旧集成館,旧集成館
8995,関門トンネル 門司側 入り口PA（上り側のみ）,関門トンネル 門司側 入り口PA（上り側のみ）
8996,籾山湧水,籾山Natural Spring
8997,垣花樋川,垣花樋 River
8998,縫ノ池の金妙水,縫ノPondの金妙水
8999,清水の湧水,Shimizu Natural Spring
9000,池山水源,Pond山水源
9001,松龍軒,松龍軒
9002,北九州都市高速４号線・富野PA（上りのみ）,北九州都市高速４号線・富野PA（上りのみ）
9003,ドライブイン鳥 伊万里本店,ドライブイン鳥 伊万里Main Store
9004,春日渓谷,春日Valley / Gorge
9005,大重谷水源,大重谷水源
9006,道の駅 やまくに,Roadside Station やまくに
9007,道の駅 ぎのざ,Roadside Station ぎのざ
9008,道の駅 有明 リップルランド,Roadside Station 有明 リップルLand
9009,道の駅 おおすみ弥五郎伝説の里,Roadside Station おおすみ弥五郎伝説 no Sato
9010,道の駅 大野温泉,Roadside Station 大野Hot Spring
9011,道の駅 喜入,Roadside Station 喜入
9012,道の駅 おおとう桜街道（DQNが騒ぐ場合あり）,Roadside Station おおとう桜街道（DQNが騒ぐ場合Available）
9013,道の駅 たるみず,Roadside Station たるみず
9014,川の駅 船小屋 恋ぼたる,Riverの駅 船小屋 恋ぼたる
9015,黒川温泉ふれあい広場駐車場,黒 River Hot Spring Community Plaza Parking Area
9016,お倉ヶ浜総合公園,お倉ヶBeach General Park
9017,轟水源,轟水源
9018,天文館むじゃき本店 白熊菓琲,天文館むじゃきMain Store 白熊菓琲
9019,A-Zのガソリンスタンドが安い,A-Zのガソリンスタンドが安い
9020,牧水公園,牧水Park
9021,指宿砂むし温泉 「砂むし会館 砂楽」,Ibusuki砂むしHot Spring 「砂むし会館 砂楽」
9022,みやこ屋,みやこ屋
9023,七城運動公園,七Castle Sports Park
9024,青葉公園,青葉Park
9025,大崎自然公園,大崎Nature Park
9026,宮崎市ストリートスポーツパーク,Miyazaki CityストリートSports Park
9027,心の杜 ふれあい多目的広場,心 Grove Community Multi-purpose Plaza
9028,生目の杜運動公園,生目 Grove Sports Park
9029,平和台公園,平和台Park
9030,蓮ヶ池史跡公園,蓮ヶPond史跡Park
9031,しいだアグリパーク,しいだアグリPark
9032,門川海浜総合公園駐車場,門 River Seaside General Park Parking Area
9033,山川PA,山 River PA
9034,山ん城温泉 ここに封鎖ゲート,山んCastle Hot Spring ここに封鎖ゲート
9035,皿倉山,皿倉山
9036,有村展望台,有村Observation Deck
9037,城山展望台,Castle山Observation Deck
9038,市房ダム湖駐車場,市房Dam Lake Parking Area
9039,西都原古墳公園,西都原古墳Park
9040,母智丘公園（宮崎）,母智丘Park（Miyazaki）
9041,湯の児チェリーライン（熊本）,湯の児チェリーライン（Kumamoto）
9042,忠元公園（鹿児島）,忠元Park（Kagoshima）
9043,大村公園（長崎）,大村Park（Nagasaki）
9044,西公園（福岡県）（福岡）,西Park（Fukuoka県）（Fukuoka）
9045,小城公園（佐賀）,小Castle Park（Saga）
9046,市房ダム（熊本）,市房Dam（Kumamoto）
9047,国指定史跡 岡城跡（大分）,国指定史跡 岡Castle跡（Oita）
9048,熊本城（熊本）,Kumamoto Castle（Kumamoto）
9049,坂本PA,坂本PA
9050,マックスバリュ吉崎,マックスバリュ吉崎
9051,快活CLUB 板付店,Kaikatsu CLUB 板付店
9052,快活CLUB 佐世保大塔店,Kaikatsu CLUB 佐世保大塔店
9053,快活CLUB 福岡行橋店,Kaikatsu CLUB Fukuoka行橋店
9054,時代屋,時代屋
9055,佐世保バーガー発祥の店 ヒカリ,佐世保バーガー発祥の店 ヒカリ
9056,Kaya,Kaya
9057,弓張岳展望台,弓張岳Observation Deck
9058,石岳展望台,石岳Observation Deck
9059,炭焼ハンバーグ 牛船,炭焼ハンバーグ 牛船
9060,黒島の集落,黒島の集落
9061,ゴンドーシャロレーオートキャンプ場,ゴンドーシャロレーAuto Campground
9062,黒川温泉山みず木,黒 River Hot Spring山みず木
9063,黒川温泉地蔵湯,黒 River Hot Spring地蔵湯
9064,道の駅 霧島,Roadside Station Kirishima
9065,高畑PA,高畑PA
9066,鏡坂公園 駐車場,鏡坂Park Parking Area
9067,高千穂峡,高千穂峡
9068,秋月城跡,秋月Castle跡
9069,一目八景駐車場,一目八景Parking Area
9070,九年庵（クネンアン）,九年庵（クネンアン）
9071,くじゅう連山一帯,くじゅう連山一帯
9072,はな阿蘇美 駐車場,はなAso美 Parking Area
9073,太平次公園 駐車場,太平次Park Parking Area
9074,玉名PA,玉名PA
9075,公衆トイレ,Public Restroom
9076,公園の駐車場,Park Parking Area
9077,五家荘（梅の木轟公園）,五家荘（梅の木轟Park）
9078,五家荘（せんだん轟の滝）,五家荘（せんだん轟のWaterfall）
9079,あおき温泉（久留米市）,あおきHot Spring（久留米市）
9080,原城跡,原Castle跡
9081,木下石油,木下石油
9082,多久西PA,多久西PA
9083,小城PA,小Castle PA
9084,道の駅 鯛生金山,Roadside Station 鯛生金山
9085,加勢の湯共同温泉 ※駐車場無し,加勢 Hot Bath共同Hot Spring ※Parking Area無し
9086,地魚料理 漁師の店 さんぺい,地魚料理 漁師の店 さんぺい
9087,釜あげうどん 重乃井,釜あげうどん 重乃井
9088,宮崎PA,Miyazaki PA
9089,久賀島の集落,久賀島の集落
9090,佐世保バーガーミサ ロッソ,佐世保バーガーミサ ロッソ
9091,江口浜 無料駐車場,江口Beach Free Parking Area
9092,血の池地獄 駐車場,血のPond地獄 Parking Area
9093,伊勢ヶ浜駐車場,IseヶBeach Parking Area
9094,（珍走軍団の集会場）風と星の広場,（珍走軍団の集会場）風と星のPlaza
9095,吉松PA,吉松PA
9096,菊池渓谷,菊Pond Valley / Gorge
9097,願いが叶うクルスの海,願いが叶うクルスの海
9098,駕与丁公園,駕与丁Park
9099,博多元気一杯!!,博多元気一杯!!
9100,蓬莱館の近くの無料駐車場,蓬莱館の近くのFree Parking Area
9101,道の駅 松山,Roadside Station Matsuyama
9102,道の駅 すえよし,Roadside Station すえよし
9103,無料駐車場とトイレ,Free Parking AreaとRestroom
9104,無料駐車場とトイレ,Free Parking AreaとRestroom
9105,道の駅 大津,Roadside Station Otsu
9106,平内海中温泉,平内海中Hot Spring
9107,志高湖キャンプ場（オートキャンプ可能）,志高Lake Campground（オートキャンプ可能）
9108,外海の大野集落,外Sea 大野集落
9109,外海の出津集落,外Sea 出津集落
9110,塩湯,塩湯
9111,志布志 しおかぜ公園,志布志 しおかぜPark
9112,長湯温泉 ガニ湯,長湯Hot Spring ガニ湯
9113,家族湯「新天降川温泉」,家族湯「新天降 River Hot Spring」
9114,古賀SA,古賀SA
9115,北九州都市高速４号線・山路PA（下りのみ）,北九州都市高速４号線・山路PA（下りのみ）
9116,相原PA（下りのみ）,相原PA（下りのみ）
9117,筌の口温泉（ウケノクチオンセン）山里の湯 天然炭酸泉,筌の口Hot Spring（ウケノクチオンセン）山里 Hot Bath Natural炭酸泉
9118,嬉野温泉 嬉泉館,嬉野Hot Spring 嬉泉館
9119,いちのいで会館,いちのいで会館
9120,杖立温泉 米屋別荘,杖立Hot Spring 米屋別荘
9121,筌の口温泉（ウケノクチオンセン）新清館,筌の口Hot Spring（ウケノクチオンセン）新清館
9122,華まき温泉,華まきHot Spring
9123,共同浴場 村之湯温泉,Public Bath 村之湯Hot Spring
9124,雲仙温泉 湯の里共同浴場,Unzen Hot Spring 湯 no Sato Public Bath
9125,小浜温泉、脇浜共同浴場,小Beach Hot Spring、脇Beach Public Bath
9126,寺尾野共同温泉,Temple尾野共同Hot Spring
9127,九重星生ホテル 山恵の湯,九重星生Hotel 山恵 Hot Bath
9128,みゆき公園,みゆきPark
9129,道の駅 たからべ,Roadside Station たからべ
9130,英彦山,英彦山
9131,雲仙温泉・小地獄温泉館,Unzen Hot Spring・小地獄Hot Spring館
9132,雲仙,Unzen
9133,別府国際観光港 第1駐車場,Beppu国際Sightseeing Port #1Parking Area
9134,不老水,不老水
9135,稲佐山,稲佐山
9136,無料駐車場と公衆トイレ,Free Parking AreaとPublic Restroom
9137,伊芸SA,伊芸SA
9138,鞍手PA,鞍手PA
9139,あか牛丼いわさき,あか牛丼いわさき
9140,いまきん,いまきん
9141,ユーパレス弁天,ユーパレス弁天
9142,直ちゃん,直ちゃん
9143,元祖中津からあげ もり山 万田本店,元祖中津からあげ もり山 万田Main Store
9144,浜崎海水浴場多目的駐車場,Beach崎Swimming Beach Multi-purpose Parking Area
9145,うどん平（2019年8月移転）,うどん平（2019年8月移転）
9146,稲積水中鍾乳洞,稲積水中鍾乳洞
9147,佐世保バーガー BigMan 上京町本店,佐世保バーガー Big Man 上京町Main Store
9148,別府国際観光港 第2・第3駐車場,Beppu国際Sightseeing Port #2・#3Parking Area
9149,岡垣PA,岡垣PA
9150,浜茶屋,Beach茶屋
9151,杖立温泉元湯共同浴場,杖立Hot Spring元湯Public Bath
9152,とりごえ温泉栖の宿,とりごえHot Spring栖の宿
9153,千寿温泉,千寿Hot Spring
9154,北的ヶ浜町温泉,北的ヶBeach-cho Hot Spring
9155,沖縄県県民の森オートキャンプ場,Okinawa県県民 Forest Auto Campground
9156,らーめん工房 龍,らーめん工房 龍
9157,とんかつ川久,とんかつ River久
9158,味のとんかつ 丸一,味のとんかつ 丸一
9159,勝烈亭 新市街本店,勝烈亭 新市街Main Store
9160,ツル茶ん,ツル茶ん
9161,キッチン丸山,キッチン丸山
9162,二代目 春蔵,二代目 春蔵
9163,川登SA,River登SA
9164,西条公園,西条Park
9165,国分PA,国分PA
9166,高千穂郷ツーリズム協会,高千穂郷ツーリズム協会
9167,鉄輪地獄公園駐車場,鉄輪地獄Park Parking Area
9168,無料駐車場,Free Parking Area
9169,ちゃんぽん発祥の店 四海楼,ちゃんぽん発祥の店 四海楼
9170,江山楼 中華街本店,江山楼 Chinese街Main Store
9171,香蘭,香蘭
9172,鹿児島ラーメン豚とろ 天文館本店,Kagoshima Ramen豚とろ 天文館Main Store
9173,おぐら本店,おぐらMain Store
9174,道の駅 国東,Roadside Station 国東
9175,今村PA,今村PA
9176,木場PA,木場PA
9177,これがトイレ,これがRestroom
9178,公衆トイレ,Public Restroom
9179,公衆トイレ,Public Restroom
9180,公衆トイレ,Public Restroom
9181,無料駐車スペースと公衆トイレ,Free駐車スペースとPublic Restroom
9182,道の駅 くるめ 臨時駐車場,Roadside Station くるめ 臨時Parking Area
9183,黒川荘,黒 River荘
9184,海沿いの駐車スペース,海沿いの駐車スペース
9185,坪井川緑地,坪井 River Green Space
9186,立ち入り禁止の看板,立ち入り禁止の看板
9187,長崎市民の森トイレ,Nagasaki City民 Forest Restroom
9188,鍋山の湯のバリケード,鍋山 Hot Bathのバリケード
9189,ここが転回場所,ここが転回場所
9190,道の駅 佐賀関,Roadside Station Saga関
9191,公衆トイレ,Public Restroom
9192,公衆トイレ,Public Restroom
9193,公衆トイレ,Public Restroom
9194,築城基地横の公園,築Castle基地横のPark
9195,無料駐車場,Free Parking Area
9196,道の駅 慈恩の滝くす,Roadside Station 慈恩のWaterfallくす
9197,旅館食堂 くりや,旅館Diner くりや
9198,ハウステンボス,ハウステンボス
9199,日向サンパークオートキャンプ場,日向サンPark Auto Campground
9200,えびの高原,えびのHighland
9201,えびのPA,えびのPA
9202,上村うなぎ屋,上村うなぎ屋
9203,堀越キャンプ場,堀越Campground
9204,福岡前原道路 前原料金所の小規模P,Fukuoka前原道路 前原料金所の小規模P
9205,山鹿温泉 末広旅館,山鹿Hot Spring 末広旅館
9206,今屋のハンバーガー 西公園本店,今屋のハンバーガー 西Park Main Store
9207,寿し政,寿し政
9208,RVパークsmart博多、RV1、RV2,RVParksmart博多、RV1、RV2
9209,今川PA,今 River PA
9210,道の駅 錦江にしきの里,Roadside Station 錦江にしき no Sato
9211,想夫恋（ソウフレン） 本店,想夫恋（ソウフレン） Main Store
9212,筑紫野温泉アマンディ,筑紫野Hot Springアマンディ
9213,佐賀ぽかぽか温泉,SagaぽかぽかHot Spring
9214,玉名温泉つかさの湯,玉名Hot Springつかさ Hot Bath
9215,若杉の湯,若杉 Hot Bath
9216,平谷温泉 山吹の湯,平谷Hot Spring 山吹 Hot Bath
9217,ひぜん祐徳温泉 宝乃湯,ひぜん祐徳Hot Spring 宝乃湯
9218,貴肌美人 緑の湯,貴肌美人 緑 Hot Bath
9219,七里田温泉 下湯,七里田Hot Spring 下湯
9220,はなの樹 RIVER TERRACE（旧：日田天領水の宿）,はなの樹 RIVER TERRACE（旧：日田天領水の宿）
9221,卜仙の郷,卜仙 no Sato
9222,龍神温泉 かやぜの湯（長崎）,Ryujin Hot Spring かやぜ Hot Bath（Nagasaki）
9223,休暇村志賀島天然温泉 金印の湯,休暇村志賀島Natural Hot Spring 金印 Hot Bath
9224,めいりんの湯,めいりん Hot Bath
9225,長湯温泉 御前湯,長湯Hot Spring 御前湯
9226,川の駅 船小屋 恋ぼたる 温泉館,Riverの駅 船小屋 恋ぼたる Hot Spring館
9227,寒の地獄旅館,寒の地獄旅館
9228,奥原鶴温泉 旅館とよとみ,奥原鶴Hot Spring 旅館とよとみ
9229,八面山金色温泉金色温泉館,八面山金色Hot Spring金色Hot Spring館
9230,瀬の本高原ホテル 絶景鼻の湯,瀬の本Highland Hotel 絶景鼻 Hot Bath
9231,ほうじょう温泉ふじ湯の里,ほうじょうHot Springふじ湯 no Sato
9232,天ヶ瀬温泉天ヶ瀬観光ホテル 成天閣,天ヶ瀬Hot Spring天ヶ瀬Sightseeing Hotel 成天閣
9233,別府鉄輪温泉やまなみの湯,Beppu鉄輪Hot Springやまなみ Hot Bath
9234,日田温泉 源泉屋（旧：夜明薬湯温泉）,日田Hot Spring 源泉屋（旧：夜明薬湯Hot Spring）
9235,岳の湯地獄谷温泉 天狗松 裕花,岳 Hot Bath地獄谷Hot Spring 天狗松 裕花
9236,鉱泉センター直川 かぶとむしの湯,鉱泉Center直 River かぶとむし Hot Bath
9237,塚原温泉火口乃泉,塚原Hot Spring火口乃泉
9238,天草市牛深温泉 やすらぎの湯,天草市牛深Hot Spring やすらぎ Hot Bath
9239,豊礼の湯,豊礼 Hot Bath
9240,南阿蘇 久木野温泉 四季の森,南Aso 久木野Hot Spring 四季 Forest
9241,天然温泉･大木の湯｢アクアス｣,Natural Hot Spring･大木 Hot Bath｢アクアス｣
9242,南阿蘇温泉 瑠璃,南Aso Hot Spring 瑠璃
9243,新湯温泉 新燃荘,新湯Hot Spring 新燃荘
9244,日之影温泉駅,日之影Hot Spring駅
9245,ボルべリアダクリ,ボルべリアダクリ
9246,道の駅 たるみずはまびら,Roadside Station たるみずはまびら
9247,道の駅 旭志,Roadside Station 旭志
9248,道の駅 なんごう,Roadside Station なんごう
9249,道の駅 かまえ,Roadside Station かまえ
9250,Ａ・Ｚはやと駐車場,Ａ・ＺはやとParking Area
9251,大徳湯,大徳湯
9252,西公園浴場,西Park Bathhouse
9253,まほろば温泉 菟狭,まほろばHot Spring 菟狭
9254,島原温泉 ゆとろぎの湯,島原Hot Spring ゆとろぎ Hot Bath
9255,南郷温泉どんタロの湯（山霧）,南郷Hot Springどんタロ Hot Bath（山霧）
9256,ヘルストピア延岡,ヘルストピア延岡
9257,星の温泉館きらら,星のHot Spring館きらら
9258,石峠レイクランド,石PassレイクLand
9259,深耶馬温泉館もみじの湯,深耶馬Hot Spring館もみじ Hot Bath
9260,佐土原温泉 石崎の杜歓鯨館 -ホエルカム,佐土原Hot Spring 石崎 Grove歓鯨館 -ホエルカム
9261,白鳥温泉 上湯,白鳥Hot Spring 上湯
9262,霧島湯之谷山荘,Kirishima湯之谷山荘
9263,武雄温泉 元湯,武雄Hot Spring 元湯
9264,さかもと温泉センター クレオン,さかもとHot Spring Center クレオン
9265,三加和温泉 なごみ乃湯,三加和Hot Spring なごみ乃湯
9266,みずほ温泉千年の湯,みずほHot Spring千年 Hot Bath
9267,天然温泉 雲仙よか湯,Natural Hot Spring Unzenよか湯
9268,天然温泉 慧華乃湯,Natural Hot Spring 慧華乃湯
9269,ラムネ温泉館,ラムネHot Spring館
9270,日奈久温泉 幸ヶ丘,日奈久Hot Spring 幸ヶ丘
9271,愛宕浜東駐車場,愛宕Beach東Parking Area
9272,天然温泉 ぬくもりの湯,Natural Hot Spring ぬくもり Hot Bath
9273,くしき野白浜温泉みすまるの湯,くしき野Shirahama Hot Springみすまる Hot Bath
9274,二日市温泉 博多湯,二日市Hot Spring 博多湯
9275,ピースフル優祐悠,ピースフル優祐悠
9276,枕崎なぎさ温泉,枕崎なぎさHot Spring
9277,まちなか温泉 幸福温泉 Happy you（都城）,まちなかHot Spring 幸福Hot Spring Happy you（都Castle）
9278,嬉野温泉シーボルトの湯,嬉野Hot Springシーボルト Hot Bath
9279,コミュニティセンター（潮湯）,コミュニティCenter（潮湯）
9280,蓬の郷,蓬 no Sato
9281,極上の湯 山田温泉（都城）,極上 Hot Bath 山田Hot Spring（都Castle）
9282,柳川温泉 南風️,柳 River Hot Spring 南風
9283,阿蘇坊中温泉夢の湯,Aso坊中Hot Spring夢 Hot Bath
9284,なかま温泉（中津市）,なかまHot Spring（中津市）
9285,いぶすき元湯温泉,いぶすき元湯Hot Spring
9286,七里田温泉館 木乃葉の湯,七里田Hot Spring館 木乃葉 Hot Bath
9287,とよみずの湯,とよみず Hot Bath
9288,平山温泉 元湯,平山Hot Spring 元湯
9289,汐湯（中津市）,汐湯（中津市）
9290,辰頭温泉,辰頭Hot Spring
9291,九重登山口 長者原ヘルスセンター,九重登Yamaguchi 長者原ヘルスCenter
9292,山鹿温泉 さくら湯,山鹿Hot Spring Sakura湯
9293,ねじめ温泉ネッピー館,ねじめHot Springネッピー館
9294,オアシス篠栗,オアシス篠栗
9295,しすいラドン温泉,しすいラドンHot Spring
9296,竹瓦温泉（※無料駐車場無し）,竹瓦Hot Spring（※Free Parking Area無し）
9297,吉田温泉 鹿の湯,吉田Hot Spring 鹿 Hot Bath
9298,堀田温泉,堀田Hot Spring
9299,柴石温泉,柴石Hot Spring
9300,芝居の湯,芝居 Hot Bath
9301,東峰村 保健福祉センターいずみ館,東峰-mura 保健福祉Centerいずみ館
9302,由布院温泉下ん湯 ※駐車場無し,Yufuin Hot Spring下ん湯 ※Parking Area無し
9303,人吉温泉 元湯,人吉Hot Spring 元湯
9304,別府温泉 不老泉,Beppu Hot Spring 不老泉
9305,熊入温泉センター,熊入Hot Spring Center
9306,御前湯,御前湯
9307,姶良市姶良高齢者福祉センター,姶良市姶良高齢者福祉Center
9308,別府海浜砂湯,Beppu Seaside砂湯
9309,RVパーク湯布院,RVPark湯布院
9310,ホテルフラッグス佐世保九十九島,Hotelフラッグス佐世保九十九島
9311,平戸公園,平戸Park
9312,タイムズ福岡県庁東,タイムズFukuoka県庁東
9313,Dパーキング 護国神社大濠公園南,DパーKing 護国Shrine大濠Park南
9314,（傾斜きつい）鉄輪地獄地帯公園有料駐車場,（傾斜きつい）鉄輪地獄地帯Park Paid Parking Area
9315,岩峠駐車場,岩Pass Parking Area
9316,観光案内所,Sightseeing案内所
9317,菖蒲谷池自然公園,菖蒲谷Pond Nature Park
9318,道の駅 伊万里「伊万里ふるさと村」,Roadside Station 伊万里「伊万里Hometown-mura」
9319,火之神（火の神）公園 無料キャンプ場,火之神（火の神）Park Free Campground
9320,道の駅 北浦,Roadside Station 北浦
9321,道の駅 北川はゆま,Roadside Station 北 Riverはゆま
9322,道の駅 原尻の滝,Roadside Station 原尻のWaterfall
9323,道の駅 えびの,Roadside Station えびの
9324,道の駅 みなまた,Roadside Station みなまた
9325,道の駅 くるめ,Roadside Station くるめ
9326,道の駅 七城メロンドーム,Roadside Station 七Castleメロンドーム
9327,道の駅 しんよしとみ,Roadside Station しんよしとみ
9328,道の駅 なかつ,Roadside Station なかつ
9329,道の駅 波野 神楽苑,Roadside Station 波野 神楽苑
9330,道の駅 きよかわ,Roadside Station きよかわ
9331,人吉市 村山公園,人吉 City 村山Park
9332,道の駅 たのうら,Roadside Station たのうら
9333,道の駅 いとだ,Roadside Station いとだ
9334,道の駅 のつはる,Roadside Station のつはる
9335,道の駅 たのうらら,Roadside Station たのうらら
9336,道の駅 日向,Roadside Station 日向
9337,道の駅 阿久根,Roadside Station 阿久根
9338,道の駅 やよい、弥生スポーツ公園,Roadside Station やよい、弥生Sports Park
9339,道の駅 子守唄の里五木,Roadside Station 子守唄 no Sato五木
9340,道の駅 水辺プラザかもと,Roadside Station 水辺Plazaかもと
9341,道の駅 阿蘇,Roadside Station Aso
9342,道の駅 ながゆ温泉,Roadside Station ながゆHot Spring
9343,道の駅 ゆ～ぱるのじり,Roadside Station ゆ～ぱるのじり
9344,道の駅 すごう,Roadside Station すごう
9345,道の駅 つの,Roadside Station つの
9346,道の駅 高岡ビタミン館,Roadside Station 高岡ビタミン館
9347,道の駅 うき,Roadside Station うき
9348,道の駅 おおき,Roadside Station おおき
9349,道の駅 芦北でこぽん,Roadside Station 芦北でこぽん
9350,道の駅 上天草さんぱーる,Roadside Station 上天草さんぱーる
9351,道の駅 宇土マリーナ,Roadside Station 宇土Marina
9352,道の駅 豊前おこしかけ,Roadside Station 豊前おこしかけ
9353,道の駅 ゆふいん,Roadside Station ゆふいん
9354,道の駅 不知火（暴走族あり）,Roadside Station 不知火（暴走族Available）
9355,鍋松原海岸（無料キャンプ場）,鍋松原Coast（Free Campground）
9356,[標高1037ｍ]長者原 無料駐車場,[標高1037ｍ]長者原 Free Parking Area
9357,草枕温泉てんすい,草枕Hot Springてんすい
9358,人吉城跡ふるさと歴史の広場、人吉城歴史館南駐車場,人吉Castle跡Hometown歴史のPlaza、人吉Castle歴史館南Parking Area
9359,三加和物産館、緑彩館前駐車場,三加和Local Products Center、緑彩館前Parking Area
9360,めいりん公園駐車場,めいりんPark Parking Area
9361,北郷町福祉ランド中央公園 いこいの広場、天然温泉 サンチェリーきたごう,北郷町福祉Land Central Park いこいのPlaza、Natural Hot Spring サンチェリーきたごう
9362,宇佐市総合運動場,宇佐市総合運動場
9363,道の駅 香春,Roadside Station 香春
9364,道の駅 あそ望の郷くぎの,Roadside Station あそ望 no Satoくぎの
9365,道の駅 きくすい、江田船山古墳公園,Roadside Station きくすい、江田船山古墳Park
9366,道の駅 すいかの里植木,Roadside Station すいか no Sato植木
9367,道の駅 むなかた️,Roadside Station むなかた
9368,道の駅 竹田️,Roadside Station 竹田
9369,道の駅 みやま,Roadside Station みやま
9370,道の駅 山内 黒髪の里,Roadside Station 山内 黒髪 no Sato
9371,道の駅 彼杵の荘,Roadside Station 彼杵の荘
9372,道の駅 秘境の郷いずみ,Roadside Station 秘境 no Satoいずみ
9373,道の駅 251（にーごーいち）いいもり じゃがーロード,Roadside Station 251（にーごーいち）いいもり じゃがーRoad
9374,道の駅 かみみね️,Roadside Station かみみね
9375,道の駅 美里 佐俣の湯️,Roadside Station 美里 佐俣 Hot Bath
9376,道の駅 東陽️,Roadside Station 東陽
9377,道の駅 おおむた 花ぷらす館,Roadside Station おおむた 花ぷらす館
9378,道の駅 させぼっくす９９,Roadside Station させぼっくす９９
9379,道の駅 うれしのまるく,Roadside Station うれしのまるく
9380,道の駅 しろいし️,Roadside Station しろいし
9381,別府タワー第２駐車場,Beppuタワー第２Parking Area
9382,柳川市地域観光物産公園、柳川温泉 南風️,柳 River City地域Sightseeing物産Park、柳 River Hot Spring 南風
9383,市営 熱の湯️前駐車場,City-run 熱 Hot Bath前Parking Area
9384,鳥栖市 鳥栖市民の森,鳥栖 City 鳥栖市民 Forest
9385,鶴寿泉,鶴寿泉
9386,道の駅 とくのしま,Roadside Station とくのしま
9387,熱の湯,熱 Hot Bath
9388,東湯,東湯
9389,瓜田ダム公園（トイレ利用不可の可能性あり）,瓜田Dam Park（Restroom利用不可の可能性Available）
9390,丸田池公園・糸島市役所 駐車場,丸田Pond Park・糸島市役所 Parking Area
9391,天然温泉 天神ゆの華,Natural Hot Spring 天神ゆの華
9392,道の駅 やんばるパイナップルの丘 安波,Roadside Station やんばるパイナップル Hill 安波
9393,皿倉山山頂駐車場,皿倉山Summit Parking Area
9394,道の駅 宮地岳かかしの里,Roadside Station 宮地岳かかし no Sato
9395,中川原公園（閉鎖）,中 River原Park（閉鎖）
9396,道の駅 サンライズひがし,Roadside Station サンライズひがし
9397,道の駅 天草市イルカセンター,Roadside Station 天草市イルカCenter
9398,津江温泉,津江Hot Spring
9399,上毛PA,上毛PA
9400,谷の湯,谷 Hot Bath
9401,浜田温泉,Beach田Hot Spring
9402,上原温泉,上原Hot Spring
9403,幸温泉,幸Hot Spring
9404,万年の湯,万年 Hot Bath
9405,壁湯共同温泉,壁湯共同Hot Spring
9406,黒川温泉 共同浴場 穴湯,黒 River Hot Spring Public Bath 穴湯
9407,湯布院ゆのつぼ温泉,湯布院ゆのつぼHot Spring
9408,共同浴場 乙丸温泉館（湯布院温泉）,Public Bath 乙丸Hot Spring館（湯布院Hot Spring）
9409,浜脇温泉（※駐車場は有料）,Beach脇Hot Spring（※Parking AreaはPaid）
9410,阿蘇市立一の宮温泉センター,Aso City立一の宮Hot Spring Center
9411,奴留湯温泉,奴留湯Hot Spring
9412,秀水湯 妙見指圧治療院,秀水湯 妙見指圧治療院
9413,後藤温泉（菊池市）,後藤Hot Spring（菊Pond City）
9414,亀沢共同浴場（えびの市）,亀沢Public Bath（えびの市）
9415,岡松温泉,岡松Hot Spring
9416,鶴の湯温泉（えびの市）,鶴 Hot Bath Hot Spring（えびの市）
9417,天然温泉 大阿蘇（大阿蘇温泉）（大阿蘇旅館の敷地内）,Natural Hot Spring 大Aso（大Aso Hot Spring）（大Aso旅館の敷地内）
9418,相良藩 願成寺温泉,相良藩 願成Temple Hot Spring
9419,日奈久温泉センター 本湯・ばんぺい湯,日奈久Hot Spring Center 本湯・ばんぺい湯
9420,地獄温泉清風荘,地獄Hot Spring清風荘
9421,コインパーキング,Coin Parking
9422,RVパーク高千穂,RVPark高千穂
9423,RVパーク風来望,RVPark風来望
9424,RVパークB＆B阿蘇,RVPark B＆BAso
9425,RVパーク サンライズビーチながい,RVPark サンライズBeachながい
9426,セイワRVパーク久留米東町,セイワRVPark久留米東-cho
9427,RVパーク 阿蘇マロンの樹,RVPark Asoマロンの樹
9428,RVパーク東市来こけけ,RVPark東市来こけけ
9429,RVパークたかざき,RVParkたかざき
9430,RVパークかどがわ,RVParkかどがわ
9431,高千穂駐車場,高千穂Parking Area
9432,コインパーキング,Coin Parking
9433,住吉公園横パーキング,住吉Park横パーKing
9434,天然温泉やまつばさ,Natural Hot Springやまつばさ
9435,上田の湯九日天温泉,Ueda Hot Bath九日天Hot Spring
9436,白木川内温泉：白木川内温泉山荘・旭屋旅館,白木 River内Hot Spring：白木 River内Hot Spring山荘・旭屋旅館
9437,浜児ヶ水区営温泉,Beach児ヶ水区営Hot Spring
9438,的ヶ浜駐車場,的ヶBeach Parking Area
9439,博多平和駐車場,博多平和Parking Area
9440,ひょうたん温泉,ひょうたんHot Spring
9441,競輪温泉 別府競輪場の敷地内にある温泉,競輪Hot Spring Beppu競輪場の敷地内にあるHot Spring
9442,仲哀の名水,仲哀のFamous Spring
9443,天然ラドン水 花尾の名水,Naturalラドン水 花尾のFamous Spring
9444,照葉スパリゾート,照葉Spa Resort
9445,大鶴温泉 夢想乃湯,大鶴Hot Spring 夢想乃湯
9446,古湯温泉元湯旅館 鶴霊泉（足元湧出）,古湯Hot Spring元湯旅館 鶴霊泉（足元湧出）
9447,赤川温泉 赤川荘,赤 River Hot Spring 赤 River荘
9448,若杉楽園キャンプ場,若杉楽園Campground
9449,博多 由布院・武雄温泉 万葉の湯,博多 Yufuin・武雄Hot Spring Manyo Hot Bath
9450,井上PA,井上PA
9451,大刀洗PA,大刀洗PA
9452,道の駅 いとまん,Roadside Station いとまん
9453,道の駅 きんぽう木花館,Roadside Station きんぽう木花館
9454,道の駅 とうごう,Roadside Station とうごう
9455,道の駅 みえ,Roadside Station みえ
9456,道の駅 宇目,Roadside Station 宇目
9457,道の駅 奄美大島住用,Roadside Station 奄美大島住用
9458,道の駅 喜名番所,Roadside Station 喜名番所
9459,道の駅 黒之瀬戸だんだん市場,Roadside Station 黒之瀬戸だんだんMarket
9460,道の駅 昆虫の里たびら,Roadside Station 昆虫 no Satoたびら
9461,道の駅 根占,Roadside Station 根占
9462,道の駅 桜島,Roadside Station 桜島
9463,道の駅 酒谷,Roadside Station 酒谷
9464,道の駅 青雲橋,Roadside Station 青雲橋
9465,道の駅 長島,Roadside Station 長島
9466,道の駅 田野,Roadside Station 田野
9467,"荻岳駐車場（※<font color=""#ff0000"">トイレ閉鎖の可能性あり</font>）",荻岳Parking Area（※Restroom閉鎖の可能性Available）
9468,荻岳展望所,荻岳展望所
9469,石山展望台,石山Observation Deck
9470,波照間島 星空観測タワー付近,波照間島 星空観測タワー付近
9471,五ヶ瀬ハイランドスキー場,五ヶ瀬ハイLandスキー場
9472,中小屋天文台近くの路肩,中小屋天文台近くの路肩
9473,やまなみハイウェイの路肩,やまなみハイウェイの路肩
9474,くじゅう花公園付近,くじゅう花Park付近
9475,直方オートキャンプ場,直方Auto Campground
9476,博多 長浜ラーメン 屋台街,博多 長Beach Ramen 屋台街
9477,農家レストラン べべんこ,農家Restaurant べべんこ
9478,タイムズ福岡城三の丸,タイムズFukuoka Castle三の丸
9479,北九州市 文化記念公園️,北九州 City 文化記念Park
9480,"別府市️ 上人ヶ浜公園駐車場<font color=""red""></font>",Beppu City 上人ヶBeach Park Parking Area
9481,市営 鉄輪温泉地区駐車場（トイレ遠い）,City-run 鉄輪Hot Spring地区Parking Area（Restroom遠い）
9482,"別府市️ 南立石公園駐車場<font color=""red""></font>",Beppu City 南立石Park Parking Area
9483,阿蘇山 月廻り公園,Aso山 月廻りPark
9484,阿蘇市 阿蘇火山噴煙駐車場、阿蘇 山上広場、阿蘇山噴煙展望公園,Aso City Aso火山噴煙Parking Area、Aso 山上Plaza、Aso山噴煙Scenic Park
9485,大村公園,大村Park
9486,鹿島市 蟻尾山公園,鹿島 City 蟻尾山Park
9487,小城市 ムツゴロウ公園、海遊ふれあいパーク,小Castle City ムツゴロウPark、海遊Community Park
9488,ふくどみマイランド公園,ふくどみマイLand Park
9489,道の駅 竜北,Roadside Station 竜北
9490,大村市 萱瀬ダム運動公園,大-mura City 萱瀬Dam Sports Park
9491,大村市 日岳公園,大-mura City 日岳Park
9492,山内中央公園,山内Central Park
9493,鹿島市観光駐車場,鹿島市Sightseeing Parking Area
9494,筑紫野市 天拝山歴史自然公園,筑紫野 City 天拝山歴史Nature Park
9495,佐世保市 新みなと駐車場️,佐世保 City 新Port Parking Area
9496,福岡市 長谷ダム記念公園,Fukuoka City 長谷Dam記念Park
9497,太宰府市 史跡地・多目的広場、坂本八幡宮️ 公衆トイレ,太宰府 City 史跡地・Multi-purpose Plaza、坂本八幡宮 Public Restroom
9498,佐世保市 弓張公園,佐世保 City 弓張Park
9499,但馬岳公園 駐車場,但馬岳Park Parking Area
9500,佐世保市 鵜渡越展望台,佐世保 City 鵜渡越Observation Deck
9501,佐世保市 隠居岳公園、隠居岳ウォーカーズパークキャンプ場,佐世保 City 隠居岳Park、隠居岳ウォーカーズPark Campground
9502,上月隈中央公園️,上月隈Central Park
9503,響灘緑地,響灘Green Space
9504,北斗の水くみ海浜公園,北斗 Spring WaterくみSeaside Park
9505,道の駅 泗水,Roadside Station 泗水
9506,とりごえ温泉 栖の宿 オートキャンプ場,とりごえHot Spring 栖の宿 Auto Campground
9507,ダイハツ九州スポーツパーク大貞,ダイハツ九州Sports Park大貞
9508,十文字原展望台,十文字原Observation Deck
9509,湯布院中央児童公園 公衆トイレ周辺のコインパーキング,湯布院Central児童Park Public Restroom Nearby Coin Parking
9510,由布岳登山口駐車場,由布岳登Yamaguchi Parking Area
9511,黒岩公園,黒岩Park
9512,響山地区公園,響山地区Park
9513,向山公園,向山Park
9514,行橋市 行橋総合公園️,行橋 City 行橋General Park
9515,人吉クラフトパーク石野公園 キャンプ場,人吉クラフトPark石野Park Campground
9516,鶴見霊園,鶴見霊園
9517,佐田京石登山口駐車場,佐田京石登Yamaguchi Parking Area
9518,えびの市 水辺の楽校,えびの City 水辺の楽校
9519,牛頭天王公園,牛頭天王Park
9520,宮崎みたま園,Miyazakiみたま園
9521,高鍋湿原無料駐車場,高鍋Wetlands Free Parking Area
9522,日向市 大王谷運動公園,日向 City 大王谷Sports Park
9523,別府市 火男火売神社駐車場、鶴見岳 登山口,Beppu City 火男火売Shrine Parking Area、鶴見岳 登Yamaguchi
9524,北浜公園 公衆トイレ 周辺のコインパーキング,北Beach Park Public Restroom Nearby Coin Parking
9525,合志市中央運動公園,合志市Central Sports Park
9526,大野城市 四王寺県民の森、大野城総合公園,大野Castle City 四王Temple県民 Forest、大野Castle General Park
9527,別府市明礬 山中の公衆トイレ,Beppu City明礬 山中のPublic Restroom
9528,大洲総合運動公園,大洲総合Sports Park
9529,臼杵石仏 駐車場,臼杵石仏 Parking Area
9530,宗像大社中津宮,宗像大社中津宮
9531,宗像大社辺津宮,宗像大社辺津宮
9532,新原・奴山古墳群,新原・奴山古墳群
9533,（※トイレが使用不可の可能性あり）県営常盤（南）駐車場,（※Restroomが使用不可の可能性Available）県営常盤（南）Parking Area
9534,樹芸の森 第二駐車場（宿泊キャンプ禁止）,樹芸 Forest 第二Parking Area（宿泊キャンプ禁止）
9535,山ん城温泉,山んCastle Hot Spring
9536,大川昇開橋温泉,大 River昇開橋Hot Spring
9537,優祐健康ランド,優祐Health Land
9538,屋久島,Yakushima
9539,琉球王国のグスク及び関連遺産群,琉球王国のグスク及び関連遺産群
9540,金立SA,金立SA
9541,宮原SA,宮原SA
9542,道の駅 錦,Roadside Station 錦
9543,地獄蒸し工房 鉄輪,地獄蒸し工房 鉄輪
9544,河太郎 呼子店,River太郎 呼子店
9545,関あじ関さば館,関あじ関さば館
9546,中国・四国,中国・四国